candidate_id,pose_file,receptor_file,docking_score,num_ligand_atoms,pocket_atom_count,min_protein_distance,close_contacts,unique_contact_residues,hbond_opportunity_pairs,hydrophobic_contacts,aromatic_contacts,polar_contacts,hard_clashes_lt_1_8A,electrostatic_favorable,electrostatic_unfavorable,electrostatic_score,hbond_score,hydrophobic_score,aromatic_score,contact_score,pocket_electronic_fit_score,pocket_fit_decision,contact_residues
CAND_69ce89568d,C:\Users\srira\Desktop\new_plan\EMD_V5_2_Hybrid\06_docking\v5_3_model_guided\poses\CAND_69ce89568d_vina_out.pdbqt,C:\Users\srira\Desktop\new_plan\EMD_V5_2_Hybrid\06_docking\receptor\jak2_prepared.pdbqt,-7.3,378,239,1.895,4076,32,27,275,80,500,0,3.174913,3.102701,0.665992,0.9,0.887097,0.909091,0.980751,0.844276,pass,ALA:A:880;ARG:A:938;ARG:A:980;ASN:A:859;ASN:A:981;ASP:A:939;ASP:A:976;ASP:A:994;GLN:A:853;GLN:A:854;GLU:A:1015;GLU:A:930;GLY:A:856;GLY:A:858;GLY:A:861;GLY:A:935;GLY:A:993;GLY:A:996;LEU:A:855;LEU:A:932;LEU:A:983;LYS:A:857;LYS:A:882;MET:A:929;PHE:A:860;PRO:A:933;SER:A:862;SER:A:936;TYR:A:931;TYR:A:934;VAL:A:863;VAL:A:911
CAND_d32750a6b3,C:\Users\srira\Desktop\new_plan\EMD_V5_2_Hybrid\06_docking\v5_3_model_guided\poses\CAND_d32750a6b3_vina_out.pdbqt,C:\Users\srira\Desktop\new_plan\EMD_V5_2_Hybrid\06_docking\receptor\jak2_prepared.pdbqt,-7.5,378,254,2.06,4045,33,36,237,63,471,0,2.909022,2.894823,0.661929,0.923077,0.871324,0.887324,0.980606,0.842312,pass,ALA:A:880;ARG:A:938;ARG:A:980;ASN:A:859;ASN:A:981;ASP:A:939;ASP:A:976;ASP:A:994;GLN:A:853;GLN:A:854;GLU:A:1015;GLU:A:930;GLY:A:856;GLY:A:858;GLY:A:861;GLY:A:935;GLY:A:993;GLY:A:996;LEU:A:855;LEU:A:932;LEU:A:983;LYS:A:857;LYS:A:882;LYS:A:943;MET:A:929;PHE:A:860;PRO:A:933;SER:A:862;SER:A:936;TYR:A:931;TYR:A:934;VAL:A:863;VAL:A:911
CAND_ee723190bd,C:\Users\srira\Desktop\new_plan\EMD_V5_2_Hybrid\06_docking\v5_3_model_guided\poses\CAND_ee723190bd_vina_out.pdbqt,C:\Users\srira\Desktop\new_plan\EMD_V5_2_Hybrid\06_docking\receptor\jak2_prepared.pdbqt,-8.2,405,272,1.892,4515,37,38,196,68,510,0,3.395478,3.291482,0.668107,0.926829,0.848485,0.894737,0.98259,0.841487,pass,ALA:A:880;ARG:A:938;ARG:A:980;ASN:A:859;ASN:A:981;ASP:A:939;ASP:A:976;ASP:A:994;GLN:A:853;GLN:A:854;GLU:A:1015;GLU:A:930;GLY:A:856;GLY:A:858;GLY:A:861;GLY:A:935;GLY:A:993;GLY:A:996;ILE:A:982;LEU:A:855;LEU:A:932;LEU:A:937;LEU:A:983;LEU:A:997;LYS:A:857;LYS:A:882;LYS:A:943;MET:A:929;PHE:A:860;PRO:A:933;SER:A:862;SER:A:936;TYR:A:931;TYR:A:934;TYR:A:940;VAL:A:863;VAL:A:911
CAND_8b6de06a0f,C:\Users\srira\Desktop\new_plan\EMD_V5_2_Hybrid\06_docking\v5_3_model_guided\poses\CAND_8b6de06a0f_vina_out.pdbqt,C:\Users\srira\Desktop\new_plan\EMD_V5_2_Hybrid\06_docking\receptor\jak2_prepared.pdbqt,-8.2,324,233,2.164,3866,31,30,266,46,461,0,3.01728,2.863287,0.670123,0.909091,0.883721,0.851852,0.979726,0.84073,pass,ALA:A:880;ARG:A:938;ARG:A:980;ASN:A:981;ASP:A:939;ASP:A:994;GLN:A:853;GLN:A:854;GLN:A:885;GLU:A:930;GLY:A:856;GLY:A:858;GLY:A:861;GLY:A:935;GLY:A:993;ILE:A:982;LEU:A:855;LEU:A:932;LEU:A:983;LYS:A:857;LYS:A:882;LYS:A:943;MET:A:929;PHE:A:860;PRO:A:933;SER:A:862;SER:A:936;TYR:A:931;TYR:A:934;VAL:A:863;VAL:A:911
CAND_4b65fa0278,C:\Users\srira\Desktop\new_plan\EMD_V5_2_Hybrid\06_docking\v5_3_model_guided\poses\CAND_4b65fa0278_vina_out.pdbqt,C:\Users\srira\Desktop\new_plan\EMD_V5_2_Hybrid\06_docking\receptor\jak2_prepared.pdbqt,-7.6,396,265,1.895,4129,33,39,217,49,511,0,3.236652,3.219712,0.66334,0.928571,0.861111,0.859649,0.980993,0.839102,pass,ALA:A:880;ARG:A:938;ARG:A:980;ASN:A:859;ASN:A:981;ASP:A:939;ASP:A:976;ASP:A:994;GLN:A:853;GLN:A:854;GLU:A:1015;GLU:A:930;GLY:A:856;GLY:A:858;GLY:A:861;GLY:A:935;GLY:A:993;GLY:A:996;LEU:A:855;LEU:A:932;LEU:A:983;LYS:A:857;LYS:A:882;LYS:A:943;MET:A:929;PHE:A:860;PRO:A:933;SER:A:862;SER:A:936;TYR:A:931;TYR:A:934;VAL:A:863;VAL:A:911
CAND_4ea78847f9,C:\Users\srira\Desktop\new_plan\EMD_V5_2_Hybrid\06_docking\v5_3_model_guided\poses\CAND_4ea78847f9_vina_out.pdbqt,C:\Users\srira\Desktop\new_plan\EMD_V5_2_Hybrid\06_docking\receptor\jak2_prepared.pdbqt,-8.5,315,251,1.891,3754,36,36,293,32,459,0,2.911205,2.880571,0.662863,0.923077,0.893293,0.8,0.979134,0.83796,pass,ALA:A:880;ARG:A:938;ARG:A:980;ASN:A:859;ASN:A:981;ASP:A:939;ASP:A:976;ASP:A:994;GLN:A:853;GLN:A:854;GLN:A:885;GLU:A:1015;GLU:A:930;GLY:A:856;GLY:A:858;GLY:A:861;GLY:A:935;GLY:A:993;GLY:A:996;ILE:A:982;LEU:A:855;LEU:A:932;LEU:A:983;LEU:A:997;LYS:A:857;LYS:A:882;MET:A:929;PHE:A:860;PHE:A:995;PRO:A:933;SER:A:862;SER:A:936;TYR:A:931;TYR:A:934;VAL:A:863;VAL:A:911
CAND_67e4c4c09b,C:\Users\srira\Desktop\new_plan\EMD_V5_2_Hybrid\06_docking\v5_3_model_guided\poses\CAND_67e4c4c09b_vina_out.pdbqt,C:\Users\srira\Desktop\new_plan\EMD_V5_2_Hybrid\06_docking\receptor\jak2_prepared.pdbqt,-8.3,333,252,2.184,3934,36,30,312,35,460,0,2.557029,2.500692,0.662931,0.909091,0.899135,0.813953,0.98007,0.837934,pass,ALA:A:880;ARG:A:938;ARG:A:980;ASN:A:859;ASN:A:981;ASP:A:939;ASP:A:976;ASP:A:994;GLN:A:853;GLN:A:854;GLU:A:1015;GLU:A:930;GLY:A:856;GLY:A:858;GLY:A:861;GLY:A:935;GLY:A:993;GLY:A:996;ILE:A:982;LEU:A:855;LEU:A:932;LEU:A:983;LEU:A:997;LYS:A:857;LYS:A:882;MET:A:929;PHE:A:860;PHE:A:995;PRO:A:933;SER:A:862;SER:A:936;TYR:A:931;TYR:A:934;VAL:A:863;VAL:A:911;VAL:A:984
CAND_38de1fc846,C:\Users\srira\Desktop\new_plan\EMD_V5_2_Hybrid\06_docking\v5_3_model_guided\poses\CAND_38de1fc846_vina_out.pdbqt,C:\Users\srira\Desktop\new_plan\EMD_V5_2_Hybrid\06_docking\receptor\jak2_prepared.pdbqt,-8.5,315,261,1.938,3606,35,38,290,28,434,0,2.864082,2.755691,0.667194,0.926829,0.892308,0.777778,0.978296,0.837423,pass,ALA:A:880;ARG:A:938;ARG:A:980;ASN:A:859;ASN:A:981;ASP:A:939;ASP:A:976;ASP:A:994;GLN:A:853;GLN:A:854;GLU:A:1015;GLU:A:930;GLY:A:856;GLY:A:858;GLY:A:861;GLY:A:935;GLY:A:993;GLY:A:996;ILE:A:982;LEU:A:855;LEU:A:932;LEU:A:983;LEU:A:997;LYS:A:857;LYS:A:882;LYS:A:943;MET:A:929;PHE:A:860;PRO:A:933;SER:A:862;SER:A:936;TYR:A:931;TYR:A:934;VAL:A:863;VAL:A:911
CAND_4e8257bdee,C:\Users\srira\Desktop\new_plan\EMD_V5_2_Hybrid\06_docking\v5_3_model_guided\poses\CAND_4e8257bdee_vina_out.pdbqt,C:\Users\srira\Desktop\new_plan\EMD_V5_2_Hybrid\06_docking\receptor\jak2_prepared.pdbqt,-8.3,351,259,1.954,4086,36,27,281,44,474,0,2.736286,2.703835,0.662234,0.9,0.889241,0.846154,0.980797,0.837293,pass,ALA:A:880;ARG:A:938;ARG:A:980;ASN:A:859;ASN:A:981;ASP:A:939;ASP:A:976;ASP:A:994;GLN:A:853;GLN:A:854;GLN:A:885;GLU:A:1015;GLU:A:930;GLY:A:856;GLY:A:858;GLY:A:861;GLY:A:935;GLY:A:993;GLY:A:996;ILE:A:982;LEU:A:855;LEU:A:932;LEU:A:983;LYS:A:857;LYS:A:882;LYS:A:943;MET:A:929;PHE:A:860;PRO:A:933;SER:A:862;SER:A:936;TYR:A:931;TYR:A:934;VAL:A:863;VAL:A:911;VAL:A:984
CAND_581788b33e,C:\Users\srira\Desktop\new_plan\EMD_V5_2_Hybrid\06_docking\v5_3_model_guided\poses\CAND_581788b33e_vina_out.pdbqt,C:\Users\srira\Desktop\new_plan\EMD_V5_2_Hybrid\06_docking\receptor\jak2_prepared.pdbqt,-7.1,378,276,1.971,4028,34,27,264,52,458,0,2.733179,2.747071,0.659456,0.9,0.882943,0.866667,0.980526,0.837197,pass,ALA:A:880;ARG:A:938;ARG:A:980;ASN:A:859;ASN:A:981;ASP:A:939;ASP:A:976;ASP:A:994;GLN:A:853;GLN:A:854;GLU:A:1015;GLU:A:930;GLY:A:856;GLY:A:858;GLY:A:861;GLY:A:935;GLY:A:993;GLY:A:996;ILE:A:982;LEU:A:855;LEU:A:932;LEU:A:983;LYS:A:857;LYS:A:882;LYS:A:943;MET:A:929;PHE:A:860;PRO:A:933;SER:A:862;SER:A:936;TYR:A:931;TYR:A:934;VAL:A:863;VAL:A:911
CAND_c9a78f3f99,C:\Users\srira\Desktop\new_plan\EMD_V5_2_Hybrid\06_docking\v5_3_model_guided\poses\CAND_c9a78f3f99_vina_out.pdbqt,C:\Users\srira\Desktop\new_plan\EMD_V5_2_Hybrid\06_docking\receptor\jak2_prepared.pdbqt,-7.9,360,266,1.825,3834,34,62,184,37,494,0,3.453538,3.397938,0.665884,0.953846,0.840183,0.822222,0.979561,0.836705,pass,ALA:A:880;ARG:A:938;ARG:A:980;ASN:A:859;ASN:A:981;ASP:A:939;ASP:A:976;ASP:A:994;GLN:A:853;GLN:A:854;GLU:A:1015;GLU:A:930;GLY:A:856;GLY:A:858;GLY:A:861;GLY:A:935;GLY:A:993;GLY:A:996;LEU:A:855;LEU:A:932;LEU:A:983;LYS:A:857;LYS:A:882;LYS:A:943;MET:A:929;PHE:A:860;PRO:A:933;SER:A:862;SER:A:936;TYR:A:931;TYR:A:934;VAL:A:863;VAL:A:911;VAL:A:984
CAND_5abda62ff8,C:\Users\srira\Desktop\new_plan\EMD_V5_2_Hybrid\06_docking\v5_3_model_guided\poses\CAND_5abda62ff8_vina_out.pdbqt,C:\Users\srira\Desktop\new_plan\EMD_V5_2_Hybrid\06_docking\receptor\jak2_prepared.pdbqt,-7.8,396,262,2.082,4059,33,34,186,65,456,0,2.869323,2.848598,0.662128,0.918919,0.841629,0.890411,0.980672,0.835923,pass,ALA:A:880;ARG:A:938;ARG:A:980;ASN:A:859;ASN:A:981;ASP:A:939;ASP:A:976;ASP:A:994;GLN:A:853;GLN:A:854;GLU:A:1015;GLU:A:930;GLY:A:856;GLY:A:858;GLY:A:861;GLY:A:935;GLY:A:993;GLY:A:996;LEU:A:855;LEU:A:932;LEU:A:983;LYS:A:857;LYS:A:882;LYS:A:943;MET:A:929;PHE:A:860;PRO:A:933;SER:A:862;SER:A:936;TYR:A:931;TYR:A:934;VAL:A:863;VAL:A:911
CAND_5c64fa89d0,C:\Users\srira\Desktop\new_plan\EMD_V5_2_Hybrid\06_docking\v5_3_model_guided\poses\CAND_5c64fa89d0_vina_out.pdbqt,C:\Users\srira\Desktop\new_plan\EMD_V5_2_Hybrid\06_docking\receptor\jak2_prepared.pdbqt,-7.4,378,245,1.985,4043,33,25,227,80,462,0,2.707024,2.779943,0.655824,0.892857,0.866412,0.909091,0.980597,0.83563,pass,ALA:A:880;ARG:A:938;ARG:A:980;ASN:A:859;ASN:A:981;ASP:A:939;ASP:A:976;ASP:A:994;GLN:A:853;GLN:A:854;GLU:A:1015;GLU:A:930;GLY:A:856;GLY:A:858;GLY:A:861;GLY:A:935;GLY:A:993;GLY:A:996;LEU:A:855;LEU:A:932;LEU:A:983;LYS:A:857;LYS:A:882;LYS:A:943;MET:A:929;PHE:A:860;PRO:A:933;SER:A:862;SER:A:936;TYR:A:931;TYR:A:934;VAL:A:863;VAL:A:911
CAND_d905c29100,C:\Users\srira\Desktop\new_plan\EMD_V5_2_Hybrid\06_docking\v5_3_model_guided\poses\CAND_d905c29100_vina_out.pdbqt,C:\Users\srira\Desktop\new_plan\EMD_V5_2_Hybrid\06_docking\receptor\jak2_prepared.pdbqt,-7.6,405,269,2.167,4224,35,35,173,78,456,0,2.974909,3.025984,0.658663,0.921053,0.831731,0.906977,0.981413,0.835136,pass,ALA:A:880;ARG:A:938;ARG:A:980;ASN:A:859;ASN:A:981;ASP:A:939;ASP:A:976;ASP:A:994;GLN:A:853;GLN:A:854;GLU:A:1015;GLU:A:930;GLY:A:856;GLY:A:858;GLY:A:861;GLY:A:935;GLY:A:993;GLY:A:996;LEU:A:855;LEU:A:932;LEU:A:983;LEU:A:997;LYS:A:857;LYS:A:882;LYS:A:943;MET:A:929;PHE:A:860;PHE:A:995;PRO:A:933;SER:A:862;SER:A:936;TYR:A:931;TYR:A:934;VAL:A:863;VAL:A:911
CAND_6e7e0ee6d7,C:\Users\srira\Desktop\new_plan\EMD_V5_2_Hybrid\06_docking\v5_3_model_guided\poses\CAND_6e7e0ee6d7_vina_out.pdbqt,C:\Users\srira\Desktop\new_plan\EMD_V5_2_Hybrid\06_docking\receptor\jak2_prepared.pdbqt,-8.2,396,285,1.946,4124,39,29,208,60,472,0,2.700741,2.715336,0.659234,0.90625,0.855967,0.882353,0.980971,0.834643,pass,ALA:A:880;ARG:A:938;ARG:A:980;ASN:A:859;ASN:A:981;ASP:A:939;ASP:A:976;ASP:A:994;GLN:A:853;GLN:A:854;GLU:A:1015;GLU:A:898;GLU:A:930;GLY:A:856;GLY:A:858;GLY:A:861;GLY:A:935;GLY:A:993;GLY:A:996;ILE:A:982;LEU:A:855;LEU:A:902;LEU:A:927;LEU:A:932;LEU:A:983;LYS:A:857;LYS:A:882;LYS:A:943;MET:A:929;PHE:A:860;PHE:A:995;PRO:A:933;SER:A:862;SER:A:936;THR:A:979;TYR:A:931;TYR:A:934;VAL:A:863;VAL:A:911
CAND_ffa2b05eef,C:\Users\srira\Desktop\new_plan\EMD_V5_2_Hybrid\06_docking\v5_3_model_guided\poses\CAND_ffa2b05eef_vina_out.pdbqt,C:\Users\srira\Desktop\new_plan\EMD_V5_2_Hybrid\06_docking\receptor\jak2_prepared.pdbqt,-8.6,315,263,2.152,3760,35,34,245,36,430,0,2.865073,2.912773,0.658247,0.918919,0.875,0.818182,0.979167,0.833909,pass,ALA:A:880;ARG:A:938;ARG:A:980;ASN:A:981;ASP:A:939;ASP:A:976;ASP:A:994;GLN:A:853;GLN:A:854;GLN:A:885;GLU:A:1015;GLU:A:930;GLY:A:856;GLY:A:858;GLY:A:861;GLY:A:935;GLY:A:993;GLY:A:996;ILE:A:982;LEU:A:855;LEU:A:932;LEU:A:983;LEU:A:997;LYS:A:857;LYS:A:882;MET:A:929;PHE:A:860;PRO:A:933;SER:A:862;SER:A:936;TYR:A:931;TYR:A:934;VAL:A:863;VAL:A:911;VAL:A:984
CAND_02bca8d718,C:\Users\srira\Desktop\new_plan\EMD_V5_2_Hybrid\06_docking\v5_3_model_guided\poses\CAND_02bca8d718_vina_out.pdbqt,C:\Users\srira\Desktop\new_plan\EMD_V5_2_Hybrid\06_docking\receptor\jak2_prepared.pdbqt,-8.5,315,250,1.834,3655,34,35,316,23,452,0,2.764483,2.693616,0.664659,0.921053,0.900285,0.741935,0.978581,0.833575,pass,ALA:A:880;ARG:A:938;ARG:A:980;ASN:A:859;ASN:A:981;ASP:A:939;ASP:A:976;ASP:A:994;GLN:A:853;GLN:A:854;GLU:A:1015;GLU:A:930;GLY:A:856;GLY:A:858;GLY:A:861;GLY:A:935;GLY:A:993;GLY:A:996;ILE:A:982;LEU:A:855;LEU:A:932;LEU:A:983;LYS:A:857;LYS:A:882;LYS:A:943;MET:A:929;PHE:A:860;PRO:A:933;SER:A:862;SER:A:936;TYR:A:931;TYR:A:934;VAL:A:863;VAL:A:911
CAND_91833501ec,C:\Users\srira\Desktop\new_plan\EMD_V5_2_Hybrid\06_docking\v5_3_model_guided\poses\CAND_91833501ec_vina_out.pdbqt,C:\Users\srira\Desktop\new_plan\EMD_V5_2_Hybrid\06_docking\receptor\jak2_prepared.pdbqt,-7.8,342,265,2.088,3966,36,35,357,22,456,0,2.525556,2.573932,0.656041,0.921053,0.910714,0.733333,0.980227,0.832545,pass,ALA:A:880;ARG:A:938;ARG:A:980;ASN:A:859;ASN:A:981;ASP:A:939;ASP:A:976;ASP:A:994;GLN:A:853;GLN:A:854;GLU:A:1015;GLU:A:930;GLY:A:856;GLY:A:858;GLY:A:861;GLY:A:935;GLY:A:993;GLY:A:996;ILE:A:982;LEU:A:855;LEU:A:932;LEU:A:983;LYS:A:857;LYS:A:882;LYS:A:943;MET:A:929;PHE:A:860;PHE:A:995;PRO:A:933;SER:A:862;SER:A:936;TYR:A:931;TYR:A:934;VAL:A:863;VAL:A:911;VAL:A:984
CAND_b7ff913a58,C:\Users\srira\Desktop\new_plan\EMD_V5_2_Hybrid\06_docking\v5_3_model_guided\poses\CAND_b7ff913a58_vina_out.pdbqt,C:\Users\srira\Desktop\new_plan\EMD_V5_2_Hybrid\06_docking\receptor\jak2_prepared.pdbqt,-8.3,333,266,2.168,3827,36,25,364,27,473,0,2.54641,2.529253,0.660347,0.892857,0.912281,0.771429,0.979524,0.832179,pass,ALA:A:880;ARG:A:938;ARG:A:980;ASN:A:859;ASN:A:981;ASP:A:939;ASP:A:976;ASP:A:994;GLN:A:853;GLN:A:854;GLU:A:1015;GLU:A:898;GLU:A:930;GLY:A:856;GLY:A:858;GLY:A:861;GLY:A:935;GLY:A:993;GLY:A:996;ILE:A:982;LEU:A:855;LEU:A:927;LEU:A:932;LEU:A:983;LYS:A:857;LYS:A:882;MET:A:929;PHE:A:860;PHE:A:995;PRO:A:933;SER:A:862;SER:A:936;TYR:A:931;TYR:A:934;VAL:A:863;VAL:A:911
CAND_ed05fcd36e,C:\Users\srira\Desktop\new_plan\EMD_V5_2_Hybrid\06_docking\v5_3_model_guided\poses\CAND_ed05fcd36e_vina_out.pdbqt,C:\Users\srira\Desktop\new_plan\EMD_V5_2_Hybrid\06_docking\receptor\jak2_prepared.pdbqt,-7.3,378,255,1.846,3978,34,23,189,81,445,0,2.652006,2.581738,0.664212,0.884615,0.84375,0.910112,0.980286,0.832005,pass,ALA:A:880;ARG:A:938;ARG:A:980;ASN:A:859;ASN:A:981;ASP:A:939;ASP:A:976;ASP:A:994;GLN:A:853;GLN:A:854;GLN:A:885;GLU:A:1015;GLU:A:930;GLY:A:856;GLY:A:858;GLY:A:861;GLY:A:935;GLY:A:993;GLY:A:996;LEU:A:855;LEU:A:932;LEU:A:983;LYS:A:857;LYS:A:882;LYS:A:943;MET:A:929;PHE:A:860;PRO:A:933;SER:A:862;SER:A:936;TYR:A:931;TYR:A:934;VAL:A:863;VAL:A:911
CAND_ce765fd66c,C:\Users\srira\Desktop\new_plan\EMD_V5_2_Hybrid\06_docking\v5_3_model_guided\poses\CAND_ce765fd66c_vina_out.pdbqt,C:\Users\srira\Desktop\new_plan\EMD_V5_2_Hybrid\06_docking\receptor\jak2_prepared.pdbqt,-7.8,396,280,2.14,4276,39,30,160,85,499,0,3.053386,3.065877,0.661101,0.909091,0.820513,0.913978,0.981635,0.831976,pass,ALA:A:880;ARG:A:938;ARG:A:980;ASN:A:859;ASN:A:981;ASP:A:939;ASP:A:976;ASP:A:994;GLN:A:853;GLN:A:854;GLU:A:1015;GLU:A:898;GLU:A:930;GLY:A:856;GLY:A:858;GLY:A:861;GLY:A:935;GLY:A:993;GLY:A:996;ILE:A:982;LEU:A:855;LEU:A:902;LEU:A:927;LEU:A:932;LEU:A:983;LEU:A:997;LYS:A:857;LYS:A:882;MET:A:929;PHE:A:860;PHE:A:995;PRO:A:933;SER:A:862;SER:A:936;TYR:A:931;TYR:A:934;VAL:A:863;VAL:A:911;VAL:A:984
CAND_a6e2aca7fb,C:\Users\srira\Desktop\new_plan\EMD_V5_2_Hybrid\06_docking\v5_3_model_guided\poses\CAND_a6e2aca7fb_vina_out.pdbqt,C:\Users\srira\Desktop\new_plan\EMD_V5_2_Hybrid\06_docking\receptor\jak2_prepared.pdbqt,-8.3,315,245,1.961,3472,34,29,289,28,404,0,2.599438,2.544073,0.663054,0.90625,0.891975,0.777778,0.977477,0.831835,pass,ALA:A:880;ARG:A:938;ARG:A:980;ASN:A:981;ASP:A:939;ASP:A:976;ASP:A:994;GLN:A:853;GLN:A:854;GLU:A:1015;GLU:A:930;GLY:A:856;GLY:A:858;GLY:A:861;GLY:A:935;GLY:A:993;GLY:A:996;LEU:A:855;LEU:A:932;LEU:A:983;LYS:A:857;LYS:A:882;LYS:A:943;MET:A:929;PHE:A:860;PHE:A:995;PRO:A:933;SER:A:862;SER:A:936;TYR:A:931;TYR:A:934;VAL:A:863;VAL:A:911;VAL:A:984
CAND_72609efe2c,C:\Users\srira\Desktop\new_plan\EMD_V5_2_Hybrid\06_docking\v5_3_model_guided\poses\CAND_72609efe2c_vina_out.pdbqt,C:\Users\srira\Desktop\new_plan\EMD_V5_2_Hybrid\06_docking\receptor\jak2_prepared.pdbqt,-7.4,378,269,2.109,3989,34,25,162,96,462,0,3.006503,2.931767,0.665657,0.892857,0.822335,0.923077,0.980339,0.831111,pass,ALA:A:880;ARG:A:938;ARG:A:980;ASN:A:859;ASN:A:981;ASP:A:939;ASP:A:976;ASP:A:994;GLN:A:853;GLN:A:854;GLU:A:1015;GLU:A:930;GLY:A:856;GLY:A:858;GLY:A:861;GLY:A:935;GLY:A:993;GLY:A:996;ILE:A:982;LEU:A:855;LEU:A:932;LEU:A:983;LYS:A:857;LYS:A:882;LYS:A:943;MET:A:929;PHE:A:860;PRO:A:933;SER:A:862;SER:A:936;TYR:A:931;TYR:A:934;VAL:A:863;VAL:A:911
CAND_53308bee89,C:\Users\srira\Desktop\new_plan\EMD_V5_2_Hybrid\06_docking\v5_3_model_guided\poses\CAND_53308bee89_vina_out.pdbqt,C:\Users\srira\Desktop\new_plan\EMD_V5_2_Hybrid\06_docking\receptor\jak2_prepared.pdbqt,-8.0,333,248,1.85,3772,37,37,270,22,464,0,3.399197,3.340961,0.665874,0.925,0.885246,0.733333,0.979232,0.830991,pass,ALA:A:880;ARG:A:938;ARG:A:980;ASN:A:859;ASN:A:981;ASP:A:939;ASP:A:976;ASP:A:994;GLN:A:853;GLN:A:854;GLN:A:885;GLU:A:1015;GLU:A:930;GLY:A:856;GLY:A:858;GLY:A:861;GLY:A:935;GLY:A:993;GLY:A:996;ILE:A:982;LEU:A:855;LEU:A:932;LEU:A:983;LEU:A:997;LYS:A:857;LYS:A:882;LYS:A:943;MET:A:929;PHE:A:860;PHE:A:995;PRO:A:933;SER:A:862;SER:A:936;TYR:A:931;TYR:A:934;VAL:A:863;VAL:A:911
CAND_d4292dc600,C:\Users\srira\Desktop\new_plan\EMD_V5_2_Hybrid\06_docking\v5_3_model_guided\poses\CAND_d4292dc600_vina_out.pdbqt,C:\Users\srira\Desktop\new_plan\EMD_V5_2_Hybrid\06_docking\receptor\jak2_prepared.pdbqt,-8.6,324,256,2.098,3546,33,29,271,28,428,0,2.665377,2.605006,0.663644,0.90625,0.885621,0.777778,0.977937,0.830833,pass,ALA:A:880;ARG:A:938;ARG:A:980;ASN:A:981;ASP:A:939;ASP:A:994;GLN:A:853;GLN:A:854;GLU:A:1015;GLU:A:930;GLY:A:856;GLY:A:858;GLY:A:861;GLY:A:935;GLY:A:993;GLY:A:996;ILE:A:982;LEU:A:855;LEU:A:932;LEU:A:983;LYS:A:857;LYS:A:882;LYS:A:943;MET:A:929;PHE:A:995;PRO:A:933;SER:A:862;SER:A:936;TYR:A:931;TYR:A:934;VAL:A:863;VAL:A:911;VAL:A:984
CAND_1f4eb01ec0,C:\Users\srira\Desktop\new_plan\EMD_V5_2_Hybrid\06_docking\v5_3_model_guided\poses\CAND_1f4eb01ec0_vina_out.pdbqt,C:\Users\srira\Desktop\new_plan\EMD_V5_2_Hybrid\06_docking\receptor\jak2_prepared.pdbqt,-7.8,396,274,2.043,4048,36,21,276,41,449,0,2.494395,2.495522,0.658862,0.875,0.88746,0.836735,0.98062,0.829948,pass,ALA:A:880;ARG:A:938;ARG:A:980;ASN:A:859;ASN:A:981;ASP:A:939;ASP:A:976;ASP:A:994;GLN:A:853;GLN:A:854;GLU:A:1015;GLU:A:898;GLU:A:930;GLY:A:856;GLY:A:858;GLY:A:861;GLY:A:935;GLY:A:993;ILE:A:982;LEU:A:855;LEU:A:902;LEU:A:927;LEU:A:932;LEU:A:983;LYS:A:857;LYS:A:882;LYS:A:943;MET:A:929;PHE:A:995;PRO:A:933;SER:A:862;SER:A:936;TYR:A:931;VAL:A:863;VAL:A:911;VAL:A:984
CAND_a28891a72c,C:\Users\srira\Desktop\new_plan\EMD_V5_2_Hybrid\06_docking\v5_3_model_guided\poses\CAND_a28891a72c_vina_out.pdbqt,C:\Users\srira\Desktop\new_plan\EMD_V5_2_Hybrid\06_docking\receptor\jak2_prepared.pdbqt,-8.9,324,252,1.847,3753,37,29,254,28,441,0,2.669548,2.598098,0.664352,0.90625,0.878893,0.777778,0.979129,0.829938,pass,ALA:A:880;ARG:A:938;ARG:A:980;ASN:A:859;ASN:A:981;ASP:A:939;ASP:A:976;ASP:A:994;GLN:A:853;GLN:A:854;GLN:A:885;GLU:A:1015;GLU:A:930;GLY:A:856;GLY:A:858;GLY:A:861;GLY:A:935;GLY:A:993;GLY:A:996;ILE:A:982;LEU:A:855;LEU:A:932;LEU:A:983;LEU:A:997;LYS:A:857;LYS:A:882;MET:A:929;PHE:A:860;PHE:A:995;PRO:A:933;SER:A:862;SER:A:936;TYR:A:931;TYR:A:934;VAL:A:863;VAL:A:911;VAL:A:984
CAND_3fc0103e7e,C:\Users\srira\Desktop\new_plan\EMD_V5_2_Hybrid\06_docking\v5_3_model_guided\poses\CAND_3fc0103e7e_vina_out.pdbqt,C:\Users\srira\Desktop\new_plan\EMD_V5_2_Hybrid\06_docking\receptor\jak2_prepared.pdbqt,-8.0,405,260,1.904,4343,33,34,143,66,491,0,3.188541,3.12681,0.665482,0.918919,0.803371,0.891892,0.981913,0.829674,pass,ALA:A:880;ARG:A:938;ARG:A:980;ASN:A:859;ASN:A:981;ASP:A:939;ASP:A:976;ASP:A:994;GLN:A:853;GLN:A:854;GLN:A:885;GLU:A:1015;GLU:A:930;GLY:A:856;GLY:A:858;GLY:A:861;GLY:A:935;GLY:A:993;GLY:A:996;ILE:A:982;LEU:A:855;LEU:A:932;LEU:A:983;LYS:A:857;LYS:A:882;MET:A:929;PHE:A:860;PRO:A:933;SER:A:862;SER:A:936;TYR:A:931;VAL:A:863;VAL:A:911
CAND_423486dce5,C:\Users\srira\Desktop\new_plan\EMD_V5_2_Hybrid\06_docking\v5_3_model_guided\poses\CAND_423486dce5_vina_out.pdbqt,C:\Users\srira\Desktop\new_plan\EMD_V5_2_Hybrid\06_docking\receptor\jak2_prepared.pdbqt,-8.8,324,259,2.006,3711,36,22,311,28,453,0,2.572241,2.491877,0.664557,0.88,0.898844,0.777778,0.978897,0.828693,pass,ALA:A:880;ARG:A:938;ARG:A:980;ASN:A:859;ASN:A:981;ASP:A:939;ASP:A:976;ASP:A:994;GLN:A:853;GLN:A:854;GLN:A:885;GLU:A:1015;GLU:A:930;GLY:A:856;GLY:A:858;GLY:A:861;GLY:A:935;GLY:A:993;GLY:A:996;ILE:A:982;LEU:A:855;LEU:A:932;LEU:A:983;LYS:A:857;LYS:A:882;LYS:A:943;MET:A:929;PHE:A:860;PHE:A:995;PRO:A:933;SER:A:862;SER:A:936;TYR:A:931;TYR:A:934;VAL:A:863;VAL:A:911
CAND_661d99e302,C:\Users\srira\Desktop\new_plan\EMD_V5_2_Hybrid\06_docking\v5_3_model_guided\poses\CAND_661d99e302_vina_out.pdbqt,C:\Users\srira\Desktop\new_plan\EMD_V5_2_Hybrid\06_docking\receptor\jak2_prepared.pdbqt,-8.0,315,251,2.105,3538,34,37,242,24,426,0,2.497052,2.465865,0.660994,0.925,0.873646,0.75,0.977888,0.828605,pass,ALA:A:880;ARG:A:938;ARG:A:980;ASN:A:859;ASN:A:981;ASP:A:939;ASP:A:976;ASP:A:994;GLN:A:853;GLN:A:854;GLU:A:1015;GLU:A:930;GLY:A:856;GLY:A:858;GLY:A:861;GLY:A:935;GLY:A:993;ILE:A:982;LEU:A:855;LEU:A:932;LEU:A:983;LYS:A:857;LYS:A:882;LYS:A:943;MET:A:929;PHE:A:995;PRO:A:933;SER:A:862;SER:A:936;TYR:A:931;TYR:A:934;TYR:A:940;VAL:A:863;VAL:A:984
CAND_d7295004a0,C:\Users\srira\Desktop\new_plan\EMD_V5_2_Hybrid\06_docking\v5_3_model_guided\poses\CAND_d7295004a0_vina_out.pdbqt,C:\Users\srira\Desktop\new_plan\EMD_V5_2_Hybrid\06_docking\receptor\jak2_prepared.pdbqt,-8.4,324,246,2.232,3725,32,35,218,27,419,0,2.931093,2.887381,0.663676,0.921053,0.86166,0.771429,0.978975,0.828583,pass,ALA:A:880;ARG:A:938;ARG:A:980;ASN:A:859;ASN:A:981;ASP:A:939;ASP:A:976;ASP:A:994;GLN:A:853;GLN:A:854;GLU:A:1015;GLU:A:930;GLY:A:856;GLY:A:858;GLY:A:861;GLY:A:935;GLY:A:993;GLY:A:996;LEU:A:855;LEU:A:932;LEU:A:983;LYS:A:857;LYS:A:882;MET:A:929;PRO:A:933;SER:A:862;SER:A:936;TYR:A:931;TYR:A:934;VAL:A:863;VAL:A:911;VAL:A:984
CAND_6f5c819abf,C:\Users\srira\Desktop\new_plan\EMD_V5_2_Hybrid\06_docking\v5_3_model_guided\poses\CAND_6f5c819abf_vina_out.pdbqt,C:\Users\srira\Desktop\new_plan\EMD_V5_2_Hybrid\06_docking\receptor\jak2_prepared.pdbqt,-9.1,315,260,1.987,3700,32,23,233,45,416,0,2.374571,2.393198,0.656894,0.884615,0.869403,0.849057,0.978836,0.828545,pass,ALA:A:880;ARG:A:938;ARG:A:980;ASN:A:859;ASN:A:981;ASP:A:939;ASP:A:976;ASP:A:994;GLN:A:853;GLN:A:854;GLU:A:1015;GLU:A:930;GLY:A:856;GLY:A:858;GLY:A:861;GLY:A:935;GLY:A:993;GLY:A:996;ILE:A:982;LEU:A:855;LEU:A:932;LEU:A:983;LYS:A:857;LYS:A:882;MET:A:929;PRO:A:933;SER:A:862;SER:A:936;TYR:A:931;TYR:A:934;VAL:A:863;VAL:A:911
CAND_61168e1ccf,C:\Users\srira\Desktop\new_plan\EMD_V5_2_Hybrid\06_docking\v5_3_model_guided\poses\CAND_61168e1ccf_vina_out.pdbqt,C:\Users\srira\Desktop\new_plan\EMD_V5_2_Hybrid\06_docking\receptor\jak2_prepared.pdbqt,-8.0,396,253,2.096,4176,32,28,144,79,499,0,3.214166,3.167057,0.664802,0.903226,0.804469,0.908046,0.981203,0.828025,pass,ALA:A:880;ARG:A:938;ARG:A:980;ASN:A:859;ASN:A:981;ASP:A:939;ASP:A:976;ASP:A:994;GLN:A:853;GLN:A:854;GLU:A:1015;GLU:A:930;GLY:A:856;GLY:A:858;GLY:A:861;GLY:A:935;GLY:A:993;GLY:A:996;LEU:A:855;LEU:A:932;LEU:A:983;LEU:A:997;LYS:A:857;LYS:A:882;MET:A:929;PHE:A:860;PRO:A:933;SER:A:862;SER:A:936;TYR:A:931;VAL:A:863;VAL:A:911
CAND_11be2ba7cd,C:\Users\srira\Desktop\new_plan\EMD_V5_2_Hybrid\06_docking\v5_3_model_guided\poses\CAND_11be2ba7cd_vina_out.pdbqt,C:\Users\srira\Desktop\new_plan\EMD_V5_2_Hybrid\06_docking\receptor\jak2_prepared.pdbqt,-8.0,378,265,1.918,4026,35,20,194,80,437,0,2.465693,2.489966,0.657165,0.869565,0.847162,0.909091,0.980516,0.827507,pass,ALA:A:880;ARG:A:938;ARG:A:980;ASN:A:859;ASN:A:981;ASP:A:939;ASP:A:976;ASP:A:994;GLN:A:853;GLN:A:854;GLU:A:1015;GLU:A:930;GLY:A:856;GLY:A:858;GLY:A:861;GLY:A:935;GLY:A:993;GLY:A:996;LEU:A:855;LEU:A:932;LEU:A:983;LYS:A:857;LYS:A:882;LYS:A:943;MET:A:929;PHE:A:860;PRO:A:933;SER:A:862;SER:A:936;TYR:A:931;TYR:A:934;TYR:A:940;VAL:A:863;VAL:A:911;VAL:A:984
CAND_c71340cdb2,C:\Users\srira\Desktop\new_plan\EMD_V5_2_Hybrid\06_docking\v5_3_model_guided\poses\CAND_c71340cdb2_vina_out.pdbqt,C:\Users\srira\Desktop\new_plan\EMD_V5_2_Hybrid\06_docking\receptor\jak2_prepared.pdbqt,-8.2,315,254,2.228,3400,31,21,240,43,386,0,2.561452,2.547332,0.660235,0.875,0.872727,0.843137,0.977011,0.827332,pass,ALA:A:880;ARG:A:938;ARG:A:980;ASN:A:981;ASP:A:939;ASP:A:976;ASP:A:994;GLN:A:853;GLN:A:854;GLU:A:1015;GLU:A:930;GLY:A:856;GLY:A:858;GLY:A:861;GLY:A:935;GLY:A:993;GLY:A:996;ILE:A:982;LEU:A:855;LEU:A:932;LEU:A:983;LYS:A:857;LYS:A:882;LYS:A:943;MET:A:929;PHE:A:860;SER:A:862;SER:A:936;TYR:A:931;VAL:A:863;VAL:A:911
CAND_584cb6401d,C:\Users\srira\Desktop\new_plan\EMD_V5_2_Hybrid\06_docking\v5_3_model_guided\poses\CAND_584cb6401d_vina_out.pdbqt,C:\Users\srira\Desktop\new_plan\EMD_V5_2_Hybrid\06_docking\receptor\jak2_prepared.pdbqt,-8.6,315,240,1.934,3531,32,18,282,43,394,0,2.359641,2.361835,0.657911,0.857143,0.88959,0.843137,0.977845,0.826603,pass,ALA:A:880;ARG:A:938;ARG:A:980;ASN:A:859;ASN:A:981;ASP:A:939;ASP:A:976;ASP:A:994;GLN:A:853;GLU:A:1015;GLU:A:930;GLY:A:856;GLY:A:858;GLY:A:861;GLY:A:935;GLY:A:993;GLY:A:996;ILE:A:982;LEU:A:855;LEU:A:932;LEU:A:983;LYS:A:857;LYS:A:882;MET:A:929;PHE:A:995;PRO:A:933;SER:A:862;SER:A:936;TYR:A:931;TYR:A:934;VAL:A:863;VAL:A:911
CAND_d6e2fc541d,C:\Users\srira\Desktop\new_plan\EMD_V5_2_Hybrid\06_docking\v5_3_model_guided\poses\CAND_d6e2fc541d_vina_out.pdbqt,C:\Users\srira\Desktop\new_plan\EMD_V5_2_Hybrid\06_docking\receptor\jak2_prepared.pdbqt,-8.5,324,241,1.91,3639,35,31,265,23,438,0,2.715244,2.740567,0.658678,0.911765,0.883333,0.741935,0.978489,0.826514,pass,ALA:A:880;ARG:A:938;ARG:A:980;ASN:A:859;ASN:A:981;ASP:A:939;ASP:A:976;ASP:A:994;GLN:A:853;GLN:A:854;GLU:A:1015;GLU:A:930;GLY:A:856;GLY:A:858;GLY:A:861;GLY:A:935;GLY:A:993;GLY:A:996;ILE:A:982;LEU:A:855;LEU:A:932;LEU:A:983;LYS:A:857;LYS:A:882;MET:A:929;PHE:A:860;PHE:A:995;PRO:A:933;SER:A:862;SER:A:936;TYR:A:931;TYR:A:934;VAL:A:863;VAL:A:911;VAL:A:984
CAND_09deb650c1,C:\Users\srira\Desktop\new_plan\EMD_V5_2_Hybrid\06_docking\v5_3_model_guided\poses\CAND_09deb650c1_vina_out.pdbqt,C:\Users\srira\Desktop\new_plan\EMD_V5_2_Hybrid\06_docking\receptor\jak2_prepared.pdbqt,-7.7,351,263,1.87,3488,36,57,117,50,444,0,3.052891,2.926426,0.668637,0.95,0.769737,0.862069,0.977578,0.826261,pass,ALA:A:880;ARG:A:938;ARG:A:980;ASN:A:859;ASN:A:981;ASP:A:939;ASP:A:976;ASP:A:994;GLN:A:853;GLN:A:854;GLU:A:1015;GLU:A:930;GLY:A:856;GLY:A:858;GLY:A:861;GLY:A:935;GLY:A:993;GLY:A:996;ILE:A:982;LEU:A:855;LEU:A:932;LEU:A:983;LEU:A:997;LYS:A:857;LYS:A:882;LYS:A:943;MET:A:929;PHE:A:860;PHE:A:995;PRO:A:933;SER:A:862;SER:A:936;TYR:A:931;TYR:A:934;VAL:A:863;VAL:A:911
CAND_1e356c92c8,C:\Users\srira\Desktop\new_plan\EMD_V5_2_Hybrid\06_docking\v5_3_model_guided\poses\CAND_1e356c92c8_vina_out.pdbqt,C:\Users\srira\Desktop\new_plan\EMD_V5_2_Hybrid\06_docking\receptor\jak2_prepared.pdbqt,-8.4,315,255,2.055,3490,35,29,310,20,422,0,2.941421,2.954905,0.660538,0.90625,0.898551,0.714286,0.977591,0.826068,pass,ALA:A:880;ARG:A:938;ARG:A:980;ASN:A:859;ASN:A:981;ASP:A:939;ASP:A:976;ASP:A:994;GLN:A:853;GLN:A:854;GLU:A:1015;GLU:A:930;GLY:A:856;GLY:A:858;GLY:A:861;GLY:A:935;GLY:A:993;GLY:A:996;LEU:A:855;LEU:A:932;LEU:A:983;LYS:A:857;LYS:A:882;LYS:A:943;MET:A:929;PHE:A:860;PHE:A:995;PRO:A:933;SER:A:862;SER:A:936;TYR:A:931;TYR:A:934;VAL:A:863;VAL:A:911;VAL:A:984
CAND_010738c49b,C:\Users\srira\Desktop\new_plan\EMD_V5_2_Hybrid\06_docking\v5_3_model_guided\poses\CAND_010738c49b_vina_out.pdbqt,C:\Users\srira\Desktop\new_plan\EMD_V5_2_Hybrid\06_docking\receptor\jak2_prepared.pdbqt,-8.7,324,249,1.83,3521,34,29,271,23,392,0,2.552023,2.545234,0.659714,0.90625,0.885621,0.741935,0.977784,0.826039,pass,ALA:A:880;ARG:A:938;ARG:A:980;ASN:A:981;ASP:A:939;ASP:A:976;ASP:A:994;GLN:A:853;GLN:A:854;GLU:A:1015;GLU:A:930;GLY:A:856;GLY:A:858;GLY:A:861;GLY:A:935;GLY:A:993;GLY:A:996;ILE:A:982;LEU:A:855;LEU:A:932;LEU:A:983;LYS:A:857;LYS:A:882;LYS:A:943;MET:A:929;PHE:A:995;PRO:A:933;SER:A:862;SER:A:936;TYR:A:931;TYR:A:934;TYR:A:940;VAL:A:863;VAL:A:911
CAND_8f245c542f,C:\Users\srira\Desktop\new_plan\EMD_V5_2_Hybrid\06_docking\v5_3_model_guided\poses\CAND_8f245c542f_vina_out.pdbqt,C:\Users\srira\Desktop\new_plan\EMD_V5_2_Hybrid\06_docking\receptor\jak2_prepared.pdbqt,-8.9,432,261,1.811,4664,36,96,113,35,666,0,4.230463,4.125424,0.669431,0.969697,0.763514,0.813953,0.983137,0.825494,pass,ALA:A:880;ARG:A:938;ARG:A:980;ASN:A:859;ASN:A:981;ASP:A:939;ASP:A:976;ASP:A:994;GLN:A:853;GLN:A:854;GLN:A:885;GLU:A:1015;GLU:A:930;GLY:A:856;GLY:A:858;GLY:A:861;GLY:A:935;GLY:A:993;GLY:A:996;LEU:A:855;LEU:A:932;LEU:A:983;LEU:A:997;LYS:A:857;LYS:A:882;LYS:A:943;MET:A:929;PHE:A:860;PRO:A:933;SER:A:862;SER:A:936;TYR:A:931;TYR:A:934;VAL:A:863;VAL:A:911;VAL:A:984
CAND_76774df791,C:\Users\srira\Desktop\new_plan\EMD_V5_2_Hybrid\06_docking\v5_3_model_guided\poses\CAND_76774df791_vina_out.pdbqt,C:\Users\srira\Desktop\new_plan\EMD_V5_2_Hybrid\06_docking\receptor\jak2_prepared.pdbqt,-8.7,315,242,2.257,3663,35,35,328,15,439,0,2.97409,2.926981,0.66402,0.921053,0.903581,0.652174,0.978627,0.825076,pass,ALA:A:880;ARG:A:938;ARG:A:980;ASN:A:981;ASP:A:939;ASP:A:976;ASP:A:994;GLN:A:853;GLN:A:885;GLU:A:1015;GLU:A:930;GLY:A:856;GLY:A:858;GLY:A:861;GLY:A:935;GLY:A:993;GLY:A:996;ILE:A:982;LEU:A:855;LEU:A:932;LEU:A:983;LEU:A:997;LYS:A:857;LYS:A:882;MET:A:929;PHE:A:860;PHE:A:995;PRO:A:933;SER:A:862;SER:A:936;TYR:A:931;TYR:A:934;VAL:A:863;VAL:A:911;VAL:A:984
CAND_7f998a5652,C:\Users\srira\Desktop\new_plan\EMD_V5_2_Hybrid\06_docking\v5_3_model_guided\poses\CAND_7f998a5652_vina_out.pdbqt,C:\Users\srira\Desktop\new_plan\EMD_V5_2_Hybrid\06_docking\receptor\jak2_prepared.pdbqt,-8.3,342,251,2.162,3895,35,24,330,21,474,0,2.855592,2.874457,0.659815,0.888889,0.90411,0.724138,0.979874,0.824933,pass,ALA:A:880;ARG:A:938;ARG:A:980;ASN:A:859;ASN:A:981;ASP:A:939;ASP:A:976;ASP:A:994;GLN:A:853;GLN:A:854;GLU:A:1015;GLU:A:930;GLY:A:856;GLY:A:858;GLY:A:861;GLY:A:935;GLY:A:993;GLY:A:996;ILE:A:982;LEU:A:855;LEU:A:932;LEU:A:983;LYS:A:857;LYS:A:882;LYS:A:943;MET:A:929;PHE:A:860;PRO:A:933;SER:A:862;SER:A:936;TYR:A:931;TYR:A:934;VAL:A:863;VAL:A:911;VAL:A:984
CAND_e275a7e3ff,C:\Users\srira\Desktop\new_plan\EMD_V5_2_Hybrid\06_docking\v5_3_model_guided\poses\CAND_e275a7e3ff_vina_out.pdbqt,C:\Users\srira\Desktop\new_plan\EMD_V5_2_Hybrid\06_docking\receptor\jak2_prepared.pdbqt,-8.0,396,268,1.859,4076,34,26,144,63,457,0,2.689364,2.646948,0.662633,0.896552,0.804469,0.887324,0.980751,0.823877,pass,ALA:A:880;ARG:A:938;ARG:A:980;ASN:A:859;ASN:A:981;ASP:A:939;ASP:A:976;ASP:A:994;GLN:A:853;GLN:A:854;GLU:A:1015;GLU:A:930;GLY:A:856;GLY:A:858;GLY:A:861;GLY:A:935;GLY:A:993;GLY:A:996;ILE:A:982;LEU:A:855;LEU:A:932;LEU:A:983;LEU:A:997;LYS:A:857;LYS:A:882;LYS:A:943;MET:A:929;PHE:A:860;PRO:A:933;SER:A:862;SER:A:936;TYR:A:931;VAL:A:863;VAL:A:911
CAND_7f7760bbec,C:\Users\srira\Desktop\new_plan\EMD_V5_2_Hybrid\06_docking\v5_3_model_guided\poses\CAND_7f7760bbec_vina_out.pdbqt,C:\Users\srira\Desktop\new_plan\EMD_V5_2_Hybrid\06_docking\receptor\jak2_prepared.pdbqt,-8.3,315,260,1.971,3641,36,21,296,27,413,0,2.267971,2.278339,0.656671,0.875,0.89426,0.771429,0.9785,0.823696,pass,ALA:A:880;ARG:A:938;ARG:A:980;ASN:A:859;ASN:A:981;ASP:A:939;ASP:A:976;ASP:A:994;GLN:A:853;GLN:A:854;GLU:A:1015;GLU:A:930;GLY:A:856;GLY:A:858;GLY:A:861;GLY:A:935;GLY:A:993;GLY:A:996;ILE:A:982;LEU:A:855;LEU:A:932;LEU:A:983;LEU:A:997;LYS:A:857;LYS:A:882;MET:A:929;PHE:A:860;PHE:A:995;PRO:A:933;SER:A:862;SER:A:936;TYR:A:931;TYR:A:934;VAL:A:863;VAL:A:911;VAL:A:984
CAND_67bc1f8ccd,C:\Users\srira\Desktop\new_plan\EMD_V5_2_Hybrid\06_docking\v5_3_model_guided\poses\CAND_67bc1f8ccd_vina_out.pdbqt,C:\Users\srira\Desktop\new_plan\EMD_V5_2_Hybrid\06_docking\receptor\jak2_prepared.pdbqt,-7.7,387,261,1.927,4236,34,25,138,71,493,0,3.213442,3.196483,0.66326,0.892857,0.797688,0.898734,0.981464,0.823253,pass,ALA:A:880;ARG:A:938;ARG:A:980;ASN:A:859;ASN:A:981;ASP:A:939;ASP:A:976;ASP:A:994;GLN:A:853;GLN:A:854;GLU:A:1015;GLU:A:930;GLY:A:856;GLY:A:858;GLY:A:861;GLY:A:935;GLY:A:993;GLY:A:996;LEU:A:855;LEU:A:932;LEU:A:983;LEU:A:997;LYS:A:857;LYS:A:882;LYS:A:943;MET:A:929;PHE:A:860;PRO:A:933;SER:A:862;SER:A:936;TYR:A:931;TYR:A:934;VAL:A:863;VAL:A:911
CAND_28874e6ca5,C:\Users\srira\Desktop\new_plan\EMD_V5_2_Hybrid\06_docking\v5_3_model_guided\poses\CAND_28874e6ca5_vina_out.pdbqt,C:\Users\srira\Desktop\new_plan\EMD_V5_2_Hybrid\06_docking\receptor\jak2_prepared.pdbqt,-8.3,396,255,2.037,4252,34,20,197,46,479,0,2.737692,2.746621,0.659774,0.869565,0.849138,0.851852,0.981533,0.823164,pass,ALA:A:880;ARG:A:938;ARG:A:980;ASN:A:859;ASN:A:981;ASP:A:939;ASP:A:976;ASP:A:994;GLN:A:853;GLN:A:854;GLU:A:1015;GLU:A:930;GLY:A:856;GLY:A:858;GLY:A:861;GLY:A:935;GLY:A:993;GLY:A:996;ILE:A:982;LEU:A:855;LEU:A:932;LEU:A:983;LYS:A:857;LYS:A:882;LYS:A:943;MET:A:929;PHE:A:860;PRO:A:933;SER:A:862;SER:A:936;TYR:A:931;TYR:A:934;VAL:A:863;VAL:A:911
CAND_826c88beb5,C:\Users\srira\Desktop\new_plan\EMD_V5_2_Hybrid\06_docking\v5_3_model_guided\poses\CAND_826c88beb5_vina_out.pdbqt,C:\Users\srira\Desktop\new_plan\EMD_V5_2_Hybrid\06_docking\receptor\jak2_prepared.pdbqt,-8.3,315,248,2.051,3501,34,26,284,20,388,0,2.364678,2.312078,0.661752,0.896552,0.890282,0.714286,0.97766,0.822853,pass,ALA:A:880;ARG:A:938;ARG:A:980;ASN:A:859;ASN:A:981;ASP:A:939;ASP:A:976;ASP:A:994;GLN:A:853;GLN:A:854;GLU:A:1015;GLU:A:930;GLY:A:856;GLY:A:858;GLY:A:861;GLY:A:935;GLY:A:993;ILE:A:982;LEU:A:855;LEU:A:932;LEU:A:983;LYS:A:857;LYS:A:882;LYS:A:943;MET:A:929;PHE:A:995;PRO:A:933;SER:A:862;SER:A:936;TYR:A:931;TYR:A:934;VAL:A:863;VAL:A:911;VAL:A:984
CAND_396f994be3,C:\Users\srira\Desktop\new_plan\EMD_V5_2_Hybrid\06_docking\v5_3_model_guided\poses\CAND_396f994be3_vina_out.pdbqt,C:\Users\srira\Desktop\new_plan\EMD_V5_2_Hybrid\06_docking\receptor\jak2_prepared.pdbqt,-11.4,405,248,1.901,4428,35,56,86,144,545,0,2.954174,2.952944,0.661405,0.949153,0.710744,0.947368,0.982254,0.821589,pass,ALA:A:880;ARG:A:938;ARG:A:980;ASN:A:859;ASN:A:981;ASP:A:939;ASP:A:976;ASP:A:994;GLN:A:853;GLN:A:854;GLN:A:885;GLU:A:1015;GLU:A:930;GLY:A:856;GLY:A:858;GLY:A:861;GLY:A:935;GLY:A:993;GLY:A:996;ILE:A:982;LEU:A:855;LEU:A:932;LEU:A:983;LYS:A:857;LYS:A:882;LYS:A:943;MET:A:929;PHE:A:860;PRO:A:933;SER:A:862;SER:A:936;TYR:A:931;TYR:A:934;VAL:A:863;VAL:A:911
CAND_aaa379f29a,C:\Users\srira\Desktop\new_plan\EMD_V5_2_Hybrid\06_docking\v5_3_model_guided\poses\CAND_aaa379f29a_vina_out.pdbqt,C:\Users\srira\Desktop\new_plan\EMD_V5_2_Hybrid\06_docking\receptor\jak2_prepared.pdbqt,-8.5,315,245,2.218,3566,35,21,257,27,423,0,2.463445,2.501543,0.656249,0.875,0.880137,0.771429,0.978058,0.820657,pass,ALA:A:880;ARG:A:938;ARG:A:980;ASN:A:859;ASN:A:981;ASP:A:939;ASP:A:976;ASP:A:994;GLN:A:853;GLN:A:854;GLN:A:885;GLU:A:1015;GLU:A:930;GLY:A:856;GLY:A:858;GLY:A:861;GLY:A:935;GLY:A:993;GLY:A:996;ILE:A:982;LEU:A:855;LEU:A:932;LEU:A:983;LYS:A:857;LYS:A:882;LYS:A:943;MET:A:929;PRO:A:933;SER:A:862;SER:A:936;TYR:A:931;TYR:A:934;VAL:A:863;VAL:A:911;VAL:A:984
CAND_6d30b04ba5,C:\Users\srira\Desktop\new_plan\EMD_V5_2_Hybrid\06_docking\v5_3_model_guided\poses\CAND_6d30b04ba5_vina_out.pdbqt,C:\Users\srira\Desktop\new_plan\EMD_V5_2_Hybrid\06_docking\receptor\jak2_prepared.pdbqt,-8.5,315,256,2.095,3565,34,30,281,14,448,0,2.880081,2.761245,0.667847,0.909091,0.889241,0.636364,0.978052,0.819267,pass,ALA:A:880;ARG:A:938;ARG:A:980;ASN:A:981;ASP:A:939;ASP:A:976;ASP:A:994;GLN:A:853;GLN:A:854;GLN:A:885;GLU:A:1015;GLU:A:930;GLY:A:856;GLY:A:858;GLY:A:861;GLY:A:935;GLY:A:993;GLY:A:996;ILE:A:982;LEU:A:855;LEU:A:932;LEU:A:983;LYS:A:857;LYS:A:882;MET:A:929;PHE:A:995;PRO:A:933;SER:A:862;SER:A:936;TYR:A:931;TYR:A:934;VAL:A:863;VAL:A:911;VAL:A:984
CAND_d26b3db662,C:\Users\srira\Desktop\new_plan\EMD_V5_2_Hybrid\06_docking\v5_3_model_guided\poses\CAND_d26b3db662_vina_out.pdbqt,C:\Users\srira\Desktop\new_plan\EMD_V5_2_Hybrid\06_docking\receptor\jak2_prepared.pdbqt,-10.5,378,244,1.99,4015,34,44,84,99,460,0,3.334294,3.253565,0.666824,0.93617,0.705882,0.925234,0.980464,0.817074,pass,ALA:A:880;ARG:A:938;ARG:A:980;ASN:A:859;ASN:A:981;ASP:A:939;ASP:A:976;ASP:A:994;GLN:A:853;GLN:A:854;GLU:A:1015;GLU:A:930;GLY:A:856;GLY:A:858;GLY:A:861;GLY:A:935;GLY:A:993;GLY:A:996;ILE:A:982;LEU:A:855;LEU:A:932;LEU:A:983;LYS:A:857;LYS:A:882;LYS:A:943;MET:A:929;PHE:A:860;PRO:A:933;SER:A:862;SER:A:936;TYR:A:931;TYR:A:934;VAL:A:863;VAL:A:911
CAND_0e55be250e,C:\Users\srira\Desktop\new_plan\EMD_V5_2_Hybrid\06_docking\v5_3_model_guided\poses\CAND_0e55be250e_vina_out.pdbqt,C:\Users\srira\Desktop\new_plan\EMD_V5_2_Hybrid\06_docking\receptor\jak2_prepared.pdbqt,-8.3,342,239,1.887,3759,36,38,273,11,432,0,3.000895,2.906621,0.666729,0.926829,0.886364,0.578947,0.979161,0.816384,pass,ALA:A:880;ARG:A:938;ARG:A:980;ASN:A:859;ASN:A:981;ASP:A:939;ASP:A:976;ASP:A:994;GLN:A:853;GLN:A:854;GLU:A:1015;GLU:A:930;GLY:A:856;GLY:A:858;GLY:A:861;GLY:A:935;GLY:A:993;GLY:A:996;ILE:A:982;LEU:A:855;LEU:A:932;LEU:A:983;LEU:A:997;LYS:A:857;LYS:A:882;MET:A:929;PHE:A:860;PHE:A:995;PRO:A:933;SER:A:862;SER:A:936;TYR:A:931;TYR:A:934;VAL:A:863;VAL:A:911;VAL:A:984
CAND_97556b1c56,C:\Users\srira\Desktop\new_plan\EMD_V5_2_Hybrid\06_docking\v5_3_model_guided\poses\CAND_97556b1c56_vina_out.pdbqt,C:\Users\srira\Desktop\new_plan\EMD_V5_2_Hybrid\06_docking\receptor\jak2_prepared.pdbqt,-8.2,306,244,2.125,3495,33,31,236,17,387,0,2.411322,2.488709,0.653275,0.911765,0.870849,0.68,0.977622,0.81603,pass,ALA:A:880;ARG:A:938;ARG:A:980;ASN:A:981;ASP:A:939;ASP:A:976;ASP:A:994;GLN:A:853;GLN:A:854;GLU:A:1015;GLU:A:930;GLY:A:856;GLY:A:858;GLY:A:861;GLY:A:935;GLY:A:993;GLY:A:996;LEU:A:855;LEU:A:932;LEU:A:983;LYS:A:857;LYS:A:882;LYS:A:943;MET:A:929;PHE:A:860;PRO:A:933;SER:A:862;SER:A:936;TYR:A:931;TYR:A:934;VAL:A:863;VAL:A:911;VAL:A:984
CAND_492981f42f,C:\Users\srira\Desktop\new_plan\EMD_V5_2_Hybrid\06_docking\v5_3_model_guided\poses\CAND_492981f42f_vina_out.pdbqt,C:\Users\srira\Desktop\new_plan\EMD_V5_2_Hybrid\06_docking\receptor\jak2_prepared.pdbqt,-8.0,324,260,1.888,3623,33,30,275,13,425,0,2.965672,2.927684,0.663484,0.909091,0.887097,0.619048,0.978396,0.815867,pass,ALA:A:880;ARG:A:938;ARG:A:980;ASN:A:859;ASN:A:981;ASP:A:939;ASP:A:976;ASP:A:994;GLN:A:853;GLN:A:854;GLN:A:885;GLU:A:1015;GLU:A:930;GLY:A:856;GLY:A:858;GLY:A:861;GLY:A:935;GLY:A:993;GLY:A:996;LEU:A:855;LEU:A:932;LEU:A:983;LEU:A:997;LYS:A:857;LYS:A:882;MET:A:929;PHE:A:860;SER:A:862;SER:A:936;TYR:A:931;VAL:A:863;VAL:A:911;VAL:A:984
CAND_0dab0539d2,C:\Users\srira\Desktop\new_plan\EMD_V5_2_Hybrid\06_docking\v5_3_model_guided\poses\CAND_0dab0539d2_vina_out.pdbqt,C:\Users\srira\Desktop\new_plan\EMD_V5_2_Hybrid\06_docking\receptor\jak2_prepared.pdbqt,-7.5,360,242,1.947,3309,31,57,96,43,417,0,2.742505,2.658585,0.665377,0.95,0.732824,0.843137,0.976394,0.815771,pass,ALA:A:880;ARG:A:938;ARG:A:980;ASN:A:859;ASN:A:981;ASP:A:939;ASP:A:976;ASP:A:994;GLN:A:853;GLN:A:854;GLU:A:1015;GLU:A:930;GLY:A:856;GLY:A:858;GLY:A:861;GLY:A:935;GLY:A:993;LEU:A:855;LEU:A:932;LEU:A:983;LEU:A:997;LYS:A:857;LYS:A:882;LYS:A:943;MET:A:929;PRO:A:933;SER:A:936;TYR:A:931;TYR:A:934;VAL:A:863;VAL:A:911
CAND_d7d5e569e3,C:\Users\srira\Desktop\new_plan\EMD_V5_2_Hybrid\06_docking\v5_3_model_guided\poses\CAND_d7d5e569e3_vina_out.pdbqt,C:\Users\srira\Desktop\new_plan\EMD_V5_2_Hybrid\06_docking\receptor\jak2_prepared.pdbqt,-9.2,432,269,2.024,4484,36,103,93,32,678,0,4.132271,4.173602,0.663506,0.971698,0.726562,0.8,0.982472,0.815198,pass,ALA:A:880;ARG:A:938;ARG:A:980;ASN:A:859;ASN:A:981;ASP:A:939;ASP:A:976;ASP:A:994;GLN:A:853;GLN:A:854;GLN:A:885;GLU:A:1015;GLU:A:930;GLY:A:856;GLY:A:858;GLY:A:861;GLY:A:935;GLY:A:993;GLY:A:996;LEU:A:855;LEU:A:932;LEU:A:983;LYS:A:857;LYS:A:882;LYS:A:943;MET:A:929;PHE:A:860;PRO:A:933;SER:A:862;SER:A:936;TYR:A:931;TYR:A:934;VAL:A:863;VAL:A:879;VAL:A:911;VAL:A:984
CAND_3c64f44e76,C:\Users\srira\Desktop\new_plan\EMD_V5_2_Hybrid\06_docking\v5_3_model_guided\poses\CAND_3c64f44e76_vina_out.pdbqt,C:\Users\srira\Desktop\new_plan\EMD_V5_2_Hybrid\06_docking\receptor\jak2_prepared.pdbqt,-11.3,405,228,1.835,4207,31,50,73,133,489,0,3.247464,3.195235,0.665162,0.943396,0.675926,0.943262,0.981339,0.814007,pass,ALA:A:880;ARG:A:938;ARG:A:980;ASN:A:859;ASN:A:981;ASP:A:939;ASP:A:976;ASP:A:994;GLN:A:853;GLN:A:854;GLU:A:1015;GLU:A:930;GLY:A:856;GLY:A:858;GLY:A:861;GLY:A:935;GLY:A:993;LEU:A:855;LEU:A:932;LEU:A:983;LYS:A:857;LYS:A:882;LYS:A:943;MET:A:929;PRO:A:933;SER:A:862;SER:A:936;TYR:A:931;TYR:A:934;VAL:A:863;VAL:A:911
CAND_f14ad9ba35,C:\Users\srira\Desktop\new_plan\EMD_V5_2_Hybrid\06_docking\v5_3_model_guided\poses\CAND_f14ad9ba35_vina_out.pdbqt,C:\Users\srira\Desktop\new_plan\EMD_V5_2_Hybrid\06_docking\receptor\jak2_prepared.pdbqt,-8.3,315,237,2.26,3478,32,28,268,12,429,0,2.647282,2.606469,0.662347,0.903226,0.884488,0.6,0.977515,0.81175,pass,ALA:A:880;ARG:A:938;ARG:A:980;ASN:A:981;ASP:A:939;ASP:A:976;ASP:A:994;GLN:A:853;GLN:A:854;GLU:A:1015;GLU:A:930;GLY:A:856;GLY:A:858;GLY:A:861;GLY:A:935;GLY:A:993;GLY:A:996;LEU:A:855;LEU:A:932;LEU:A:983;LYS:A:857;LYS:A:882;MET:A:929;PHE:A:995;PRO:A:933;SER:A:862;SER:A:936;TYR:A:931;TYR:A:934;VAL:A:863;VAL:A:911;VAL:A:984
CAND_c5284988bc,C:\Users\srira\Desktop\new_plan\EMD_V5_2_Hybrid\06_docking\v5_3_model_guided\poses\CAND_c5284988bc_vina_out.pdbqt,C:\Users\srira\Desktop\new_plan\EMD_V5_2_Hybrid\06_docking\receptor\jak2_prepared.pdbqt,-10.6,378,234,2.25,3963,33,38,81,85,458,0,2.846918,2.795668,0.663796,0.926829,0.698276,0.913978,0.980213,0.8116,pass,ALA:A:880;ARG:A:938;ARG:A:980;ASN:A:859;ASN:A:981;ASP:A:939;ASP:A:976;ASP:A:994;GLN:A:853;GLN:A:854;GLU:A:1015;GLU:A:930;GLY:A:856;GLY:A:858;GLY:A:861;GLY:A:935;GLY:A:993;GLY:A:996;ILE:A:982;LEU:A:855;LEU:A:932;LEU:A:983;LYS:A:857;LYS:A:882;LYS:A:943;MET:A:929;PRO:A:933;SER:A:862;SER:A:936;TYR:A:931;TYR:A:934;VAL:A:863;VAL:A:911
CAND_5fdf8771a8,C:\Users\srira\Desktop\new_plan\EMD_V5_2_Hybrid\06_docking\v5_3_model_guided\poses\CAND_5fdf8771a8_vina_out.pdbqt,C:\Users\srira\Desktop\new_plan\EMD_V5_2_Hybrid\06_docking\receptor\jak2_prepared.pdbqt,-8.1,342,254,2.2,3719,36,29,289,11,460,0,2.427724,2.406127,0.659967,0.90625,0.891975,0.578947,0.978942,0.811318,pass,ALA:A:880;ARG:A:938;ARG:A:980;ASN:A:859;ASN:A:981;ASP:A:939;ASP:A:976;ASP:A:994;GLN:A:853;GLN:A:854;GLU:A:1015;GLU:A:930;GLY:A:856;GLY:A:858;GLY:A:861;GLY:A:935;GLY:A:993;GLY:A:996;LEU:A:855;LEU:A:932;LEU:A:983;LEU:A:997;LYS:A:857;LYS:A:882;LYS:A:943;MET:A:929;PHE:A:860;PHE:A:995;PRO:A:933;SER:A:862;SER:A:936;TYR:A:931;TYR:A:934;VAL:A:863;VAL:A:911;VAL:A:984
CAND_a8632b2da2,C:\Users\srira\Desktop\new_plan\EMD_V5_2_Hybrid\06_docking\v5_3_model_guided\poses\CAND_a8632b2da2_vina_out.pdbqt,C:\Users\srira\Desktop\new_plan\EMD_V5_2_Hybrid\06_docking\receptor\jak2_prepared.pdbqt,-7.6,378,258,1.875,4099,34,25,89,115,473,0,2.902918,2.851189,0.664028,0.892857,0.717742,0.934959,0.980857,0.810995,pass,ALA:A:880;ARG:A:938;ARG:A:980;ASN:A:859;ASN:A:981;ASP:A:939;ASP:A:976;ASP:A:994;GLN:A:853;GLN:A:854;GLU:A:1015;GLU:A:930;GLY:A:856;GLY:A:858;GLY:A:861;GLY:A:935;GLY:A:993;GLY:A:996;ILE:A:982;LEU:A:855;LEU:A:932;LEU:A:983;LYS:A:857;LYS:A:882;LYS:A:943;MET:A:929;PHE:A:860;PRO:A:933;SER:A:862;SER:A:936;TYR:A:931;TYR:A:934;VAL:A:863;VAL:A:911
CAND_598172bd63,C:\Users\srira\Desktop\new_plan\EMD_V5_2_Hybrid\06_docking\v5_3_model_guided\poses\CAND_598172bd63_vina_out.pdbqt,C:\Users\srira\Desktop\new_plan\EMD_V5_2_Hybrid\06_docking\receptor\jak2_prepared.pdbqt,-11.3,378,238,1.985,4109,31,32,79,124,431,0,2.866094,2.808634,0.664226,0.914286,0.692982,0.939394,0.980902,0.810841,pass,ALA:A:880;ARG:A:938;ARG:A:980;ASN:A:981;ASP:A:939;ASP:A:976;ASP:A:994;GLN:A:853;GLN:A:854;GLU:A:1015;GLU:A:930;GLY:A:856;GLY:A:858;GLY:A:861;GLY:A:935;GLY:A:993;LEU:A:855;LEU:A:932;LEU:A:983;LYS:A:857;LYS:A:882;LYS:A:943;MET:A:929;PRO:A:933;SER:A:862;SER:A:936;TYR:A:931;TYR:A:934;TYR:A:940;VAL:A:863;VAL:A:911
CAND_ec7238a2dd,C:\Users\srira\Desktop\new_plan\EMD_V5_2_Hybrid\06_docking\v5_3_model_guided\poses\CAND_ec7238a2dd_vina_out.pdbqt,C:\Users\srira\Desktop\new_plan\EMD_V5_2_Hybrid\06_docking\receptor\jak2_prepared.pdbqt,-7.4,378,258,2.1,3918,34,19,115,88,471,0,2.593542,2.668173,0.654912,0.863636,0.766667,0.916667,0.97999,0.810199,pass,ALA:A:880;ARG:A:938;ARG:A:980;ASN:A:859;ASN:A:981;ASP:A:939;ASP:A:976;ASP:A:994;GLN:A:853;GLN:A:854;GLU:A:1015;GLU:A:930;GLY:A:856;GLY:A:858;GLY:A:861;GLY:A:935;GLY:A:993;GLY:A:996;ILE:A:982;LEU:A:855;LEU:A:932;LEU:A:983;LYS:A:857;LYS:A:882;LYS:A:943;MET:A:929;PHE:A:860;PRO:A:933;SER:A:862;SER:A:936;TYR:A:931;TYR:A:934;VAL:A:863;VAL:A:911
CAND_9c6324c16c,C:\Users\srira\Desktop\new_plan\EMD_V5_2_Hybrid\06_docking\v5_3_model_guided\poses\CAND_9c6324c16c_vina_out.pdbqt,C:\Users\srira\Desktop\new_plan\EMD_V5_2_Hybrid\06_docking\receptor\jak2_prepared.pdbqt,-11.3,387,236,2.033,4047,32,32,74,149,409,0,2.938762,2.886856,0.664165,0.914286,0.678899,0.949045,0.980615,0.808914,pass,ALA:A:880;ARG:A:938;ARG:A:980;ASN:A:859;ASN:A:981;ASP:A:939;ASP:A:976;ASP:A:994;GLN:A:853;GLN:A:854;GLU:A:1015;GLU:A:930;GLY:A:856;GLY:A:858;GLY:A:861;GLY:A:935;GLY:A:993;GLY:A:996;LEU:A:855;LEU:A:932;LEU:A:983;LYS:A:857;LYS:A:882;LYS:A:943;MET:A:929;PRO:A:933;SER:A:862;SER:A:936;TYR:A:931;TYR:A:934;VAL:A:863;VAL:A:911
CAND_34ad2a24d8,C:\Users\srira\Desktop\new_plan\EMD_V5_2_Hybrid\06_docking\v5_3_model_guided\poses\CAND_34ad2a24d8_vina_out.pdbqt,C:\Users\srira\Desktop\new_plan\EMD_V5_2_Hybrid\06_docking\receptor\jak2_prepared.pdbqt,-7.7,369,257,1.831,3856,36,67,76,50,485,0,3.114303,3.21729,0.656728,0.957143,0.684685,0.862069,0.979675,0.807526,pass,ALA:A:880;ARG:A:938;ARG:A:980;ASN:A:859;ASN:A:981;ASP:A:939;ASP:A:976;ASP:A:994;GLN:A:853;GLN:A:854;GLN:A:885;GLU:A:1015;GLU:A:930;GLY:A:856;GLY:A:858;GLY:A:861;GLY:A:935;GLY:A:993;GLY:A:996;LEU:A:855;LEU:A:932;LEU:A:983;LYS:A:857;LYS:A:882;LYS:A:943;MET:A:929;PHE:A:860;PRO:A:933;SER:A:862;SER:A:936;TYR:A:931;TYR:A:934;TYR:A:940;VAL:A:863;VAL:A:911;VAL:A:984
CAND_ff4ec3842f,C:\Users\srira\Desktop\new_plan\EMD_V5_2_Hybrid\06_docking\v5_3_model_guided\poses\CAND_ff4ec3842f_vina_out.pdbqt,C:\Users\srira\Desktop\new_plan\EMD_V5_2_Hybrid\06_docking\receptor\jak2_prepared.pdbqt,-8.9,315,244,1.866,3594,35,19,290,14,431,0,2.369068,2.388342,0.65681,0.863636,0.892308,0.636364,0.978225,0.807513,pass,ALA:A:880;ARG:A:938;ARG:A:980;ASN:A:859;ASN:A:981;ASP:A:939;ASP:A:976;ASP:A:994;GLN:A:853;GLN:A:854;GLU:A:1015;GLU:A:930;GLY:A:856;GLY:A:858;GLY:A:861;GLY:A:935;GLY:A:993;GLY:A:996;ILE:A:982;LEU:A:855;LEU:A:932;LEU:A:983;LYS:A:857;LYS:A:882;MET:A:929;PHE:A:860;PHE:A:995;PRO:A:933;SER:A:862;SER:A:936;TYR:A:931;TYR:A:934;VAL:A:863;VAL:A:911;VAL:A:984
CAND_bb18276fcc,C:\Users\srira\Desktop\new_plan\EMD_V5_2_Hybrid\06_docking\v5_3_model_guided\poses\CAND_bb18276fcc_vina_out.pdbqt,C:\Users\srira\Desktop\new_plan\EMD_V5_2_Hybrid\06_docking\receptor\jak2_prepared.pdbqt,-9.1,315,242,2.113,3522,33,32,303,8,416,0,2.688756,2.682189,0.660444,0.914286,0.89645,0.5,0.97779,0.805838,pass,ALA:A:880;ARG:A:938;ARG:A:980;ASN:A:859;ASN:A:981;ASP:A:939;ASP:A:976;ASP:A:994;GLN:A:853;GLN:A:854;GLU:A:1015;GLU:A:930;GLY:A:856;GLY:A:858;GLY:A:861;GLY:A:935;GLY:A:993;LEU:A:855;LEU:A:932;LEU:A:983;LYS:A:857;LYS:A:882;LYS:A:943;MET:A:929;PHE:A:995;PRO:A:933;SER:A:862;SER:A:936;TYR:A:931;TYR:A:934;VAL:A:863;VAL:A:911;VAL:A:984
CAND_5a164fb16c,C:\Users\srira\Desktop\new_plan\EMD_V5_2_Hybrid\06_docking\v5_3_model_guided\poses\CAND_5a164fb16c_vina_out.pdbqt,C:\Users\srira\Desktop\new_plan\EMD_V5_2_Hybrid\06_docking\receptor\jak2_prepared.pdbqt,-8.2,315,233,1.962,3509,30,38,279,7,432,0,2.628851,2.593762,0.661904,0.926829,0.888535,0.466667,0.97771,0.803853,pass,ALA:A:880;ARG:A:938;ARG:A:980;ASN:A:859;ASN:A:981;ASP:A:939;ASP:A:976;ASP:A:994;GLU:A:1015;GLU:A:930;GLY:A:856;GLY:A:858;GLY:A:861;GLY:A:935;GLY:A:993;GLY:A:996;LEU:A:855;LEU:A:932;LEU:A:983;LEU:A:997;LYS:A:857;LYS:A:882;MET:A:929;PHE:A:860;SER:A:862;SER:A:936;TYR:A:931;TYR:A:934;VAL:A:863;VAL:A:984
CAND_d3037c6bbb,C:\Users\srira\Desktop\new_plan\EMD_V5_2_Hybrid\06_docking\v5_3_model_guided\poses\CAND_d3037c6bbb_vina_out.pdbqt,C:\Users\srira\Desktop\new_plan\EMD_V5_2_Hybrid\06_docking\receptor\jak2_prepared.pdbqt,-10.9,387,253,2.062,4236,35,33,69,102,426,0,3.262068,3.262165,0.662577,0.916667,0.663462,0.927273,0.981464,0.803819,pass,ALA:A:880;ARG:A:938;ARG:A:980;ASN:A:859;ASN:A:981;ASP:A:939;ASP:A:976;ASP:A:994;GLN:A:853;GLN:A:854;GLN:A:885;GLU:A:1015;GLU:A:930;GLY:A:856;GLY:A:858;GLY:A:861;GLY:A:935;GLY:A:993;GLY:A:996;ILE:A:982;LEU:A:855;LEU:A:932;LEU:A:983;LYS:A:857;LYS:A:882;LYS:A:943;MET:A:929;PHE:A:860;PRO:A:933;SER:A:862;SER:A:936;TYR:A:931;TYR:A:934;VAL:A:863;VAL:A:911
CAND_5152217faa,C:\Users\srira\Desktop\new_plan\EMD_V5_2_Hybrid\06_docking\v5_3_model_guided\poses\CAND_5152217faa_vina_out.pdbqt,C:\Users\srira\Desktop\new_plan\EMD_V5_2_Hybrid\06_docking\receptor\jak2_prepared.pdbqt,-11.4,378,235,1.941,4265,31,43,63,111,464,0,3.194318,3.240517,0.659994,0.934783,0.642857,0.932773,0.981588,0.803121,pass,ALA:A:880;ARG:A:938;ARG:A:980;ASN:A:981;ASP:A:939;ASP:A:976;ASP:A:994;GLN:A:853;GLN:A:854;GLU:A:1015;GLU:A:930;GLY:A:856;GLY:A:858;GLY:A:861;GLY:A:935;GLY:A:993;LEU:A:855;LEU:A:932;LEU:A:983;LYS:A:857;LYS:A:882;LYS:A:943;MET:A:929;PRO:A:933;SER:A:862;SER:A:936;TYR:A:931;TYR:A:934;TYR:A:940;VAL:A:863;VAL:A:911
CAND_dbfbb7d1cf,C:\Users\srira\Desktop\new_plan\EMD_V5_2_Hybrid\06_docking\v5_3_model_guided\poses\CAND_dbfbb7d1cf_vina_out.pdbqt,C:\Users\srira\Desktop\new_plan\EMD_V5_2_Hybrid\06_docking\receptor\jak2_prepared.pdbqt,-11.2,387,230,2.06,4022,33,26,69,149,433,0,2.56149,2.444246,0.666949,0.896552,0.663462,0.949045,0.980497,0.803091,pass,ALA:A:880;ARG:A:938;ARG:A:980;ASN:A:859;ASN:A:981;ASP:A:939;ASP:A:976;ASP:A:994;GLN:A:853;GLN:A:854;GLU:A:1015;GLU:A:930;GLY:A:856;GLY:A:858;GLY:A:861;GLY:A:935;GLY:A:993;GLY:A:996;ILE:A:982;LEU:A:855;LEU:A:932;LEU:A:983;LYS:A:857;LYS:A:882;LYS:A:943;MET:A:929;PHE:A:860;PRO:A:933;SER:A:936;TYR:A:931;TYR:A:934;VAL:A:863;VAL:A:911
CAND_454e8d3cd4,C:\Users\srira\Desktop\new_plan\EMD_V5_2_Hybrid\06_docking\v5_3_model_guided\poses\CAND_454e8d3cd4_vina_out.pdbqt,C:\Users\srira\Desktop\new_plan\EMD_V5_2_Hybrid\06_docking\receptor\jak2_prepared.pdbqt,-10.9,387,224,2.018,4082,31,17,89,149,407,0,2.304183,2.312644,0.657079,0.85,0.717742,0.949045,0.980778,0.801732,pass,ALA:A:880;ARG:A:938;ARG:A:980;ASN:A:981;ASP:A:939;ASP:A:976;ASP:A:994;GLN:A:853;GLN:A:854;GLU:A:1015;GLU:A:930;GLY:A:856;GLY:A:858;GLY:A:861;GLY:A:935;GLY:A:993;ILE:A:982;LEU:A:855;LEU:A:932;LEU:A:983;LYS:A:857;LYS:A:882;LYS:A:943;MET:A:929;PRO:A:933;SER:A:862;SER:A:936;TYR:A:931;TYR:A:934;VAL:A:863;VAL:A:911
CAND_5580e1eed5,C:\Users\srira\Desktop\new_plan\EMD_V5_2_Hybrid\06_docking\v5_3_model_guided\poses\CAND_5580e1eed5_vina_out.pdbqt,C:\Users\srira\Desktop\new_plan\EMD_V5_2_Hybrid\06_docking\receptor\jak2_prepared.pdbqt,-10.5,378,235,2.068,3890,34,15,92,118,397,0,2.836815,2.833445,0.660989,0.833333,0.724409,0.936508,0.979849,0.799466,pass,ALA:A:880;ARG:A:938;ARG:A:980;ASN:A:859;ASN:A:981;ASP:A:939;ASP:A:976;ASP:A:994;GLN:A:853;GLN:A:854;GLU:A:1015;GLU:A:930;GLY:A:856;GLY:A:858;GLY:A:861;GLY:A:935;GLY:A:993;GLY:A:996;ILE:A:982;LEU:A:855;LEU:A:932;LEU:A:983;LEU:A:997;LYS:A:857;LYS:A:882;LYS:A:943;MET:A:929;PRO:A:933;SER:A:862;SER:A:936;TYR:A:931;TYR:A:934;VAL:A:863;VAL:A:911
CAND_b3c1e9c6e7,C:\Users\srira\Desktop\new_plan\EMD_V5_2_Hybrid\06_docking\v5_3_model_guided\poses\CAND_b3c1e9c6e7_vina_out.pdbqt,C:\Users\srira\Desktop\new_plan\EMD_V5_2_Hybrid\06_docking\receptor\jak2_prepared.pdbqt,-8.1,351,271,1.767,3779,35,69,216,40,483,1,3.081683,3.011924,0.665602,0.958333,0.860558,0.833333,0.979269,0.797646,review,ALA:A:880;ARG:A:938;ARG:A:980;ASN:A:859;ASN:A:981;ASP:A:939;ASP:A:976;ASP:A:994;GLN:A:853;GLN:A:854;GLU:A:1015;GLU:A:930;GLY:A:856;GLY:A:858;GLY:A:861;GLY:A:935;GLY:A:993;GLY:A:996;ILE:A:982;LEU:A:855;LEU:A:932;LEU:A:983;LYS:A:857;LYS:A:882;LYS:A:943;MET:A:929;PHE:A:860;PRO:A:933;SER:A:862;SER:A:936;TYR:A:931;TYR:A:934;VAL:A:863;VAL:A:911;VAL:A:984
CAND_f0bd1b6255,C:\Users\srira\Desktop\new_plan\EMD_V5_2_Hybrid\06_docking\v5_3_model_guided\poses\CAND_f0bd1b6255_vina_out.pdbqt,C:\Users\srira\Desktop\new_plan\EMD_V5_2_Hybrid\06_docking\receptor\jak2_prepared.pdbqt,-8.6,432,278,1.874,4388,36,119,91,12,710,0,4.338053,4.359569,0.664775,0.97541,0.722222,0.6,0.982095,0.795378,pass,ALA:A:880;ARG:A:938;ARG:A:980;ASN:A:859;ASN:A:981;ASP:A:939;ASP:A:976;ASP:A:994;GLN:A:853;GLN:A:854;GLU:A:1015;GLU:A:930;GLY:A:856;GLY:A:858;GLY:A:861;GLY:A:935;GLY:A:993;GLY:A:996;ILE:A:982;LEU:A:855;LEU:A:932;LEU:A:983;LYS:A:857;LYS:A:882;LYS:A:943;MET:A:865;MET:A:929;PHE:A:995;PRO:A:933;SER:A:862;SER:A:936;TYR:A:931;TYR:A:934;VAL:A:863;VAL:A:911;VAL:A:984
CAND_49e76c18fa,C:\Users\srira\Desktop\new_plan\EMD_V5_2_Hybrid\06_docking\v5_3_model_guided\poses\CAND_49e76c18fa_vina_out.pdbqt,C:\Users\srira\Desktop\new_plan\EMD_V5_2_Hybrid\06_docking\receptor\jak2_prepared.pdbqt,-8.4,315,242,1.942,3547,31,23,291,7,417,0,2.429858,2.434551,0.658215,0.884615,0.892638,0.466667,0.977943,0.79517,pass,ALA:A:880;ARG:A:938;ARG:A:980;ASN:A:859;ASN:A:981;ASP:A:939;ASP:A:976;ASP:A:994;GLU:A:1015;GLU:A:930;GLY:A:856;GLY:A:858;GLY:A:861;GLY:A:935;GLY:A:993;GLY:A:996;LEU:A:855;LEU:A:932;LEU:A:983;LEU:A:997;LYS:A:857;LYS:A:882;MET:A:929;PHE:A:860;PRO:A:933;SER:A:862;SER:A:936;TYR:A:931;VAL:A:863;VAL:A:911;VAL:A:984
CAND_79995adf19,C:\Users\srira\Desktop\new_plan\EMD_V5_2_Hybrid\06_docking\v5_3_model_guided\poses\CAND_79995adf19_vina_out.pdbqt,C:\Users\srira\Desktop\new_plan\EMD_V5_2_Hybrid\06_docking\receptor\jak2_prepared.pdbqt,-9.4,432,226,1.811,4200,27,51,132,9,605,0,2.833232,2.827119,0.661129,0.944444,0.790419,0.529412,0.981308,0.794514,pass,ALA:A:880;ARG:A:938;ARG:A:980;ASN:A:981;ASP:A:939;ASP:A:994;GLN:A:853;GLN:A:854;GLU:A:930;GLY:A:856;GLY:A:858;GLY:A:861;GLY:A:935;GLY:A:993;ILE:A:982;LEU:A:855;LEU:A:932;LEU:A:983;LYS:A:857;LYS:A:882;LYS:A:943;MET:A:929;SER:A:862;SER:A:936;TYR:A:931;VAL:A:863;VAL:A:911
CAND_9d4c5cab6d,C:\Users\srira\Desktop\new_plan\EMD_V5_2_Hybrid\06_docking\v5_3_model_guided\poses\CAND_9d4c5cab6d_vina_out.pdbqt,C:\Users\srira\Desktop\new_plan\EMD_V5_2_Hybrid\06_docking\receptor\jak2_prepared.pdbqt,-8.3,324,252,1.732,3727,36,33,268,35,460,1,3.078454,2.961467,0.668164,0.916667,0.884488,0.813953,0.978986,0.792873,review,ALA:A:880;ARG:A:938;ARG:A:980;ASN:A:859;ASN:A:981;ASP:A:939;ASP:A:976;ASP:A:994;GLN:A:853;GLN:A:854;GLN:A:885;GLU:A:1015;GLU:A:930;GLY:A:856;GLY:A:858;GLY:A:861;GLY:A:935;GLY:A:993;GLY:A:996;ILE:A:982;LEU:A:855;LEU:A:932;LEU:A:983;LEU:A:997;LYS:A:857;LYS:A:882;MET:A:929;PHE:A:860;PRO:A:933;SER:A:862;SER:A:936;TYR:A:931;TYR:A:934;VAL:A:863;VAL:A:911;VAL:A:984
CAND_2aa8e00931,C:\Users\srira\Desktop\new_plan\EMD_V5_2_Hybrid\06_docking\v5_3_model_guided\poses\CAND_2aa8e00931_vina_out.pdbqt,C:\Users\srira\Desktop\new_plan\EMD_V5_2_Hybrid\06_docking\receptor\jak2_prepared.pdbqt,-7.6,387,257,1.613,3923,34,23,208,64,471,1,2.860288,2.841993,0.66195,0.884615,0.855967,0.888889,0.980015,0.786593,review,ALA:A:880;ARG:A:938;ARG:A:980;ASN:A:859;ASN:A:981;ASP:A:939;ASP:A:976;ASP:A:994;GLN:A:853;GLN:A:854;GLU:A:1015;GLU:A:930;GLY:A:856;GLY:A:858;GLY:A:861;GLY:A:935;GLY:A:993;GLY:A:996;ILE:A:982;LEU:A:855;LEU:A:932;LEU:A:983;LYS:A:857;LYS:A:882;LYS:A:943;MET:A:929;PRO:A:933;SER:A:862;SER:A:936;TYR:A:931;TYR:A:934;TYR:A:940;VAL:A:863;VAL:A:911
CAND_fd6a72e89d,C:\Users\srira\Desktop\new_plan\EMD_V5_2_Hybrid\06_docking\v5_3_model_guided\poses\CAND_fd6a72e89d_vina_out.pdbqt,C:\Users\srira\Desktop\new_plan\EMD_V5_2_Hybrid\06_docking\receptor\jak2_prepared.pdbqt,-7.9,324,263,1.68,3771,34,37,255,23,446,1,2.939925,2.888255,0.664156,0.925,0.87931,0.741935,0.979226,0.785148,review,ALA:A:880;ARG:A:938;ARG:A:980;ASN:A:981;ASP:A:939;ASP:A:976;ASP:A:994;GLN:A:853;GLN:A:854;GLU:A:1015;GLU:A:930;GLY:A:856;GLY:A:858;GLY:A:861;GLY:A:935;GLY:A:993;GLY:A:996;ILE:A:982;LEU:A:855;LEU:A:932;LEU:A:983;LYS:A:857;LYS:A:882;LYS:A:943;MET:A:929;PHE:A:860;PRO:A:933;SER:A:862;SER:A:936;TYR:A:931;TYR:A:934;VAL:A:863;VAL:A:911;VAL:A:984
CAND_5682a4f941,C:\Users\srira\Desktop\new_plan\EMD_V5_2_Hybrid\06_docking\v5_3_model_guided\poses\CAND_5682a4f941_vina_out.pdbqt,C:\Users\srira\Desktop\new_plan\EMD_V5_2_Hybrid\06_docking\receptor\jak2_prepared.pdbqt,-8.6,441,291,1.406,4591,37,117,178,19,734,1,4.142506,4.065848,0.668182,0.975,0.835681,0.703704,0.982873,0.784536,review,ALA:A:880;ARG:A:938;ARG:A:980;ASN:A:859;ASN:A:981;ASP:A:939;ASP:A:976;ASP:A:994;GLN:A:853;GLN:A:854;GLN:A:885;GLU:A:1015;GLU:A:930;GLY:A:856;GLY:A:858;GLY:A:861;GLY:A:935;GLY:A:993;GLY:A:996;ILE:A:982;LEU:A:855;LEU:A:932;LEU:A:983;LYS:A:857;LYS:A:882;LYS:A:912;LYS:A:943;MET:A:929;PRO:A:933;SER:A:862;SER:A:936;TYR:A:931;TYR:A:934;TYR:A:940;VAL:A:863;VAL:A:911;VAL:A:984
CAND_1ec7ae5d21,C:\Users\srira\Desktop\new_plan\EMD_V5_2_Hybrid\06_docking\v5_3_model_guided\poses\CAND_1ec7ae5d21_vina_out.pdbqt,C:\Users\srira\Desktop\new_plan\EMD_V5_2_Hybrid\06_docking\receptor\jak2_prepared.pdbqt,-9.2,432,261,1.779,4360,33,94,239,13,643,1,3.285562,3.145511,0.669745,0.969072,0.872263,0.619048,0.981982,0.782492,review,ALA:A:880;ARG:A:938;ARG:A:980;ASN:A:859;ASN:A:981;ASP:A:939;ASP:A:976;ASP:A:994;GLN:A:853;GLN:A:854;GLU:A:1015;GLU:A:930;GLY:A:856;GLY:A:858;GLY:A:861;GLY:A:935;GLY:A:993;ILE:A:982;LEU:A:855;LEU:A:932;LEU:A:983;LYS:A:857;LYS:A:882;LYS:A:943;MET:A:929;PRO:A:933;SER:A:862;SER:A:936;TYR:A:931;TYR:A:934;VAL:A:863;VAL:A:911;VAL:A:984
CAND_6c9b69bfe2,C:\Users\srira\Desktop\new_plan\EMD_V5_2_Hybrid\06_docking\v5_3_model_guided\poses\CAND_6c9b69bfe2_vina_out.pdbqt,C:\Users\srira\Desktop\new_plan\EMD_V5_2_Hybrid\06_docking\receptor\jak2_prepared.pdbqt,-8.2,315,251,1.786,3423,33,18,216,50,430,1,2.489714,2.423378,0.663294,0.857143,0.860558,0.862069,0.977162,0.779168,review,ALA:A:880;ARG:A:938;ARG:A:980;ASN:A:859;ASN:A:981;ASP:A:939;ASP:A:976;ASP:A:994;GLN:A:853;GLN:A:854;GLU:A:1015;GLU:A:930;GLY:A:856;GLY:A:858;GLY:A:861;GLY:A:935;GLY:A:993;GLY:A:996;ILE:A:982;LEU:A:855;LEU:A:932;LEU:A:983;LYS:A:857;LYS:A:882;LYS:A:943;MET:A:929;PRO:A:933;SER:A:862;SER:A:936;TYR:A:931;TYR:A:934;VAL:A:863;VAL:A:911
CAND_a57d09f53c,C:\Users\srira\Desktop\new_plan\EMD_V5_2_Hybrid\06_docking\v5_3_model_guided\poses\CAND_a57d09f53c_vina_out.pdbqt,C:\Users\srira\Desktop\new_plan\EMD_V5_2_Hybrid\06_docking\receptor\jak2_prepared.pdbqt,-7.8,396,273,1.796,4178,36,27,166,49,468,1,2.733297,2.816343,0.655417,0.9,0.825871,0.859649,0.981212,0.779006,review,ALA:A:880;ARG:A:938;ARG:A:980;ASN:A:859;ASN:A:981;ASP:A:939;ASP:A:976;ASP:A:994;GLN:A:853;GLN:A:854;GLU:A:1015;GLU:A:930;GLY:A:856;GLY:A:858;GLY:A:861;GLY:A:935;GLY:A:993;GLY:A:996;ILE:A:982;LEU:A:855;LEU:A:932;LEU:A:983;LEU:A:997;LYS:A:857;LYS:A:882;LYS:A:943;MET:A:929;PHE:A:860;PRO:A:933;SER:A:862;SER:A:936;TYR:A:931;TYR:A:934;TYR:A:940;VAL:A:863;VAL:A:911
CAND_956024a173,C:\Users\srira\Desktop\new_plan\EMD_V5_2_Hybrid\06_docking\v5_3_model_guided\poses\CAND_956024a173_vina_out.pdbqt,C:\Users\srira\Desktop\new_plan\EMD_V5_2_Hybrid\06_docking\receptor\jak2_prepared.pdbqt,-8.3,315,242,2.124,3550,32,35,260,2,465,0,2.698679,2.558392,0.668772,0.921053,0.881356,0.2,0.977961,0.776706,pass,ALA:A:880;ARG:A:938;ARG:A:980;ASN:A:859;ASN:A:981;ASP:A:939;ASP:A:976;ASP:A:994;GLN:A:853;GLU:A:1015;GLU:A:930;GLY:A:856;GLY:A:858;GLY:A:861;GLY:A:935;GLY:A:993;GLY:A:996;ILE:A:982;LEU:A:855;LEU:A:932;LEU:A:983;LYS:A:857;LYS:A:882;MET:A:929;PHE:A:995;SER:A:862;SER:A:936;TYR:A:931;TYR:A:934;VAL:A:863;VAL:A:911;VAL:A:984
CAND_44327fe5a9,C:\Users\srira\Desktop\new_plan\EMD_V5_2_Hybrid\06_docking\v5_3_model_guided\poses\CAND_44327fe5a9_vina_out.pdbqt,C:\Users\srira\Desktop\new_plan\EMD_V5_2_Hybrid\06_docking\receptor\jak2_prepared.pdbqt,-8.8,315,242,2.285,3659,32,25,341,2,420,0,2.731606,2.696417,0.662378,0.892857,0.906915,0.2,0.978604,0.774389,pass,ALA:A:880;ARG:A:938;ARG:A:980;ASN:A:859;ASN:A:981;ASP:A:939;ASP:A:976;ASP:A:994;GLU:A:1015;GLU:A:930;GLY:A:856;GLY:A:858;GLY:A:861;GLY:A:935;GLY:A:993;GLY:A:996;LEU:A:855;LEU:A:932;LEU:A:983;LYS:A:857;LYS:A:882;MET:A:929;PHE:A:860;PHE:A:995;PRO:A:933;SER:A:862;SER:A:936;TYR:A:931;TYR:A:934;VAL:A:863;VAL:A:911;VAL:A:984
CAND_e6c0627bb9,C:\Users\srira\Desktop\new_plan\EMD_V5_2_Hybrid\06_docking\v5_3_model_guided\poses\CAND_e6c0627bb9_vina_out.pdbqt,C:\Users\srira\Desktop\new_plan\EMD_V5_2_Hybrid\06_docking\receptor\jak2_prepared.pdbqt,-8.4,351,237,1.601,3846,34,40,328,9,484,1,3.177382,3.092362,0.66667,0.930233,0.903581,0.529412,0.979623,0.770629,review,ALA:A:880;ARG:A:938;ARG:A:980;ASN:A:981;ASP:A:939;ASP:A:976;ASP:A:994;GLN:A:853;GLN:A:854;GLN:A:885;GLU:A:1015;GLU:A:930;GLY:A:856;GLY:A:858;GLY:A:861;GLY:A:935;GLY:A:993;GLY:A:996;ILE:A:982;LEU:A:855;LEU:A:932;LEU:A:983;LEU:A:997;LYS:A:857;LYS:A:882;MET:A:929;PHE:A:995;SER:A:862;SER:A:936;TYR:A:931;TYR:A:934;VAL:A:863;VAL:A:911;VAL:A:984
CAND_f134535edd,C:\Users\srira\Desktop\new_plan\EMD_V5_2_Hybrid\06_docking\v5_3_model_guided\poses\CAND_f134535edd_vina_out.pdbqt,C:\Users\srira\Desktop\new_plan\EMD_V5_2_Hybrid\06_docking\receptor\jak2_prepared.pdbqt,-11.0,414,241,1.584,4403,34,51,70,145,514,1,3.214914,3.142786,0.666093,0.944444,0.666667,0.947712,0.982155,0.768252,review,ALA:A:880;ARG:A:938;ARG:A:980;ASN:A:859;ASN:A:981;ASP:A:939;ASP:A:976;ASP:A:994;GLN:A:853;GLN:A:854;GLN:A:885;GLU:A:1015;GLU:A:930;GLY:A:856;GLY:A:858;GLY:A:861;GLY:A:935;GLY:A:993;GLY:A:996;LEU:A:855;LEU:A:932;LEU:A:983;LYS:A:857;LYS:A:882;LYS:A:943;MET:A:929;PHE:A:860;PRO:A:933;SER:A:862;SER:A:936;TYR:A:931;TYR:A:934;VAL:A:863;VAL:A:911
CAND_9b2dbc98ed,C:\Users\srira\Desktop\new_plan\EMD_V5_2_Hybrid\06_docking\v5_3_model_guided\poses\CAND_9b2dbc98ed_vina_out.pdbqt,C:\Users\srira\Desktop\new_plan\EMD_V5_2_Hybrid\06_docking\receptor\jak2_prepared.pdbqt,-11.0,405,245,1.779,4331,34,39,75,143,536,1,2.963375,2.938817,0.662731,0.928571,0.681818,0.94702,0.981864,0.766972,review,ALA:A:880;ARG:A:938;ARG:A:980;ASN:A:859;ASN:A:981;ASP:A:939;ASP:A:976;ASP:A:994;GLN:A:853;GLN:A:854;GLU:A:1015;GLU:A:930;GLY:A:856;GLY:A:858;GLY:A:861;GLY:A:935;GLY:A:993;GLY:A:996;ILE:A:982;LEU:A:855;LEU:A:932;LEU:A:983;LYS:A:857;LYS:A:882;LYS:A:943;MET:A:929;PHE:A:860;PRO:A:933;SER:A:862;SER:A:936;TYR:A:931;TYR:A:934;VAL:A:863;VAL:A:911
CAND_94f502517a,C:\Users\srira\Desktop\new_plan\EMD_V5_2_Hybrid\06_docking\v5_3_model_guided\poses\CAND_94f502517a_vina_out.pdbqt,C:\Users\srira\Desktop\new_plan\EMD_V5_2_Hybrid\06_docking\receptor\jak2_prepared.pdbqt,-8.3,369,248,1.623,4042,33,89,101,22,541,1,4.494053,4.431776,0.668165,0.967391,0.742647,0.733333,0.980592,0.766909,review,ALA:A:880;ARG:A:938;ARG:A:980;ASN:A:859;ASN:A:981;ASP:A:939;ASP:A:976;ASP:A:994;GLN:A:853;GLN:A:854;GLN:A:885;GLU:A:1015;GLU:A:930;GLY:A:856;GLY:A:858;GLY:A:861;GLY:A:935;GLY:A:993;GLY:A:996;LEU:A:855;LEU:A:932;LEU:A:983;LYS:A:857;LYS:A:882;LYS:A:943;PHE:A:860;PRO:A:933;SER:A:862;SER:A:936;TYR:A:931;TYR:A:934;VAL:A:863;VAL:A:911
CAND_3b164e0480,C:\Users\srira\Desktop\new_plan\EMD_V5_2_Hybrid\06_docking\v5_3_model_guided\poses\CAND_3b164e0480_vina_out.pdbqt,C:\Users\srira\Desktop\new_plan\EMD_V5_2_Hybrid\06_docking\receptor\jak2_prepared.pdbqt,-10.5,387,234,1.348,3988,32,43,80,70,429,1,3.129354,3.186643,0.659126,0.934783,0.695652,0.897436,0.980334,0.764635,review,ALA:A:880;ARG:A:938;ARG:A:980;ASN:A:859;ASN:A:981;ASP:A:939;ASP:A:976;ASP:A:994;GLN:A:853;GLN:A:854;GLU:A:1015;GLU:A:930;GLY:A:856;GLY:A:858;GLY:A:861;GLY:A:935;GLY:A:993;GLY:A:996;ILE:A:982;LEU:A:855;LEU:A:932;LEU:A:983;LYS:A:857;LYS:A:882;LYS:A:943;MET:A:929;PRO:A:933;SER:A:936;TYR:A:931;TYR:A:934;VAL:A:863;VAL:A:911
CAND_13947fed1a,C:\Users\srira\Desktop\new_plan\EMD_V5_2_Hybrid\06_docking\v5_3_model_guided\poses\CAND_13947fed1a_vina_out.pdbqt,C:\Users\srira\Desktop\new_plan\EMD_V5_2_Hybrid\06_docking\receptor\jak2_prepared.pdbqt,-10.7,378,255,1.616,4188,35,27,87,97,485,1,2.889365,2.942573,0.658078,0.9,0.713115,0.92381,0.981256,0.763679,review,ALA:A:880;ARG:A:938;ARG:A:980;ASN:A:859;ASN:A:981;ASP:A:939;ASP:A:976;ASP:A:994;GLN:A:853;GLN:A:854;GLU:A:1015;GLU:A:930;GLY:A:856;GLY:A:858;GLY:A:861;GLY:A:935;GLY:A:993;GLY:A:996;ILE:A:982;LEU:A:855;LEU:A:932;LEU:A:983;LYS:A:857;LYS:A:882;LYS:A:943;MET:A:929;PHE:A:860;PRO:A:933;SER:A:862;SER:A:936;TYR:A:931;TYR:A:934;TYR:A:940;VAL:A:863;VAL:A:911
CAND_35c4ee0b09,C:\Users\srira\Desktop\new_plan\EMD_V5_2_Hybrid\06_docking\v5_3_model_guided\poses\CAND_35c4ee0b09_vina_out.pdbqt,C:\Users\srira\Desktop\new_plan\EMD_V5_2_Hybrid\06_docking\receptor\jak2_prepared.pdbqt,-8.4,432,272,1.563,4628,36,124,174,8,750,1,4.48863,4.502941,0.665369,0.976378,0.832536,0.5,0.983008,0.762995,review,ALA:A:880;ARG:A:938;ARG:A:980;ASN:A:859;ASN:A:981;ASP:A:939;ASP:A:976;ASP:A:994;GLN:A:853;GLN:A:854;GLN:A:885;GLU:A:1015;GLU:A:930;GLY:A:856;GLY:A:858;GLY:A:861;GLY:A:935;GLY:A:993;GLY:A:996;ILE:A:982;LEU:A:855;LEU:A:932;LEU:A:983;LYS:A:857;LYS:A:882;LYS:A:943;MET:A:865;PHE:A:860;PRO:A:933;SER:A:862;SER:A:936;TYR:A:931;TYR:A:934;VAL:A:863;VAL:A:911;VAL:A:984
CAND_2e11abfe19,C:\Users\srira\Desktop\new_plan\EMD_V5_2_Hybrid\06_docking\v5_3_model_guided\poses\CAND_2e11abfe19_vina_out.pdbqt,C:\Users\srira\Desktop\new_plan\EMD_V5_2_Hybrid\06_docking\receptor\jak2_prepared.pdbqt,-8.3,351,242,1.715,3907,32,86,321,4,518,1,3.869164,3.862471,0.664753,0.966292,0.901685,0.333333,0.979935,0.757342,review,ALA:A:880;ARG:A:938;ARG:A:980;ASN:A:859;ASN:A:981;ASP:A:939;ASP:A:976;ASP:A:994;GLN:A:853;GLN:A:854;GLU:A:1015;GLU:A:930;GLY:A:856;GLY:A:858;GLY:A:861;GLY:A:935;GLY:A:993;GLY:A:996;LEU:A:855;LEU:A:932;LEU:A:983;LYS:A:857;LYS:A:882;LYS:A:943;MET:A:929;PHE:A:860;PHE:A:995;PRO:A:933;SER:A:936;TYR:A:931;VAL:A:863;VAL:A:911
CAND_2f2a0d40fd,C:\Users\srira\Desktop\new_plan\EMD_V5_2_Hybrid\06_docking\v5_3_model_guided\poses\CAND_2f2a0d40fd_vina_out.pdbqt,C:\Users\srira\Desktop\new_plan\EMD_V5_2_Hybrid\06_docking\receptor\jak2_prepared.pdbqt,-8.1,432,282,1.933,4008,35,109,171,0,661,0,4.305862,4.234731,0.668217,0.973214,0.830097,0.0,0.980431,0.757214,pass,ALA:A:880;ARG:A:938;ARG:A:980;ASN:A:859;ASN:A:981;ASP:A:939;ASP:A:976;ASP:A:994;GLN:A:853;GLN:A:854;GLN:A:885;GLU:A:1015;GLU:A:930;GLY:A:856;GLY:A:858;GLY:A:861;GLY:A:935;GLY:A:993;GLY:A:996;LEU:A:855;LEU:A:932;LEU:A:983;LYS:A:857;LYS:A:882;LYS:A:943;MET:A:865;MET:A:929;PHE:A:860;PRO:A:933;SER:A:862;SER:A:936;TYR:A:931;TYR:A:934;VAL:A:863;VAL:A:911
CAND_d93664c4b9,C:\Users\srira\Desktop\new_plan\EMD_V5_2_Hybrid\06_docking\v5_3_model_guided\poses\CAND_d93664c4b9_vina_out.pdbqt,C:\Users\srira\Desktop\new_plan\EMD_V5_2_Hybrid\06_docking\receptor\jak2_prepared.pdbqt,-7.9,315,247,1.697,3470,34,23,329,8,405,1,2.520811,2.510043,0.659791,0.884615,0.903846,0.5,0.977465,0.756123,review,ALA:A:880;ARG:A:938;ARG:A:980;ASN:A:859;ASN:A:981;ASP:A:939;ASP:A:976;ASP:A:994;GLN:A:853;GLN:A:885;GLU:A:1015;GLU:A:930;GLY:A:856;GLY:A:858;GLY:A:861;GLY:A:935;GLY:A:993;GLY:A:996;ILE:A:982;LEU:A:855;LEU:A:932;LEU:A:983;LEU:A:997;LYS:A:857;LYS:A:882;MET:A:929;PHE:A:860;PHE:A:995;PRO:A:933;SER:A:862;SER:A:936;TYR:A:931;VAL:A:863;VAL:A:911
CAND_a8aa3f8065,C:\Users\srira\Desktop\new_plan\EMD_V5_2_Hybrid\06_docking\v5_3_model_guided\poses\CAND_a8aa3f8065_vina_out.pdbqt,C:\Users\srira\Desktop\new_plan\EMD_V5_2_Hybrid\06_docking\receptor\jak2_prepared.pdbqt,-10.7,396,245,1.654,4092,35,29,65,139,423,1,2.755494,2.734394,0.661643,0.90625,0.65,0.945578,0.980825,0.755466,review,ALA:A:880;ARG:A:938;ARG:A:980;ASN:A:859;ASN:A:981;ASP:A:939;ASP:A:976;ASP:A:994;GLN:A:853;GLN:A:854;GLU:A:1015;GLU:A:930;GLY:A:856;GLY:A:858;GLY:A:861;GLY:A:935;GLY:A:993;GLY:A:996;ILE:A:982;LEU:A:855;LEU:A:932;LEU:A:983;LYS:A:857;LYS:A:882;LYS:A:943;MET:A:929;PHE:A:995;PRO:A:933;SER:A:862;SER:A:936;THR:A:979;TYR:A:931;TYR:A:934;VAL:A:863;VAL:A:911
CAND_7f6895293f,C:\Users\srira\Desktop\new_plan\EMD_V5_2_Hybrid\06_docking\v5_3_model_guided\poses\CAND_7f6895293f_vina_out.pdbqt,C:\Users\srira\Desktop\new_plan\EMD_V5_2_Hybrid\06_docking\receptor\jak2_prepared.pdbqt,-9.9,432,264,1.502,4775,36,86,331,21,672,2,3.802898,3.928068,0.659032,0.966292,0.904372,0.724138,0.983522,0.75096,review,ALA:A:880;ARG:A:938;ARG:A:980;ASN:A:859;ASN:A:981;ASP:A:939;ASP:A:976;ASP:A:994;GLN:A:853;GLN:A:854;GLU:A:1015;GLU:A:930;GLY:A:856;GLY:A:858;GLY:A:861;GLY:A:935;GLY:A:993;GLY:A:996;LEU:A:855;LEU:A:932;LEU:A:983;LEU:A:997;LYS:A:857;LYS:A:882;LYS:A:912;LYS:A:943;MET:A:929;PHE:A:860;PRO:A:933;SER:A:936;TYR:A:931;TYR:A:934;TYR:A:940;VAL:A:863;VAL:A:911;VAL:A:984
CAND_c32c4f2b09,C:\Users\srira\Desktop\new_plan\EMD_V5_2_Hybrid\06_docking\v5_3_model_guided\poses\CAND_c32c4f2b09_vina_out.pdbqt,C:\Users\srira\Desktop\new_plan\EMD_V5_2_Hybrid\06_docking\receptor\jak2_prepared.pdbqt,-10.7,378,250,1.131,4091,34,37,59,59,468,1,3.485433,3.535504,0.661033,0.925,0.62766,0.880597,0.98082,0.748066,review,ALA:A:880;ARG:A:938;ARG:A:980;ASN:A:859;ASN:A:981;ASP:A:939;ASP:A:976;ASP:A:994;GLN:A:853;GLN:A:854;GLU:A:1015;GLU:A:930;GLY:A:856;GLY:A:858;GLY:A:861;GLY:A:935;GLY:A:993;GLY:A:996;ILE:A:982;LEU:A:855;LEU:A:932;LEU:A:983;LYS:A:857;LYS:A:882;LYS:A:943;MET:A:929;PHE:A:860;PRO:A:933;SER:A:862;SER:A:936;TYR:A:931;TYR:A:934;VAL:A:863;VAL:A:911
CAND_e16585ad8a,C:\Users\srira\Desktop\new_plan\EMD_V5_2_Hybrid\06_docking\v5_3_model_guided\poses\CAND_e16585ad8a_vina_out.pdbqt,C:\Users\srira\Desktop\new_plan\EMD_V5_2_Hybrid\06_docking\receptor\jak2_prepared.pdbqt,-8.2,342,266,1.38,3923,36,29,268,43,478,2,2.764974,2.701363,0.664224,0.90625,0.884488,0.843137,0.980015,0.747732,review,ALA:A:880;ARG:A:938;ARG:A:980;ASN:A:859;ASN:A:981;ASP:A:939;ASP:A:976;ASP:A:994;GLN:A:853;GLN:A:854;GLU:A:1015;GLU:A:930;GLY:A:856;GLY:A:858;GLY:A:861;GLY:A:935;GLY:A:993;GLY:A:996;ILE:A:982;LEU:A:855;LEU:A:932;LEU:A:983;LEU:A:997;LYS:A:857;LYS:A:882;LYS:A:943;MET:A:929;PHE:A:995;PRO:A:933;SER:A:862;SER:A:936;TYR:A:931;TYR:A:934;TYR:A:940;VAL:A:863;VAL:A:911
CAND_637465f4e1,C:\Users\srira\Desktop\new_plan\EMD_V5_2_Hybrid\06_docking\v5_3_model_guided\poses\CAND_637465f4e1_vina_out.pdbqt,C:\Users\srira\Desktop\new_plan\EMD_V5_2_Hybrid\06_docking\receptor\jak2_prepared.pdbqt,-8.1,432,272,1.737,4140,37,108,99,9,652,1,4.067244,4.102418,0.66357,0.972973,0.738806,0.529412,0.981043,0.745577,review,ALA:A:880;ARG:A:938;ARG:A:980;ASN:A:859;ASN:A:981;ASP:A:939;ASP:A:976;ASP:A:994;GLN:A:853;GLN:A:854;GLN:A:885;GLU:A:1015;GLU:A:930;GLY:A:856;GLY:A:858;GLY:A:861;GLY:A:935;GLY:A:993;GLY:A:996;ILE:A:982;LEU:A:855;LEU:A:932;LEU:A:983;LYS:A:857;LYS:A:882;LYS:A:943;MET:A:865;MET:A:929;PRO:A:933;SER:A:862;SER:A:936;TYR:A:931;TYR:A:934;VAL:A:863;VAL:A:881;VAL:A:911;VAL:A:984
CAND_6cb1768675,C:\Users\srira\Desktop\new_plan\EMD_V5_2_Hybrid\06_docking\v5_3_model_guided\poses\CAND_6cb1768675_vina_out.pdbqt,C:\Users\srira\Desktop\new_plan\EMD_V5_2_Hybrid\06_docking\receptor\jak2_prepared.pdbqt,-7.8,333,250,1.592,3782,38,29,302,31,435,2,2.730675,2.770927,0.657889,0.90625,0.896142,0.794872,0.979285,0.743189,review,ALA:A:880;ARG:A:938;ARG:A:980;ASN:A:859;ASN:A:981;ASP:A:939;ASP:A:976;ASP:A:994;GLN:A:853;GLN:A:854;GLN:A:885;GLU:A:1015;GLU:A:930;GLY:A:856;GLY:A:858;GLY:A:861;GLY:A:935;GLY:A:993;GLY:A:996;ILE:A:982;LEU:A:855;LEU:A:932;LEU:A:983;LYS:A:857;LYS:A:882;LYS:A:943;MET:A:929;PHE:A:860;PHE:A:995;PRO:A:933;SER:A:862;SER:A:936;TYR:A:931;TYR:A:934;TYR:A:940;VAL:A:863;VAL:A:911;VAL:A:984
CAND_4791e858cc,C:\Users\srira\Desktop\new_plan\EMD_V5_2_Hybrid\06_docking\v5_3_model_guided\poses\CAND_4791e858cc_vina_out.pdbqt,C:\Users\srira\Desktop\new_plan\EMD_V5_2_Hybrid\06_docking\receptor\jak2_prepared.pdbqt,-8.3,333,260,1.697,3720,37,37,318,17,461,2,2.827348,2.839327,0.660063,0.925,0.90085,0.68,0.978947,0.736978,review,ALA:A:880;ARG:A:938;ARG:A:980;ASN:A:859;ASN:A:981;ASP:A:939;ASP:A:976;ASP:A:994;GLN:A:853;GLN:A:854;GLN:A:885;GLU:A:1015;GLU:A:930;GLY:A:856;GLY:A:858;GLY:A:861;GLY:A:935;GLY:A:993;GLY:A:996;ILE:A:982;LEU:A:855;LEU:A:932;LEU:A:983;LEU:A:997;LYS:A:857;LYS:A:882;MET:A:929;PHE:A:860;PHE:A:995;PRO:A:933;SER:A:862;SER:A:936;TYR:A:931;TYR:A:934;VAL:A:863;VAL:A:911;VAL:A:984
CAND_da006e9e54,C:\Users\srira\Desktop\new_plan\EMD_V5_2_Hybrid\06_docking\v5_3_model_guided\poses\CAND_da006e9e54_vina_out.pdbqt,C:\Users\srira\Desktop\new_plan\EMD_V5_2_Hybrid\06_docking\receptor\jak2_prepared.pdbqt,-8.9,441,281,1.745,4464,36,99,265,8,748,2,3.986702,3.985522,0.664821,0.970588,0.883333,0.5,0.982394,0.726709,review,ALA:A:880;ARG:A:938;ARG:A:980;ASN:A:859;ASN:A:981;ASP:A:939;ASP:A:976;ASP:A:994;GLN:A:853;GLN:A:854;GLU:A:1015;GLU:A:930;GLY:A:856;GLY:A:858;GLY:A:861;GLY:A:935;GLY:A:993;GLY:A:996;ILE:A:982;LEU:A:855;LEU:A:932;LEU:A:983;LYS:A:857;LYS:A:882;LYS:A:943;MET:A:929;PHE:A:860;PRO:A:933;SER:A:862;SER:A:936;TYR:A:931;TYR:A:934;TYR:A:940;VAL:A:863;VAL:A:911;VAL:A:984
CAND_206c165320,C:\Users\srira\Desktop\new_plan\EMD_V5_2_Hybrid\06_docking\v5_3_model_guided\poses\CAND_206c165320_vina_out.pdbqt,C:\Users\srira\Desktop\new_plan\EMD_V5_2_Hybrid\06_docking\receptor\jak2_prepared.pdbqt,-7.4,387,243,1.42,4106,34,25,94,125,449,2,2.80112,2.739584,0.664231,0.892857,0.728682,0.93985,0.980889,0.72374,review,ALA:A:880;ARG:A:938;ARG:A:980;ASN:A:859;ASN:A:981;ASP:A:939;ASP:A:976;ASP:A:994;GLN:A:853;GLN:A:854;GLU:A:1015;GLU:A:930;GLY:A:856;GLY:A:858;GLY:A:861;GLY:A:935;GLY:A:993;GLY:A:996;LEU:A:855;LEU:A:932;LEU:A:983;LEU:A:997;LYS:A:857;LYS:A:882;LYS:A:943;MET:A:929;PHE:A:860;PRO:A:933;SER:A:862;SER:A:936;TYR:A:931;TYR:A:934;VAL:A:863;VAL:A:911
CAND_9f32e71b10,C:\Users\srira\Desktop\new_plan\EMD_V5_2_Hybrid\06_docking\v5_3_model_guided\poses\CAND_9f32e71b10_vina_out.pdbqt,C:\Users\srira\Desktop\new_plan\EMD_V5_2_Hybrid\06_docking\receptor\jak2_prepared.pdbqt,-10.6,378,244,1.455,3992,33,36,71,100,443,2,2.910603,2.941768,0.659411,0.923077,0.669811,0.925926,0.980354,0.715064,review,ALA:A:880;ARG:A:938;ARG:A:980;ASN:A:981;ASP:A:939;ASP:A:976;ASP:A:994;GLN:A:853;GLN:A:854;GLU:A:1015;GLU:A:930;GLY:A:856;GLY:A:858;GLY:A:861;GLY:A:935;GLY:A:993;GLY:A:996;ILE:A:982;LEU:A:855;LEU:A:932;LEU:A:983;LYS:A:857;LYS:A:882;LYS:A:943;MET:A:929;PHE:A:995;PRO:A:933;SER:A:862;SER:A:936;TYR:A:931;TYR:A:934;VAL:A:863;VAL:A:911
CAND_bfdc82a98a,C:\Users\srira\Desktop\new_plan\EMD_V5_2_Hybrid\06_docking\v5_3_model_guided\poses\CAND_bfdc82a98a_vina_out.pdbqt,C:\Users\srira\Desktop\new_plan\EMD_V5_2_Hybrid\06_docking\receptor\jak2_prepared.pdbqt,-8.2,324,256,1.674,3740,32,38,259,49,443,3,2.685323,2.549232,0.668478,0.926829,0.880952,0.859649,0.979058,0.708876,review,ALA:A:880;ARG:A:938;ARG:A:980;ASN:A:981;ASP:A:939;ASP:A:994;GLN:A:853;GLN:A:854;GLN:A:885;GLU:A:930;GLY:A:856;GLY:A:858;GLY:A:861;GLY:A:935;GLY:A:993;ILE:A:982;LEU:A:855;LEU:A:932;LEU:A:983;LYS:A:857;LYS:A:882;LYS:A:943;MET:A:929;PHE:A:860;PRO:A:933;SER:A:862;SER:A:936;TYR:A:931;TYR:A:934;VAL:A:863;VAL:A:911;VAL:A:984
CAND_1675c88065,C:\Users\srira\Desktop\new_plan\EMD_V5_2_Hybrid\06_docking\v5_3_model_guided\poses\CAND_1675c88065_vina_out.pdbqt,C:\Users\srira\Desktop\new_plan\EMD_V5_2_Hybrid\06_docking\receptor\jak2_prepared.pdbqt,-11.0,387,263,1.166,4146,37,52,55,73,499,2,3.48192,3.428383,0.665857,0.945455,0.611111,0.901235,0.98107,0.707408,review,ALA:A:880;ARG:A:938;ARG:A:980;ASN:A:859;ASN:A:981;ASP:A:939;ASP:A:976;ASP:A:994;GLN:A:853;GLN:A:854;GLN:A:885;GLU:A:1015;GLU:A:898;GLU:A:930;GLY:A:856;GLY:A:858;GLY:A:861;GLY:A:935;GLY:A:993;GLY:A:996;ILE:A:982;LEU:A:855;LEU:A:932;LEU:A:983;LEU:A:997;LYS:A:857;LYS:A:882;LYS:A:943;MET:A:929;PHE:A:860;PRO:A:933;SER:A:862;SER:A:936;TYR:A:931;TYR:A:934;VAL:A:863;VAL:A:911
CAND_893be87c2e,C:\Users\srira\Desktop\new_plan\EMD_V5_2_Hybrid\06_docking\v5_3_model_guided\poses\CAND_893be87c2e_vina_out.pdbqt,C:\Users\srira\Desktop\new_plan\EMD_V5_2_Hybrid\06_docking\receptor\jak2_prepared.pdbqt,-9.4,441,241,1.68,4288,27,71,139,56,587,3,3.138679,3.285195,0.654699,0.959459,0.798851,0.875,0.981685,0.696909,review,ALA:A:880;ARG:A:938;ARG:A:980;ASN:A:981;ASP:A:939;ASP:A:994;GLN:A:853;GLN:A:854;GLU:A:930;GLY:A:856;GLY:A:858;GLY:A:935;GLY:A:993;LEU:A:855;LEU:A:932;LEU:A:983;LYS:A:857;LYS:A:882;LYS:A:943;MET:A:929;PRO:A:933;SER:A:862;SER:A:936;TYR:A:931;TYR:A:934;VAL:A:863;VAL:A:911
CAND_453a8d70ca,C:\Users\srira\Desktop\new_plan\EMD_V5_2_Hybrid\06_docking\v5_3_model_guided\poses\CAND_453a8d70ca_vina_out.pdbqt,C:\Users\srira\Desktop\new_plan\EMD_V5_2_Hybrid\06_docking\receptor\jak2_prepared.pdbqt,-8.6,360,249,1.278,4370,33,84,349,0,570,2,4.598606,4.476646,0.670467,0.965517,0.908854,0.0,0.982022,0.682419,review,ALA:A:880;ARG:A:938;ARG:A:980;ASN:A:859;ASN:A:981;ASP:A:939;ASP:A:976;ASP:A:994;GLN:A:853;GLU:A:1015;GLU:A:930;GLY:A:856;GLY:A:858;GLY:A:861;GLY:A:935;GLY:A:993;GLY:A:996;LEU:A:855;LEU:A:932;LEU:A:983;LYS:A:857;LYS:A:882;LYS:A:943;MET:A:929;PHE:A:860;PRO:A:933;SER:A:862;SER:A:936;TYR:A:931;TYR:A:934;VAL:A:863;VAL:A:911;VAL:A:984
CAND_f4705e122e,C:\Users\srira\Desktop\new_plan\EMD_V5_2_Hybrid\06_docking\v5_3_model_guided\poses\CAND_f4705e122e_vina_out.pdbqt,C:\Users\srira\Desktop\new_plan\EMD_V5_2_Hybrid\06_docking\receptor\jak2_prepared.pdbqt,-7.5,360,238,1.561,3770,32,52,80,48,454,3,2.616026,2.485939,0.667936,0.945455,0.695652,0.857143,0.979221,0.675161,review,ALA:A:880;ARG:A:938;ARG:A:980;ASN:A:859;ASN:A:981;ASP:A:939;ASP:A:976;ASP:A:994;GLN:A:853;GLN:A:854;GLU:A:1015;GLU:A:930;GLY:A:856;GLY:A:858;GLY:A:861;GLY:A:935;GLY:A:993;GLY:A:996;LEU:A:855;LEU:A:932;LEU:A:983;LYS:A:857;LYS:A:882;LYS:A:943;MET:A:929;PRO:A:933;SER:A:862;SER:A:936;TYR:A:931;TYR:A:934;VAL:A:863;VAL:A:911
CAND_f01d409d4a,C:\Users\srira\Desktop\new_plan\EMD_V5_2_Hybrid\06_docking\v5_3_model_guided\poses\CAND_f01d409d4a_vina_out.pdbqt,C:\Users\srira\Desktop\new_plan\EMD_V5_2_Hybrid\06_docking\receptor\jak2_prepared.pdbqt,-10.7,378,230,1.262,3804,34,28,59,93,407,3,2.657163,2.638603,0.661016,0.903226,0.62766,0.920792,0.979403,0.657442,review,ALA:A:880;ARG:A:938;ARG:A:980;ASN:A:859;ASN:A:981;ASP:A:939;ASP:A:976;ASP:A:994;GLN:A:853;GLN:A:854;GLN:A:885;GLU:A:1015;GLU:A:930;GLY:A:856;GLY:A:858;GLY:A:861;GLY:A:935;GLY:A:993;ILE:A:982;LEU:A:855;LEU:A:932;LEU:A:983;LYS:A:857;LYS:A:882;LYS:A:943;MET:A:929;PHE:A:860;PRO:A:933;SER:A:862;SER:A:936;TYR:A:931;TYR:A:934;VAL:A:863;VAL:A:911
CAND_ebd66c7b75,C:\Users\srira\Desktop\new_plan\EMD_V5_2_Hybrid\06_docking\v5_3_model_guided\poses\CAND_ebd66c7b75_vina_out.pdbqt,C:\Users\srira\Desktop\new_plan\EMD_V5_2_Hybrid\06_docking\receptor\jak2_prepared.pdbqt,-8.3,360,247,1.745,4152,33,107,390,0,515,3,4.099799,3.977383,0.669973,0.972727,0.917647,0.0,0.981096,0.640286,review,ALA:A:880;ARG:A:938;ARG:A:980;ASN:A:859;ASN:A:981;ASP:A:939;ASP:A:976;ASP:A:994;GLN:A:853;GLU:A:1015;GLU:A:930;GLY:A:856;GLY:A:858;GLY:A:861;GLY:A:935;GLY:A:993;GLY:A:996;LEU:A:855;LEU:A:932;LEU:A:983;LEU:A:997;LYS:A:857;LYS:A:882;MET:A:929;PHE:A:860;PRO:A:933;SER:A:862;SER:A:936;TYR:A:931;TYR:A:934;VAL:A:863;VAL:A:911;VAL:A:984
