candidate_id,smiles,sdf_path,status
CAND_e39c68c1d0,FCC=CNC1=NN=C2N=CC(=CC=CO2)C=CC=CC=N1,C:\Users\srira\Desktop\new_plan\EMD_V5_2_Hybrid\06_docking\ligands_sdf\CAND_e39c68c1d0.sdf,prepared
CAND_bd9a5bcc10,FNc1ncccccc2ccccc2ocnn1,C:\Users\srira\Desktop\new_plan\EMD_V5_2_Hybrid\06_docking\ligands_sdf\CAND_bd9a5bcc10.sdf,prepared
CAND_31c1461a1a,CCCN1CCCCN(C=CCl)CCCCCC1=O,C:\Users\srira\Desktop\new_plan\EMD_V5_2_Hybrid\06_docking\ligands_sdf\CAND_31c1461a1a.sdf,prepared
CAND_8e1f1bf521,FCOC=CNC1=NN2COc3c(cccc32)C=CC=CC=N1,C:\Users\srira\Desktop\new_plan\EMD_V5_2_Hybrid\06_docking\ligands_sdf\CAND_8e1f1bf521.sdf,prepared
CAND_45fd077ab1,CC(C)[C@@H](NC1=NCC=CNC(=O)CN(C)N=CC=C1)C(F)(F)F,C:\Users\srira\Desktop\new_plan\EMD_V5_2_Hybrid\06_docking\ligands_sdf\CAND_45fd077ab1.sdf,prepared
CAND_03abc0c2b1,CC[C@H](C1CCCC1)N1C=CC=NC=NCNC=CCC=N1,C:\Users\srira\Desktop\new_plan\EMD_V5_2_Hybrid\06_docking\ligands_sdf\CAND_03abc0c2b1.sdf,prepared
CAND_d8ca5c309a,CC1=NC=C(F)C=NN=CN=C(Cl)C=CC(n2cc(C)cn2)N=CN1,C:\Users\srira\Desktop\new_plan\EMD_V5_2_Hybrid\06_docking\ligands_sdf\CAND_d8ca5c309a.sdf,prepared
CAND_dad5236b95,CC1=CC=CC2=NCN(C3=CC=COCC3)NN2COC=CC=C1,C:\Users\srira\Desktop\new_plan\EMD_V5_2_Hybrid\06_docking\ligands_sdf\CAND_dad5236b95.sdf,prepared
CAND_5bcd4c7daf,CC1=CC=CC=COC2=NNC2(NC=CCl)N=CC=C1,C:\Users\srira\Desktop\new_plan\EMD_V5_2_Hybrid\06_docking\ligands_sdf\CAND_5bcd4c7daf.sdf,prepared
CAND_3404dcdd42,C[C@H]1CC=CC=CN=C(n2cnc3ccncc32)N=CC=CN1,C:\Users\srira\Desktop\new_plan\EMD_V5_2_Hybrid\06_docking\ligands_sdf\CAND_3404dcdd42.sdf,prepared
CAND_8f55b07da4,FC=CNC1=NNNCOc2ccccc2C=CC=CC=N1,C:\Users\srira\Desktop\new_plan\EMD_V5_2_Hybrid\06_docking\ligands_sdf\CAND_8f55b07da4.sdf,prepared
CAND_395a83733f,FNC1N=CC=CC=Cc2ccccc2OCNN=N1,C:\Users\srira\Desktop\new_plan\EMD_V5_2_Hybrid\06_docking\ligands_sdf\CAND_395a83733f.sdf,prepared
CAND_d69f8c8d4a,FC1=CC=CNN=C2C=C(C=CC=CO2)NCN=C1,C:\Users\srira\Desktop\new_plan\EMD_V5_2_Hybrid\06_docking\ligands_sdf\CAND_d69f8c8d4a.sdf,prepared
CAND_9b7c0adad8,CCN1C=CC=C2C=CN=CC=CC=C(Cl)C3=NC3(C=C2)NCC1,C:\Users\srira\Desktop\new_plan\EMD_V5_2_Hybrid\06_docking\ligands_sdf\CAND_9b7c0adad8.sdf,prepared
CAND_67afdb076f,CNC1=NC=NC(N[C@@H](C)c2ccccc2)=CCN=CC(=O)NO1,C:\Users\srira\Desktop\new_plan\EMD_V5_2_Hybrid\06_docking\ligands_sdf\CAND_67afdb076f.sdf,prepared
CAND_801ac66786,C[C@H]1CC=CC=CCC2(C=Nc3ccncc32)N=C(N(C)C)C=CN1,C:\Users\srira\Desktop\new_plan\EMD_V5_2_Hybrid\06_docking\ligands_sdf\CAND_801ac66786.sdf,prepared
CAND_962ca21bbb,ClC=CC=CNC1NN2COc3c(cccc32)C=CC=CCS1,C:\Users\srira\Desktop\new_plan\EMD_V5_2_Hybrid\06_docking\ligands_sdf\CAND_962ca21bbb.sdf,prepared
CAND_68b80f53f9,C[C@H]1C=C(F)C=NC(=N)C=CC=C=C(Nc2cn(C)cn2)CN1,C:\Users\srira\Desktop\new_plan\EMD_V5_2_Hybrid\06_docking\ligands_sdf\CAND_68b80f53f9.sdf,prepared
CAND_f3d4556a8b,O=C(Cc1ccccc1)N1CC=Nn2cccc2C2=CCC2C=NCC1,C:\Users\srira\Desktop\new_plan\EMD_V5_2_Hybrid\06_docking\ligands_sdf\CAND_f3d4556a8b.sdf,prepared
CAND_22d092771b,C[C@H]1CC=C(F)C=NN=C(N2CCOCC2)C=C(Nc2ncc(C#N)s2)N=N1,C:\Users\srira\Desktop\new_plan\EMD_V5_2_Hybrid\06_docking\ligands_sdf\CAND_22d092771b.sdf,prepared
CAND_a1d6bc1fc3,CS(=O)(=O)C=CC1=CN2CN=CCC=C=C(S(C)(=O)=O)C=CCN2N1,C:\Users\srira\Desktop\new_plan\EMD_V5_2_Hybrid\06_docking\ligands_sdf\CAND_a1d6bc1fc3.sdf,prepared
CAND_b57d4c3adc,Cn1ncc2c1CC=C1CC(C)(C(F)(F)F)C[CH]NC=NC=C(O2)C(=O)N1,C:\Users\srira\Desktop\new_plan\EMD_V5_2_Hybrid\06_docking\ligands_sdf\CAND_b57d4c3adc.sdf,prepared
CAND_764d7e347a,FC1C=NCNCC=CC=CCCC2NC=NN2C1,C:\Users\srira\Desktop\new_plan\EMD_V5_2_Hybrid\06_docking\ligands_sdf\CAND_764d7e347a.sdf,prepared
CAND_f5e0e8639b,O=S1(=O)C=C2C=NC3=NNC=CC(=CC(=C2)C=CC1)C=C(CF)C=CC=CN3,C:\Users\srira\Desktop\new_plan\EMD_V5_2_Hybrid\06_docking\ligands_sdf\CAND_f5e0e8639b.sdf,prepared
CAND_cd3f4c17f2,COC1=COCC=C2C=COC1N=C(NC=CC=CCl)C(F)=CN=CN2,C:\Users\srira\Desktop\new_plan\EMD_V5_2_Hybrid\06_docking\ligands_sdf\CAND_cd3f4c17f2.sdf,prepared
CAND_a5703c232e,CC12C=CC=NC(NCC=CCF)NCOC=CC1=C2,C:\Users\srira\Desktop\new_plan\EMD_V5_2_Hybrid\06_docking\ligands_sdf\CAND_a5703c232e.sdf,prepared
CAND_8473513606,C[C@H]1CC=CC=CCC2(C=CCC=CN=CN2)N=CC=CN1,C:\Users\srira\Desktop\new_plan\EMD_V5_2_Hybrid\06_docking\ligands_sdf\CAND_8473513606.sdf,prepared
CAND_a337ce9f82,C[C@@H]1CC=C(Cl)C=CN=CN=C(C2=C3N=CC=CN3C2N=N)C=N1,C:\Users\srira\Desktop\new_plan\EMD_V5_2_Hybrid\06_docking\ligands_sdf\CAND_a337ce9f82.sdf,prepared
CAND_f8d207ebf9,O=C1CC=CN=C(NC=C2C=CC(N3CCOCC3)=CO2)N=CC#CC=CN1,C:\Users\srira\Desktop\new_plan\EMD_V5_2_Hybrid\06_docking\ligands_sdf\CAND_f8d207ebf9.sdf,prepared
CAND_c28d6877ef,O=COCC1=CNC=NC=CC2=NNOC3(N=C13)c1cc(Cl)ccc12,C:\Users\srira\Desktop\new_plan\EMD_V5_2_Hybrid\06_docking\ligands_sdf\CAND_c28d6877ef.sdf,prepared
CAND_8644fd175c,FC1=CC2=CC3=CC=CC(CC=C=C3)NN=C(N=C2)NC=CC=C1,C:\Users\srira\Desktop\new_plan\EMD_V5_2_Hybrid\06_docking\ligands_sdf\CAND_8644fd175c.sdf,prepared
CAND_577f2e4a02,CN1C=CNC(=O)CC=NNC=CC(N)=NCC(c2cc(Cl)ccc2Cl)=N1,C:\Users\srira\Desktop\new_plan\EMD_V5_2_Hybrid\06_docking\ligands_sdf\CAND_577f2e4a02.sdf,prepared
CAND_7dcbdae80a,NC1OCCCCN(Cl)SCCCN1CCF,C:\Users\srira\Desktop\new_plan\EMD_V5_2_Hybrid\06_docking\ligands_sdf\CAND_7dcbdae80a.sdf,prepared
CAND_3d3d2ca880,CS(=O)(=O)n1cnnc(NN=CF)ncccccc2cccnc21,C:\Users\srira\Desktop\new_plan\EMD_V5_2_Hybrid\06_docking\ligands_sdf\CAND_3d3d2ca880.sdf,prepared
CAND_f613c77d25,CC1(C)CC(C(=O)NF)C=NC(N)=CCC=CC=CC=CS(=O)(=O)N1,C:\Users\srira\Desktop\new_plan\EMD_V5_2_Hybrid\06_docking\ligands_sdf\CAND_f613c77d25.sdf,prepared
CAND_2f4037447d,C[C@@H](N=C(F)C=N)N1C=NC2C=CC=CC(=N1)N=CN(C)C=CN2,C:\Users\srira\Desktop\new_plan\EMD_V5_2_Hybrid\06_docking\ligands_sdf\CAND_2f4037447d.sdf,prepared
CAND_445bda5e64,C1=CC=CC=NC=CC2=CC=CN3CCC(N=CO2)NC(C3)N=1,C:\Users\srira\Desktop\new_plan\EMD_V5_2_Hybrid\06_docking\ligands_sdf\CAND_445bda5e64.sdf,prepared
CAND_cc70ad3aa7,NC1SN2C=CC3=NC2=C1c1cc(ncn1)NCC=CC=C(F)C=C3,C:\Users\srira\Desktop\new_plan\EMD_V5_2_Hybrid\06_docking\ligands_sdf\CAND_cc70ad3aa7.sdf,prepared
CAND_2333b40a1e,NC(=O)c1cnc2cc1NCC(F)=CC=CC1(CC1)[C@H](C(F)(F)F)N2,C:\Users\srira\Desktop\new_plan\EMD_V5_2_Hybrid\06_docking\ligands_sdf\CAND_2333b40a1e.sdf,prepared
CAND_29cf1d90ca,C[C@H]1C=C2C=CCNC(=N2)C2=NCC=CCC=NC(COC2)O1,C:\Users\srira\Desktop\new_plan\EMD_V5_2_Hybrid\06_docking\ligands_sdf\CAND_29cf1d90ca.sdf,prepared
CAND_efcc99d5da,COC1=C(OC)C23N=C2C(OC=O)=CNC=NC=CC(=C1)C=CO3,C:\Users\srira\Desktop\new_plan\EMD_V5_2_Hybrid\06_docking\ligands_sdf\CAND_efcc99d5da.sdf,prepared
CAND_68664579d9,CCC[C@@H]1CC=C(F)C=CCSC2(C=CN1)CCNN1C=CC=NC12,C:\Users\srira\Desktop\new_plan\EMD_V5_2_Hybrid\06_docking\ligands_sdf\CAND_68664579d9.sdf,prepared
CAND_b7f89eaaeb,COc1cc2ccc1C=C1C=CC=NC(NC=CC=C(C=O)C1=N)N2,C:\Users\srira\Desktop\new_plan\EMD_V5_2_Hybrid\06_docking\ligands_sdf\CAND_b7f89eaaeb.sdf,prepared
CAND_a2f01d5a38,O=CNC=CC=c1[nH]c2nc1=CC=CC(F)=CC(O)c1ccc(Cl)c-2c1,C:\Users\srira\Desktop\new_plan\EMD_V5_2_Hybrid\06_docking\ligands_sdf\CAND_a2f01d5a38.sdf,prepared
CAND_f169596727,C1=CC=NC2=NN(COc3ccccc3C=C1)CN1CCN(CC1)c1cccn12,C:\Users\srira\Desktop\new_plan\EMD_V5_2_Hybrid\06_docking\ligands_sdf\CAND_f169596727.sdf,prepared
CAND_bc25cf8d1d,COc1ccccc1-c1ccc2n1NC=C(F)C(N1CCN(C)CC1)=CC=CNCN=C2,C:\Users\srira\Desktop\new_plan\EMD_V5_2_Hybrid\06_docking\ligands_sdf\CAND_bc25cf8d1d.sdf,prepared
CAND_cd1b05bb61,COc1cc2ccc1C=CC=CC1=NC(NC=CC=C(OC=O)C1=N)N2,C:\Users\srira\Desktop\new_plan\EMD_V5_2_Hybrid\06_docking\ligands_sdf\CAND_cd1b05bb61.sdf,prepared
CAND_fd6b88bd62,N=C1N=CC=CC(C=C[C@H]2CCCN2)=CC=CNNC1=O,C:\Users\srira\Desktop\new_plan\EMD_V5_2_Hybrid\06_docking\ligands_sdf\CAND_fd6b88bd62.sdf,prepared
CAND_ab5598f4f0,ClCCNC1=C=Nn2cccc2C2C=CC(=NN2)NC=N1,C:\Users\srira\Desktop\new_plan\EMD_V5_2_Hybrid\06_docking\ligands_sdf\CAND_ab5598f4f0.sdf,prepared
CAND_164da61b83,C=CC1=CC(=CNC(=O)[C@H]2CCCN2)N=CC(N2CCOCC2)=CC=CN=CC=C1,C:\Users\srira\Desktop\new_plan\EMD_V5_2_Hybrid\06_docking\ligands_sdf\CAND_164da61b83.sdf,prepared
CAND_08a3534750,CC(=O)NC=C1C=C(C2=CC=NCNC3=CC=CCNCCOCCC3=N2)C=CC1,C:\Users\srira\Desktop\new_plan\EMD_V5_2_Hybrid\06_docking\ligands_sdf\CAND_08a3534750.sdf,prepared
CAND_527b0c26f5,CC=CC1=NNC=C2C[C@@H](C=NC=C2F)NC(C#N)(N=CCC)N=CN1,C:\Users\srira\Desktop\new_plan\EMD_V5_2_Hybrid\06_docking\ligands_sdf\CAND_527b0c26f5.sdf,prepared
CAND_fa2553a110,CC1=NC=C(F)C=NNN=c2cc[nH]c2=C(Nc2cn(C)cn2)N=CN1,C:\Users\srira\Desktop\new_plan\EMD_V5_2_Hybrid\06_docking\ligands_sdf\CAND_fa2553a110.sdf,prepared
CAND_3fa11742db,C[C@H](ONC1=CN=CC=NNC2=CCC2NC=N1)c1ccc(F)cn1,C:\Users\srira\Desktop\new_plan\EMD_V5_2_Hybrid\06_docking\ligands_sdf\CAND_3fa11742db.sdf,prepared
CAND_6741d8c72c,C[C@@H]1CC2=NCSC3=C(N=CC3CC(N)=NNC=C2)N1,C:\Users\srira\Desktop\new_plan\EMD_V5_2_Hybrid\06_docking\ligands_sdf\CAND_6741d8c72c.sdf,prepared
CAND_5b2ed42749,CCCC1=CN=CNC=CC(=O)N[C@@H](C(=O)NCCC#N)CC(C)CC1,C:\Users\srira\Desktop\new_plan\EMD_V5_2_Hybrid\06_docking\ligands_sdf\CAND_5b2ed42749.sdf,prepared
CAND_34c64f09be,CN(c1ncnc2[nH]ccc12)[C@H]1CN2CC[C@H]1CCCCCCCC(C#N)C2=O,C:\Users\srira\Desktop\new_plan\EMD_V5_2_Hybrid\06_docking\ligands_sdf\CAND_34c64f09be.sdf,prepared
CAND_1eac1398e4,O=C(C=CCC=CCl)NC1C=CC=CC2=CC1C(=O)NC=CC=CC=CC=N2,C:\Users\srira\Desktop\new_plan\EMD_V5_2_Hybrid\06_docking\ligands_sdf\CAND_1eac1398e4.sdf,prepared
CAND_3b04a27187,ClCC=CNC1N=CC=CC=CCC=CC=CNC=NN=[SH]1,C:\Users\srira\Desktop\new_plan\EMD_V5_2_Hybrid\06_docking\ligands_sdf\CAND_3b04a27187.sdf,prepared
CAND_8be8c27cbd,COC=C(C=C1C=COC23OC2=C3C=CC=CN=CN1)OC,C:\Users\srira\Desktop\new_plan\EMD_V5_2_Hybrid\06_docking\ligands_sdf\CAND_8be8c27cbd.sdf,prepared
CAND_1b0430816b,CN(c1ncnc2[nH]ccc12)[C@H]1CN2CC[C@H]1CCCCOCCC(C#N)C2=O,C:\Users\srira\Desktop\new_plan\EMD_V5_2_Hybrid\06_docking\ligands_sdf\CAND_1b0430816b.sdf,prepared
CAND_780e7a8d6a,NC(=O)CN1CCCC=CC=CCN=CC=CC=C1C=CC=CC=CC=C1N=C1N,C:\Users\srira\Desktop\new_plan\EMD_V5_2_Hybrid\06_docking\ligands_sdf\CAND_780e7a8d6a.sdf,prepared
CAND_8707636f6f,C=C[C@@H]1CC=C(F)C=CN=CC2(C=CN1)CC(N)N1C=CC=NC12,C:\Users\srira\Desktop\new_plan\EMD_V5_2_Hybrid\06_docking\ligands_sdf\CAND_8707636f6f.sdf,prepared
CAND_35811d5578,CNCCN1C=CC2=CNCN=CC=CC=CCC=CC(SC=O)=CN2N1,C:\Users\srira\Desktop\new_plan\EMD_V5_2_Hybrid\06_docking\ligands_sdf\CAND_35811d5578.sdf,prepared
CAND_279bcf4cf5,CC(=O)NC=CC=C1CC=CC2CN(CCO2)c2ccc(cc2)Nc2nccc1n2,C:\Users\srira\Desktop\new_plan\EMD_V5_2_Hybrid\06_docking\ligands_sdf\CAND_279bcf4cf5.sdf,prepared
CAND_2d894f0a15,CC1C=CC(C=O)NC=CCN=CN([C@H](C(C)C)C(F)(F)F)C=C1,C:\Users\srira\Desktop\new_plan\EMD_V5_2_Hybrid\06_docking\ligands_sdf\CAND_2d894f0a15.sdf,prepared
CAND_5b15561f8a,NC1=NCC2N=C(c3cc(Cl)ccc3Cl)C(=CN2)NC(=O)CC=NN=C1,C:\Users\srira\Desktop\new_plan\EMD_V5_2_Hybrid\06_docking\ligands_sdf\CAND_5b15561f8a.sdf,prepared
CAND_88fdcd39e2,CC=CCNC1=CN=C(C#N)CN[C@@H](C)C=NN=C(F)N=NN1,C:\Users\srira\Desktop\new_plan\EMD_V5_2_Hybrid\06_docking\ligands_sdf\CAND_88fdcd39e2.sdf,prepared
CAND_ecf01c944b,COC=CC=CCN1CN=CCC=CC=C(S(C)(=O)=O)C=CC=CNN1,C:\Users\srira\Desktop\new_plan\EMD_V5_2_Hybrid\06_docking\ligands_sdf\CAND_ecf01c944b.sdf,prepared
CAND_ecbebacf17,C[C@@H]1C2CCCCCCCc3cc4c(ncnc4[nH]3)N(C)[C@H]1CN(C(=O)CC#N)C2,C:\Users\srira\Desktop\new_plan\EMD_V5_2_Hybrid\06_docking\ligands_sdf\CAND_ecbebacf17.sdf,prepared
CAND_aa7ac5e74d,C[C@H]1C=NC=C(F)C=NCC=C(F)N2CC=CCC2CN1,C:\Users\srira\Desktop\new_plan\EMD_V5_2_Hybrid\06_docking\ligands_sdf\CAND_aa7ac5e74d.sdf,prepared
CAND_754572eec6,CN1CCN(C(=O)C2=CC=C3C=CN=CC=CC=C(C=CCl)CC4=NC24C3)CC1,C:\Users\srira\Desktop\new_plan\EMD_V5_2_Hybrid\06_docking\ligands_sdf\CAND_754572eec6.sdf,prepared
CAND_baa376c0dd,C=Cc1ccccc1C(N)C=C1C=NC2=NN1CN1CCN(CC1)c1ccc(cc1F)N2,C:\Users\srira\Desktop\new_plan\EMD_V5_2_Hybrid\06_docking\ligands_sdf\CAND_baa376c0dd.sdf,prepared
CAND_27e700626f,CC1CN(C)CNC(CCl)=CC=CNC2N=CC=C(C=CC3=CC=COC3)N12,C:\Users\srira\Desktop\new_plan\EMD_V5_2_Hybrid\06_docking\ligands_sdf\CAND_27e700626f.sdf,prepared
CAND_98a2ec596b,N#CCC(=O)N1CC[C@H]2CCCCCOCCCCCN(c3ncnc4[nH]ccc34)[C@H]2C1,C:\Users\srira\Desktop\new_plan\EMD_V5_2_Hybrid\06_docking\ligands_sdf\CAND_98a2ec596b.sdf,prepared
CAND_57118fd3af,CN(c1ncnc2[nH]ccc12)[C@H]1CN2CC[C@H]1CCCCNCCC(C#N)C2=O,C:\Users\srira\Desktop\new_plan\EMD_V5_2_Hybrid\06_docking\ligands_sdf\CAND_57118fd3af.sdf,prepared
CAND_b8508fb54f,COC=C1C2=CC(C=C1OC)c1ccccc1C1=CC=CC(=NCN2)NOCN1,C:\Users\srira\Desktop\new_plan\EMD_V5_2_Hybrid\06_docking\ligands_sdf\CAND_b8508fb54f.sdf,prepared
CAND_daf82c369e,CC1C=NC=C(F)CN=c2nc(Cl)ccc2=C(NC=C2N=CCCN2)N=CN1,C:\Users\srira\Desktop\new_plan\EMD_V5_2_Hybrid\06_docking\ligands_sdf\CAND_daf82c369e.sdf,prepared
CAND_56ba271daf,CC1CC2=NC(=O)C3=CN=C([C@H]1CF)N(C)N=CCC1C=CNC3C2=C1,C:\Users\srira\Desktop\new_plan\EMD_V5_2_Hybrid\06_docking\ligands_sdf\CAND_56ba271daf.sdf,prepared
CAND_ffefd7080a,O=C1CC2=CC=CN1C=CCC=CNC1=CC3COCC=C3C=CNC1N=CC2,C:\Users\srira\Desktop\new_plan\EMD_V5_2_Hybrid\06_docking\ligands_sdf\CAND_ffefd7080a.sdf,prepared
CAND_e5cba072ee,CN(c1ncnc2[nH]ccc12)[C@H]1CN2CC[C@H]1CCCCSCCC(C#N)C2=O,C:\Users\srira\Desktop\new_plan\EMD_V5_2_Hybrid\06_docking\ligands_sdf\CAND_e5cba072ee.sdf,prepared
CAND_2584beb1c0,O=CNC1=CC=C2CCN=CC(=C1)NC#CN=CC(Cl)=CN2,C:\Users\srira\Desktop\new_plan\EMD_V5_2_Hybrid\06_docking\ligands_sdf\CAND_2584beb1c0.sdf,prepared
CAND_0feb57e148,Cc1cnc(Nc2cc3nc(n2)N[C@@H](C)c2ncc(F)c(n2)CCCCO3)s1,C:\Users\srira\Desktop\new_plan\EMD_V5_2_Hybrid\06_docking\ligands_sdf\CAND_0feb57e148.sdf,prepared
CAND_c5052727aa,COc1cc2nc(n1)N[C@H](c1ncc(F)cn1)CCCCCc1cnc(s1)N2,C:\Users\srira\Desktop\new_plan\EMD_V5_2_Hybrid\06_docking\ligands_sdf\CAND_c5052727aa.sdf,prepared
CAND_a30de9a90d,C[C@H]1C=NC=C(F)C=Nc2c(n[nH]c2C2CC2)NC(=C=N)C(F)=CN=CN1,C:\Users\srira\Desktop\new_plan\EMD_V5_2_Hybrid\06_docking\ligands_sdf\CAND_a30de9a90d.sdf,prepared
CAND_e0fb42f17c,COc1cc2nc(n1)N[C@H](c1ncc(F)cn1)CCOCCc1cnc(s1)N2,C:\Users\srira\Desktop\new_plan\EMD_V5_2_Hybrid\06_docking\ligands_sdf\CAND_e0fb42f17c.sdf,prepared
CAND_5ca47dbfbb,Cc1cnc(Nc2cc3nc(n2)N[C@@H](C)c2ncc(F)c(n2)COCCO3)s1,C:\Users\srira\Desktop\new_plan\EMD_V5_2_Hybrid\06_docking\ligands_sdf\CAND_5ca47dbfbb.sdf,prepared
CAND_39a45170c0,N#CCC(=O)N1CC[C@H]2CCCCCNCCCCCN(c3ncnc4[nH]ccc34)[C@H]2C1,C:\Users\srira\Desktop\new_plan\EMD_V5_2_Hybrid\06_docking\ligands_sdf\CAND_39a45170c0.sdf,prepared
CAND_1b74ae5153,C=C1C=CC=C[C@H](C)NC=CC=NC(NC=NCC=NC=N)=C1,C:\Users\srira\Desktop\new_plan\EMD_V5_2_Hybrid\06_docking\ligands_sdf\CAND_1b74ae5153.sdf,prepared
CAND_a3a9fadba1,C[C@@H]1C2CCCSCCCc3cc4c(ncnc4[nH]3)N(C)[C@H]1CN(C(=O)CC#N)C2,C:\Users\srira\Desktop\new_plan\EMD_V5_2_Hybrid\06_docking\ligands_sdf\CAND_a3a9fadba1.sdf,prepared
CAND_38659e93bf,C[C@H](NC1=NC=C(C(N)F)OCNCC(c2cnn(C)c2)=CC=CC1)C1CC1,C:\Users\srira\Desktop\new_plan\EMD_V5_2_Hybrid\06_docking\ligands_sdf\CAND_38659e93bf.sdf,prepared
CAND_9884448098,CN(c1ncnc2[nH]ccc12)[C@H]1CN2CC[C@H]1CCCOCNCC(C#N)C2=O,C:\Users\srira\Desktop\new_plan\EMD_V5_2_Hybrid\06_docking\ligands_sdf\CAND_9884448098.sdf,prepared
CAND_2a7df84e67,COC1=C(OC)C(N2C(=O)C3=CC=CC(=CCl)C=CC=CC2C=C3)C=COC1,C:\Users\srira\Desktop\new_plan\EMD_V5_2_Hybrid\06_docking\ligands_sdf\CAND_2a7df84e67.sdf,prepared
CAND_bf1bed9cef,CCCC1=CN=CNC=CC(=O)N[C@@H](C(=O)NCC[CH]C#N)CC(C)CC1,C:\Users\srira\Desktop\new_plan\EMD_V5_2_Hybrid\06_docking\ligands_sdf\CAND_bf1bed9cef.sdf,prepared
CAND_c131766321,FC1C=NC[C@H](NC2C=NC=CNC=NC=CSS2)C=N1,C:\Users\srira\Desktop\new_plan\EMD_V5_2_Hybrid\06_docking\ligands_sdf\CAND_c131766321.sdf,prepared
CAND_49a2c11445,N#CCC(=O)N1CC[C@H]2CCCCOCCNCCCN(c3ncnc4[nH]ccc34)[C@H]2C1,C:\Users\srira\Desktop\new_plan\EMD_V5_2_Hybrid\06_docking\ligands_sdf\CAND_49a2c11445.sdf,prepared
CAND_4b9a80dcb9,CC1CC(C)C(C2CC2)OC=NC=C(C(N)=O)CNc2cc(-c3cnn(C)c3)ccc21,C:\Users\srira\Desktop\new_plan\EMD_V5_2_Hybrid\06_docking\ligands_sdf\CAND_4b9a80dcb9.sdf,prepared
CAND_b5d4c77a0b,C=Cc1cccc2[nH]nc(n3[nH]cc(n(CS(C)(=O)=O)c1)N1CCOCC1C=C3)N=C2,C:\Users\srira\Desktop\new_plan\EMD_V5_2_Hybrid\06_docking\ligands_sdf\CAND_b5d4c77a0b.sdf,prepared
CAND_7dce99bd6a,O=C(C=CC=C1C=CC#CONC(NC=CCl)=NCC=CC=C1)N1CCOCC1,C:\Users\srira\Desktop\new_plan\EMD_V5_2_Hybrid\06_docking\ligands_sdf\CAND_7dce99bd6a.sdf,prepared
CAND_8ad0dce611,N#CCC(=O)N1CC[C@H]2CCCCCCCCCCCN(c3ncnc4[nH]ccc34)[C@H]2C1,C:\Users\srira\Desktop\new_plan\EMD_V5_2_Hybrid\06_docking\ligands_sdf\CAND_8ad0dce611.sdf,prepared
CAND_45341a8161,ClC1C=CCOCC=CN=CC=Cc2ccnc(n2)N1,C:\Users\srira\Desktop\new_plan\EMD_V5_2_Hybrid\06_docking\ligands_sdf\CAND_45341a8161.sdf,prepared
CAND_03fca0654a,Cc1cnc2nc1Nc1n[nH]c(C)c1CCCc1nc(ncc1F)[C@H](C)N2,C:\Users\srira\Desktop\new_plan\EMD_V5_2_Hybrid\06_docking\ligands_sdf\CAND_03fca0654a.sdf,prepared
CAND_95aaa694cd,C[C@@H]1Nc2cncc(n2)Nc2cc([nH]n2)CCCCCc2nc1ncc2F,C:\Users\srira\Desktop\new_plan\EMD_V5_2_Hybrid\06_docking\ligands_sdf\CAND_95aaa694cd.sdf,prepared
CAND_a8d00072a6,C[C@@H]1Nc2cncc(n2)Nc2cc([nH]n2)OCCCCc2nc1ccc2F,C:\Users\srira\Desktop\new_plan\EMD_V5_2_Hybrid\06_docking\ligands_sdf\CAND_a8d00072a6.sdf,prepared
CAND_f638f4e1fc,FNC1N=CC=C=Cc2ccccc2OC=NN=[SH]1,C:\Users\srira\Desktop\new_plan\EMD_V5_2_Hybrid\06_docking\ligands_sdf\CAND_f638f4e1fc.sdf,prepared
CAND_457797d542,C=C1NC(C)=CCNC=NCON(CCNC(=O)C2=CC=CCC2)C=CN1N,C:\Users\srira\Desktop\new_plan\EMD_V5_2_Hybrid\06_docking\ligands_sdf\CAND_457797d542.sdf,prepared
CAND_f0651a9cfd,COc1ccccc1C=CC1=CC=NC(=NNCl)NC=CC=C=C=C1,C:\Users\srira\Desktop\new_plan\EMD_V5_2_Hybrid\06_docking\ligands_sdf\CAND_f0651a9cfd.sdf,prepared
CAND_3a37400fe4,Cc1cc(Nc2nc3cnc2CCCCc2nc(ccc2F)[C@H](C)N3)n[nH]1,C:\Users\srira\Desktop\new_plan\EMD_V5_2_Hybrid\06_docking\ligands_sdf\CAND_3a37400fe4.sdf,prepared
CAND_5e5838b904,Cc1cc(Nc2nc3cnc2CCOCc2nc(ccc2F)[C@H](C)N3)n[nH]1,C:\Users\srira\Desktop\new_plan\EMD_V5_2_Hybrid\06_docking\ligands_sdf\CAND_5e5838b904.sdf,prepared
CAND_1f440748ca,Cc1cnc2nc1Nc1n[nH]c(C)c1COCc1nc(ncc1F)[C@H](C)N2,C:\Users\srira\Desktop\new_plan\EMD_V5_2_Hybrid\06_docking\ligands_sdf\CAND_1f440748ca.sdf,prepared
CAND_b604ce184b,C[C@@H]1Nc2cncc(n2)Nc2cc([nH]n2)CCCOCc2nc1ncc2F,C:\Users\srira\Desktop\new_plan\EMD_V5_2_Hybrid\06_docking\ligands_sdf\CAND_b604ce184b.sdf,prepared
CAND_1dc4604721,COC=C=C1CN2NC3(N=CC2=CC=CC=CC=CC=C3O)N1,C:\Users\srira\Desktop\new_plan\EMD_V5_2_Hybrid\06_docking\ligands_sdf\CAND_1dc4604721.sdf,prepared
CAND_7663dcf937,C[C@@H]1Nc2cncc(n2)Nc2cc([nH]n2)OCCOCc2nc1ccc2F,C:\Users\srira\Desktop\new_plan\EMD_V5_2_Hybrid\06_docking\ligands_sdf\CAND_7663dcf937.sdf,prepared
CAND_0afbd4371b,COc1cc2nc(n1)N[C@H](c1ncc(F)cn1)CCSCCc1cnc(s1)N2,C:\Users\srira\Desktop\new_plan\EMD_V5_2_Hybrid\06_docking\ligands_sdf\CAND_0afbd4371b.sdf,prepared
CAND_582e6f4484,Cc1cnc(Nc2cc3nc(n2)N[C@@H](C)c2ncc(F)c(n2)CSCCO3)s1,C:\Users\srira\Desktop\new_plan\EMD_V5_2_Hybrid\06_docking\ligands_sdf\CAND_582e6f4484.sdf,prepared
CAND_945bfd7ab9,Fc1cnc([C@@H]2CCCCCCc3cc(n[nH]3)Nc3nc(ncc3F)N2)nc1,C:\Users\srira\Desktop\new_plan\EMD_V5_2_Hybrid\06_docking\ligands_sdf\CAND_945bfd7ab9.sdf,prepared
CAND_0644c5205e,N#CCC(=O)N1CC[C@H]2CCCCCSCCCCCN(c3ncnc4[nH]ccc34)[C@H]2C1,C:\Users\srira\Desktop\new_plan\EMD_V5_2_Hybrid\06_docking\ligands_sdf\CAND_0644c5205e.sdf,prepared
CAND_d505721a30,CCS(=O)(=O)NCC1(CC#N)Cc2c[nH]c(c2)N=CN=Nc2cnn1n2,C:\Users\srira\Desktop\new_plan\EMD_V5_2_Hybrid\06_docking\ligands_sdf\CAND_d505721a30.sdf,prepared
CAND_d80d2fbd1f,Fc1cnc([C@@H]2CCOCCCc3cc(n[nH]3)Nc3nc(ncc3F)N2)nc1,C:\Users\srira\Desktop\new_plan\EMD_V5_2_Hybrid\06_docking\ligands_sdf\CAND_d80d2fbd1f.sdf,prepared
CAND_938ef2420e,C[C@@H]1Nc2nc(cnc2C#N)Nc2cc([nH]n2)CCCCc2cc1ncc2F,C:\Users\srira\Desktop\new_plan\EMD_V5_2_Hybrid\06_docking\ligands_sdf\CAND_938ef2420e.sdf,prepared
CAND_75476d0578,N#CC[C@@H]1C2CCCC2CCOCCc2nc(c3cc[nH]c3n2)-c2cnn1c2,C:\Users\srira\Desktop\new_plan\EMD_V5_2_Hybrid\06_docking\ligands_sdf\CAND_75476d0578.sdf,prepared
CAND_2d63f0994e,C[C@@H]1Nc2nc(cnc2C#N)Nc2cc([nH]n2)CCOCc2cc1ncc2F,C:\Users\srira\Desktop\new_plan\EMD_V5_2_Hybrid\06_docking\ligands_sdf\CAND_2d63f0994e.sdf,prepared
CAND_db02ab413a,C[C@@H]1Nc2cncc(n2)Nc2cc([nH]n2)OCCCCCc2nc1ccc2F,C:\Users\srira\Desktop\new_plan\EMD_V5_2_Hybrid\06_docking\ligands_sdf\CAND_db02ab413a.sdf,prepared
CAND_5aa3611fa3,C[C@@H]1Nc2cncc(n2)Nc2cc([nH]n2)CCCSCc2nc1ncc2F,C:\Users\srira\Desktop\new_plan\EMD_V5_2_Hybrid\06_docking\ligands_sdf\CAND_5aa3611fa3.sdf,prepared
CAND_8f936e6ccd,Cc1cnc2nc1Nc1n[nH]c(C)c1CSCc1nc(ncc1F)[C@H](C)N2,C:\Users\srira\Desktop\new_plan\EMD_V5_2_Hybrid\06_docking\ligands_sdf\CAND_8f936e6ccd.sdf,prepared
CAND_c62f51e470,CC1=CCNC=NCN2CCN(C(=O)Cc3ccccc3F)CC2=NNC=CC=CNN1,C:\Users\srira\Desktop\new_plan\EMD_V5_2_Hybrid\06_docking\ligands_sdf\CAND_c62f51e470.sdf,prepared
CAND_8d5a278190,C[C@@H]1Nc2cncc(n2)Nc2cc([nH]n2)OCCSCc2nc1ccc2F,C:\Users\srira\Desktop\new_plan\EMD_V5_2_Hybrid\06_docking\ligands_sdf\CAND_8d5a278190.sdf,prepared
CAND_2b6e6df8b8,N#CC[C@@H]1C2CCCC2CCNCCc2nc(c3cc[nH]c3n2)-c2cnn1c2,C:\Users\srira\Desktop\new_plan\EMD_V5_2_Hybrid\06_docking\ligands_sdf\CAND_2b6e6df8b8.sdf,prepared
CAND_f51492fec7,Cc1cc(Nc2nc3cnc2CCSCc2nc(ccc2F)[C@H](C)N3)n[nH]1,C:\Users\srira\Desktop\new_plan\EMD_V5_2_Hybrid\06_docking\ligands_sdf\CAND_f51492fec7.sdf,prepared
CAND_d7042ec02b,Cc1cnc(Nc2cc3nc(n2)N[C@@H](C)c2ncc(F)c(n2)CNCCO3)s1,C:\Users\srira\Desktop\new_plan\EMD_V5_2_Hybrid\06_docking\ligands_sdf\CAND_d7042ec02b.sdf,prepared
CAND_b2754758e3,CNC(=O)c1c2nc(N)c3cc(sc13)-c1ccc(C(C)(C)C#N)c(c1)CCCOCCC2,,failed_embed
CAND_aff8848291,C[C@H](Nc1nc2c(C(N)=O)c3[nH]c4cc(ccc4c13)CC=NN(C)C2)C1CC1,,failed_embed
CAND_101875c1e6,N#CC[C@@H]1C2CCCC2COCNCc2nc(c3cc[nH]c3n2)-c2cnn1c2,C:\Users\srira\Desktop\new_plan\EMD_V5_2_Hybrid\06_docking\ligands_sdf\CAND_101875c1e6.sdf,prepared
CAND_bb383316b2,COc1cc2nc(n1)N[C@H](c1ncc(F)cn1)CCNCCc1cnc(s1)N2,C:\Users\srira\Desktop\new_plan\EMD_V5_2_Hybrid\06_docking\ligands_sdf\CAND_bb383316b2.sdf,prepared
CAND_81820b935b,N#CC1CN(C(=O)[C@@H]2NC(=O)c3c[nH]c4ncc(nc34)C3(CCCSCCC24CC4)CC3)C1,C:\Users\srira\Desktop\new_plan\EMD_V5_2_Hybrid\06_docking\ligands_sdf\CAND_81820b935b.sdf,prepared
CAND_472476eeb3,N=C1N=CC=C(C2=CCN3C(=O)CCCN[CH]C3=C2)CCOCCNc2ccc(cc2)S1,C:\Users\srira\Desktop\new_plan\EMD_V5_2_Hybrid\06_docking\ligands_sdf\CAND_472476eeb3.sdf,prepared
CAND_689b77b5c8,Fc1cnc([C@@H]2CCSCCCc3cc(n[nH]3)Nc3nc(ncc3F)N2)nc1,C:\Users\srira\Desktop\new_plan\EMD_V5_2_Hybrid\06_docking\ligands_sdf\CAND_689b77b5c8.sdf,prepared
CAND_a0d42e7c77,Cc1[nH]nc2c1CCCOCCC[C@@H](c1ncc(F)cn1)Oc1ncc(Cl)c(n1)N2,C:\Users\srira\Desktop\new_plan\EMD_V5_2_Hybrid\06_docking\ligands_sdf\CAND_a0d42e7c77.sdf,prepared
CAND_ebcfd1f7b9,Cc1nc(C#N)c2nc1Nc1cc([nH]n1)CCCCc1nc(ncc1F)[C@H](C)N2,C:\Users\srira\Desktop\new_plan\EMD_V5_2_Hybrid\06_docking\ligands_sdf\CAND_ebcfd1f7b9.sdf,prepared
CAND_1450c465bc,N#CC[C@@H]1C2CCCC2CCCCCc2nc(c3cc[nH]c3n2)-c2cnn1c2,C:\Users\srira\Desktop\new_plan\EMD_V5_2_Hybrid\06_docking\ligands_sdf\CAND_1450c465bc.sdf,prepared
CAND_edf26a0208,C[C@@H]1Nc2nc(cnc2C#N)Nc2cc([nH]n2)CCSCc2cc1ncc2F,C:\Users\srira\Desktop\new_plan\EMD_V5_2_Hybrid\06_docking\ligands_sdf\CAND_edf26a0208.sdf,prepared
CAND_39d55ed837,N#C[C@@H]1CCN2C(=O)[C@@H](C3CC3)NC(=O)c3c[nH]c4ncc(nc34)C3(CCCCC12)CC3,C:\Users\srira\Desktop\new_plan\EMD_V5_2_Hybrid\06_docking\ligands_sdf\CAND_39d55ed837.sdf,prepared
CAND_b7fa23672c,N#C[C@@H]1CN2CC1CCOCc1[nH]c3ncc(C4CC4)nc3c1C(=O)N[C@H](C1CC1)C2=O,C:\Users\srira\Desktop\new_plan\EMD_V5_2_Hybrid\06_docking\ligands_sdf\CAND_b7fa23672c.sdf,prepared
CAND_2e664eff89,O=NC1CCCC=CC2C[C@@H](C3CC3)N2C=NC=C=N1,C:\Users\srira\Desktop\new_plan\EMD_V5_2_Hybrid\06_docking\ligands_sdf\CAND_2e664eff89.sdf,prepared
CAND_e1574bf927,COC1=C(OC)C23OC=CC(=C1)NC=NNC=CC=CC2(CCl)O3,C:\Users\srira\Desktop\new_plan\EMD_V5_2_Hybrid\06_docking\ligands_sdf\CAND_e1574bf927.sdf,prepared
CAND_4bf5715aca,Cc1nc(C#N)c2nc1Nc1cc([nH]n1)CCCOCC(C)(c1ccc(F)cn1)N2,C:\Users\srira\Desktop\new_plan\EMD_V5_2_Hybrid\06_docking\ligands_sdf\CAND_4bf5715aca.sdf,prepared
CAND_842555d85a,CC(C)(C#N)c1ccc2c(c1)CCCOCCCCNC(=O)c1cnc(N)c3cc-2sc13,C:\Users\srira\Desktop\new_plan\EMD_V5_2_Hybrid\06_docking\ligands_sdf\CAND_842555d85a.sdf,prepared
CAND_a03fbbd37a,CC(F)C(C)[C@H]1NC(=O)c2c[nH]c3ncc(nc23)C2CC2CC(C#N)CNC1=O,C:\Users\srira\Desktop\new_plan\EMD_V5_2_Hybrid\06_docking\ligands_sdf\CAND_a03fbbd37a.sdf,prepared
CAND_030a0135bb,Cc1nc(C#N)c2nc1Nc1cc([nH]n1)CCOCc1nc(ncc1F)[C@H](C)N2,C:\Users\srira\Desktop\new_plan\EMD_V5_2_Hybrid\06_docking\ligands_sdf\CAND_030a0135bb.sdf,prepared
CAND_f223d783e6,Cc1cc(Nc2nc3cnc2CCCOCCc2cc(F)cnc2[C@H](C)N3)n[nH]1,C:\Users\srira\Desktop\new_plan\EMD_V5_2_Hybrid\06_docking\ligands_sdf\CAND_f223d783e6.sdf,prepared
