mol_id,smiles,num_atoms,split
JAK2_79038ef114,COc1ccccc1Nc1nc2c(-c3ccc(S(C)(=O)=O)cc3)cccn2n1,28,train
JAK2_bb041e75cb,CC(=O)Nc1ccc(-c2nc(Nc3ccc(N4CCOCC4)cc3)ncc2C)cc1,30,train
JAK2_1eae0c1a0e,CC1CCCN(CCCNC(=O)c2cc3c(Cl)nc4ccccc4c3s2)C1,27,train
JAK2_155bd54352,COc1ccc(-c2ccc3cnc(Nc4ccc(N5CCN(C)CC5)c(Cl)c4)nn23)cn1,32,train
JAK2_d4e8488591,Cc1cccc(Nc2sc(-c3ccc(F)cc3)cc2C(N)=O)n1,23,train
JAK2_d2047728cd,C1=CCOCc2cc(ccc2N2CCNCC2)Nc2nccc(n2)-c2cccc(c2)COC1,33,train
JAK2_3c0daf6c94,C[C@@]1(F)CCC[C@H]1Nc1c(C(N)=O)cnn2cccc12,20,train
JAK2_e510bd5a84,Nc1cc2cc(c1)Nc1nccc(n1)-c1cccc(c1)COCC=CCOC2,28,train
JAK2_628eb3c7b6,CC[C@@H](Nc1cc(-c2c(N)nn3cccnc23)ncn1)c1ccc(F)cc1,27,train
JAK2_8e43755f1e,C[C@H](NC(=O)c1c[nH]c2ncc(C3CC3)nc12)C(C)(C)C,21,train
JAK2_bb43002d12,Cc1cc(Nc2nc(N3CCN(C(=O)c4ccc(C#N)cc4)CC3)nn3cccc23)n[nH]1,32,train
JAK2_bfebc14fe9,CN(c1ncccc1-c1ccc2cnc(Nc3ccc(C4CCN(CC(N)=O)CC4)cc3)nn12)S(C)(=O)=O,38,train
JAK2_2e8eed6911,COc1ccccc1-c1ccc2cnc(Nc3ccc(C4CCN(CC(N)=O)CC4)cc3)nn12,34,train
JAK2_14d06e82bc,O=c1[nH]ccc2nc(NC3CC(F)(F)C3)c3ccc(F)cc3c12,23,train
JAK2_396d75ed4a,Oc1ccc2cc1COCC=CCOCc1cccc(c1)-c1ccnc(n1)N2,28,train
JAK2_f1e7af637d,COc1ccc(Cl)cc1-c1[nH]c(-c2ccnc(N)n2)cc1C(N)=O,24,train
JAK2_9af79f3778,N#CCNC(=O)c1ccc(-c2ccnc(Nc3ccc(N4CCOCC4)cc3)n2)cc1,31,train
JAK2_310f20bf06,COc1ccccc1-c1cccn2nc(Nc3ccccc3)nc12,24,train
JAK2_c7e43971d9,O=C(O)c1ccc(Nc2nc3c(-c4cnn(C5CCCC5)c4)cccn3n2)cc1,29,train
JAK2_0ac788f1c8,O=c1[nH]c2cnc(-n3cnc4ccccc43)nc2n1C1CCOc2ccc(F)cc21,30,train
JAK2_d918415381,C[C@@H](N)C(=O)Nc1ccc(-c2ccnc(Nc3ccc(N4CCOCC4)cc3)n2)cc1,31,train
JAK2_1f52d2b5fb,Cc1cc(Nc2nc(N3CCN(C(=O)Cc4ccc(F)cc4)CC3)nn3cccc23)n[nH]1,32,train
JAK2_ea3454a640,Cc1cc(Nc2nc(N[C@@H](C)c3ccc(F)cn3)c(F)c(N3CCS(=O)(=O)CC3)n2)n[nH]1,32,train
JAK2_8a3262104b,COC1(OC)C(/C=C/c2ccc(Cl)cc2)C(C#N)(C#N)C1(OC)OC,25,train
JAK2_1e564fa7d7,Nc1ncc(NC(=O)c2cc(NC(=O)c3cccc(C(F)(F)F)c3)ccc2Cl)cc1Cl,31,train
JAK2_4501ba46d1,C/C(=C\c1ccc(N(C)C)cc1)[N+](=O)[O-],15,train
JAK2_4bb01853de,NC(=O)c1cc(-c2ccccc2)sc1Nc1ccncc1,21,train
JAK2_c9bfb2d3c7,CC(=O)Nc1ccc(-c2ccnc(NCC3CN(C(=O)c4c(Cl)cccc4Cl)C3)n2)cc1,32,train
JAK2_c5f0ce9a58,O=C1NC(=O)C(c2c[nH]c3ccccc23)=C1Nc1cccc(C2CCN(c3ccnc(F)c3)C2)c1,35,train
JAK2_8d121a21d7,C#Cc1ccn2c(-c3ccnc(SC)n3)c(-c3ccc(F)cc3)nc2n1,26,train
JAK2_bd7e2a006f,Cc1ccc(C)c(Sc2ccc(NC(=O)CCl)cc2)c1,20,train
JAK2_c706b0d0af,Oc1ccc(C2Nc3ccccc3-c3ccnc4[nH]cc2c34)c(Cl)c1,25,train
JAK2_b3e12556ba,O=C(CCl)/N=c1\sccn1Cc1cccc2ccccc12,21,train
JAK2_aaf047e8d1,O=c1[nH]c2cnc(-n3cnc4ccccc43)nc2n1C1CCOc2cc(F)ccc21,30,train
JAK2_461a3f3c7d,c1cc2c(ncc3ncn(C4CCCCC4)c32)[nH]1,18,train
JAK2_ddf177d193,Oc1ccc(C2Nc3ccccc3-c3ccnc4[nH]cc2c34)cc1F,25,train
JAK2_0a1653190d,O=c1[nH]ccc2c(Nc3c(Cl)cc(F)cc3Cl)nc3ccncc3c12,25,train
JAK2_0363b39a60,N#CC[C@H](C1CCCC1)n1cc(-c2ncnc3[nH]ccc23)cn1,23,train
JAK2_ae95950785,CN1C/C=C/CCOc2cc(F)cc(c2)-c2ccnc(n2)Nc2cccc(c2)C1,29,train
JAK2_4f6fafc041,N#CCNCc1cccc(-c2ccnc(Nc3ccc(N4CCOCC4)cc3)n2)c1,30,train
JAK2_c4daf046a9,COc1cccc(N(C(=O)CCl)C(C(=O)NCCc2ccccc2)c2cccs2)c1,30,train
JAK2_8b3014135f,O=c1[nH]ccc2c3[nH]c(-c4ccccc4Cl)nc3c3ccc(F)cc3c12,26,train
JAK2_756371ea71,CCN(CC)CCC(=O)Nc1cc2cc(c1)Nc1nccc(n1)-c1cccc(c1)COCC=CCOC2,37,train
JAK2_8945d571c7,Cn1cc(NC(=O)c2cnn3cccnc23)c(-c2cc(Cl)ccc2Cl)n1,26,train
JAK2_bc6702e419,Oc1ccccc1OCCOc1ccccc1OCCOc1ccccc1O,28,train
JAK2_b9143a07c2,Cc1cccc(Nc2sc(-c3ccccc3)cc2C(N)=O)n1,22,train
JAK2_364f20ca75,COc1ccccc1-c1ccc2cnc(Nc3ccc(N4CCN(C)CC4)c(F)c3)nn12,32,train
JAK2_b8daa3eb9c,CC1(C)[C@H](Nc2c(C(N)=O)cnn3cccc23)CC[C@]1(C)O,22,train
JAK2_2d0f835aa0,CN[C@@H]1C[C@H]2O[C@@](C)([C@@H]1OC)n1c3ccccc3c3c4c(c5c6ccccc6n2c5c31)C(=O)NC4,35,train
JAK2_38c30605e5,NC(=O)C1CCN(c2cc(-c3c(N)nn4cccnc34)ncn2)CC1,25,train
JAK2_eeec6fe338,CNC(=O)c1ccc(Nc2nccc(-c3cnc(C)n3C(C)C)n2)cc1F,27,train
JAK2_1afb564680,C#Cc1cccc(Nc2ncnc3cc(OCCOC)c(OCCOC)cc23)c1,29,train
JAK2_36d4ea3267,CN1CCN(C[C@@H](NC(=O)C[C@H]2CNC(=O)c3cc(-c4cccc(Cl)c4)cn32)C2CCCCC2)CC1,36,train
JAK2_7f60871f3d,Cc1cc(NC(=O)c2cnn3ccc(N)nc23)n(-c2cccc(Cl)c2)n1,26,train
JAK2_0cfea2ed0f,CCN1CCC[C@@H]1C(=O)Nc1ccc(-c2ccnc(Nc3ccc(N4CCOCC4)cc3)n2)cc1,35,train
JAK2_19546a8603,NC(=O)c1cnc(NC2CCC2)c2c1[nH]c1ccc(F)cc12,22,train
JAK2_f2b3ea21e5,CCc1ccc(Cl)cc1-c1[nH]c(-c2ccnc(N)n2)cc1C(N)=O,24,train
JAK2_a1446e7a88,Cc1cccc(Nc2sc(-c3cccc(C(F)(F)F)c3)cc2C(N)=O)n1,26,train
JAK2_58c426eb98,CN(C)C(=O)c1cnc(N)c2cc(-c3ccc(N4CCOCC4)cc3)sc12,27,train
JAK2_e67c843919,COc1cc(-c2cnc3cccc(-c4ccc(CN5CCOCC5)c(F)c4)c3n2)cc(OC)c1OC,36,train
JAK2_54bc2cde0b,CCCN(CC)C(=O)C1CCN(c2cc(-c3c(N)nn4cccnc34)ncn2)C1,29,train
JAK2_3e73acf8f9,Cc1cc(-c2ccc(S(=O)(=O)NC(C)(C)C)cc2)cc2c(N)n[nH]c12,25,train
JAK2_1bae26071f,Cc1cc(Nc2nc(N[C@@H](C)c3ccc(F)cn3)cnc2C)n[nH]1,24,train
JAK2_43e3933bb0,Oc1ccc(/C=N/N2CCN(C3c4ccccc4-c4ccccc43)CC2)cc1O,29,train
JAK2_81f4cf91ce,Nc1ccn2ncc(C(=O)Nc3c[nH]nc3-c3cccc(Cl)c3)c2n1,25,train
JAK2_835443b633,Cc1cc(Nc2nc(N[C@@H](C)c3ncc(F)cn3)cc(N3CCOCC3)n2)n[nH]1,29,train
JAK2_cc50037476,Cc1ccc(Cl)cc1-c1c(C(N)=O)cc(-c2ccnc(N)n2)n1C,24,train
JAK2_74ba919b0d,Cn1cc(-c2ccc3[nH]c4c(C(N)=O)cnc(NC5CCCCC5)c4c3c2)cn1,29,train
JAK2_09edf70d78,CN1CCN(c2ccc(Nc3nc4c(-c5ccc(S(C)(=O)=O)cc5)cccn4n3)cc2)CC1,33,train
JAK2_80be2c2b1c,CS(=O)(=O)Nc1ccc(-c2ccnc(Nc3cccc(CN4CCC(O)CC4)c3)n2)cc1,32,train
JAK2_530b044866,CSc1cn2c(-c3cn[nH]c3)cnc2c(Nc2cc(C)ns2)n1,23,train
JAK2_85fd848de0,CN1CCN(c2cccc(Nc3nc4c(-c5ccc(F)cc5)cccn4n3)c2)CC1,30,train
JAK2_0009cd3e47,COc1cc(-c2cnc3cccc(-c4ccc(CC(=O)N5CCOCC5)cc4)c3n2)cc(OC)c1OC,37,train
JAK2_a35ca9dec6,Cn1cc(-c2ccc3c(c2)[nH]c2c(C(N)=O)cnc(N[C@H](C4CCC4)C(F)(F)F)c23)cn1,32,train
JAK2_a77381c7fa,CC(C)[C@@H](Nc1cc(-c2c(N)nn3cccnc23)ncn1)c1ccc(F)cc1,28,train
JAK2_e36d161f74,CC(C)(C)/C(O)=C/c1nc2cc(Cl)ccc2oc1=O,19,train
JAK2_045f56a0d8,Cc1ccccc1-c1[nH]c(-c2ccnc(N)n2)cc1C(N)=O,22,train
JAK2_2e18080ebc,NC(=O)c1ccc(NC2CCCCC2)c2c1[nH]c1cc(-c3cn[nH]c3)ccc12,28,train
JAK2_2d7f8229b0,C1=CCOc2cccc(c2)Nc2nccc(n2)-c2cccc(c2)OCC1,26,train
JAK2_1a53985c87,CC(C)(C)[C@@H](NC(=O)c1c[nH]c2ncc(C3CC3)nc12)C(=O)N1CC(C#N)C1,28,train
JAK2_09aa9d2602,O=C(Nc1ccncc1-c1cccc(Cl)c1)c1cnn2cccnc12,25,train
JAK2_48bd1ba00c,CN1C/C=C/COCc2cccc(c2)Nc2nccc(n2)-c2cccc(c2)C1,28,train
JAK2_d2383e7b94,O=C(Nc1cccc(NC(=O)c2cccs2)c1)c1ccc([N+](=O)[O-])o1,25,train
JAK2_1bffeba5d4,Cn1cc(C2=C(Nc3cccc(OCCNc4ccnc(F)c4)c3)C(=O)NC2=O)c2ccccc21,35,train
JAK2_6893d6e910,COc1ccc2c(-c3cnc4[nH]cc(C(=O)N[C@H](C)C(=O)N5CC(C#N)C5)c4n3)nn(C)c2c1,34,train
JAK2_13ea9ede8c,CC(C)(C)NS(=O)(=O)c1cncc(-c2ccn3nc(N)nc3c2)c1,24,train
JAK2_5398c0fb90,Nc1n[nH]c2ccc(-c3ccncc3)cc12,16,train
JAK2_e239028038,O=c1[nH]ccc2c1c1cc(F)ccc1n2-c1ccccc1,21,train
JAK2_9ca9771eb4,C[C@H](Nc1nc(-n2cnc3ccncc32)nc2c1cc(C(=O)NS(C)(=O)=O)n2C)c1ccccc1,35,train
JAK2_6e51f2408c,Nc1ncc(C(=O)NCc2ccccc2)c2sc(-c3ccc(N4CCOCC4)cc3)cc12,32,train
JAK2_def8ecbfaa,CC1(C)CCC[C@H]1Nc1c(C(N)=O)cnn2cccc12,20,train
JAK2_0081f277ed,Cc1nc(O)c(C(=O)/C=C/c2ccccc2F)c2c1CCCC2,23,train
JAK2_3ef5e26b1b,C[C@H](Nc1cc(N2CCN(C)CC2)nc(-n2cnc3ccncc32)n1)c1ccccc1,31,train
JAK2_554d4dcabe,C=CC(=O)NCc1coc(-c2c(N)ncnc2Nc2ccc(OCc3ccccn3)c(Cl)c2)n1,34,train
JAK2_5e0d0678dd,CN1CCN(c2ccc3cc2COCC=CCOCc2cccc(c2)-c2ccnc(n2)N3)CC1,34,train
JAK2_4811c772c8,CN1CCN(c2ccc(Nc3nc4cccc(-c5ccc(S(C)(=O)=O)cc5)n4n3)cc2)CC1,33,train
JAK2_69019d0e87,O=c1[nH]ccc2c3[nH]c(-c4c(F)cccc4Cl)nc3c3ccc(F)cc3c12,27,train
JAK2_32235f59d7,CC(C)Oc1cc(Nc2nc(N[C@@H](C)c3ccc(F)cc3)c(C#N)cc2F)n[nH]1,29,train
JAK2_3bf22d85ab,CNC(=O)c1cnc(N)c2cc(-c3ccc(C)cc3)sc12,21,train
JAK2_0e403bb8eb,Cc1cn2c(-c3cn[nH]c3)cnc2c(Nc2cc([C@@H](C)N3C[C@@H](C)O[C@@H](C)C3)ns2)n1,31,train
JAK2_8085aa66d8,O=c1[nH]c2cnc(-n3cnc4ccc(Cl)cc43)nc2n1[C@@H]1CCOc2c(F)cccc21,31,train
JAK2_64fd5f45df,O=c1[nH]nc2cc(CO)c3ccc(-c4ccc[nH]4)cc3n12,21,train
JAK2_740dfa4307,Cc1cnc(Nc2nc(N[C@@H](C)c3ncc(F)cn3)nc(N3CCOCC3)c2F)s1,30,train
JAK2_f8c51b4e32,Cc1ccc(-n2nc(C(C)(C)C)cc2NC(=O)Nc2ccc(OCCN3CCOCC3)c3ccccc23)cc1,39,train
JAK2_705f4d3109,CCN(Cc1ccccc1)c1cc(-c2c(N)nn3cccnc23)ncn1,26,train
JAK2_53772733cc,CC(C)n1cnc(Nc2nc(N3CCN(C(=O)Cc4ccccc4)CC3)nn3cccc23)c1,33,train
JAK2_1b4ffa7121,C1=C/CN(CC2CC2)Cc2cccc(c2)Nc2nccc(n2)-c2cccc(c2)OCC/1,31,train
JAK2_a4a67430fd,Cc1ccc(Cl)cc1-c1[nH]c(-c2ccnc(Nc3ccc(N4CCN(C)CC4)cc3)n2)cc1C(N)=O,36,train
JAK2_b9ef0dccdb,CN(C)CCN(C)c1ccc2cc1COCC=CCOCc1cccc(c1)-c1ccnc(n1)N2,34,train
JAK2_08437571d3,CN1C/C=C/CCOc2cccc(c2)-c2ccnc(n2)Nc2ccc(Cl)c(c2)C1,29,train
JAK2_217581626e,CC(NC(=O)c1c[nH]c2ncc(Oc3ccccc3)nc12)C1CC1,24,train
JAK2_e9c7a5b465,c1ccc(-c2c(-c3ccc(OCCN4CCCC4)cc3)oc3ncnc(NCCN4CCNCC4)c23)cc1,38,train
JAK2_71edeb4185,COCCOc1ccc2cc1CN(C)C/C=C/COCc1ccc(s1)-c1ccnc(n1)N2,32,train
JAK2_03d1a9b8de,Cn1cc2c(Nc3nc(N[C@@H]4CCOC[C@@H]4N)cc4cc[nH]c(=O)c34)cccc2n1,30,train
JAK2_0be2eaa185,NC(=O)CN1CCC(c2ccc(Nc3ncc4ccc(-c5cccc(CO)c5)n4n3)cc2)CC1,34,train
JAK2_3f16324207,O=C1NC(=O)C(c2c[nH]c3ccccc23)=C1Nc1ccccc1OCCn1ccnc1,31,train
JAK2_7ca62fbe94,NC(=O)c1cnc(NC2CCCCC2)c2c1[nH]c1cc(-c3ccn[nH]3)ccc12,28,train
JAK2_10b80be790,C[C@@H](Nc1cc(-c2c(N)nn3cccnc23)ncn1)c1ccccc1,25,train
JAK2_ca39d80886,Cc1cc(NC(=O)c2cnn3cccnc23)n(-c2cccc(Cl)c2)n1,25,train
JAK2_de6f2c0053,O=C1NC(=O)C(c2c[nH]c3ccccc23)=C1Nc1cccc(OC2CCN(c3ccnc(F)c3)C2)c1,36,train
JAK2_b9e55f321a,N#Cc1ccc2ncn(-c3ncc4[nH]c(=O)n(Cc5cccc(F)c5F)c4n3)c2c1,30,train
JAK2_a02e005f3d,c1cc(-c2ccc3[nH]ccc3c2)nc(Nc2ccc(N3CCOCC3)cc2)n1,28,train
JAK2_293336b5e7,Cc1cc(Nc2nc(N[C@@H](C)c3ccc(F)cn3)c(C#N)nc2C)n[nH]1,26,train
JAK2_21004599ab,CC(C)[C@@H](Nc1nc2cc[nH]c(=O)c2c2cc(F)ccc12)C(F)(F)F,25,train
JAK2_d6f0557177,COc1ccc2c(Oc3ccc(NC(=O)c4c(C)n(CC(C)(C)O)n(-c5ccccc5)c4=O)nc3)ccnc2c1,40,train
JAK2_b5896fea79,O=c1[nH]ccc2c(Nc3c(Cl)cc(-c4ccn[nH]4)cc3Cl)nc3ccncc3c12,29,train
JAK2_05f74b5037,O=C(/C(=N/N=C/c1ccc(O)c(O)c1)c1ccccc1)c1ccccc1,26,train
JAK2_d0c920f8f8,NCCn1cc(-c2cc(-c3cc4ccccc4s3)c3[nH]ncc3c2)c2nc(N)ncc21,31,train
JAK2_74828577f1,N#CCNC(=O)c1ccc(-c2ccnc(Nc3ccc(CN4CCOCC4)cc3)n2)cc1,32,train
JAK2_1ba3bb3de3,CC[C@@H](NC(=O)c1c[nH]c2ncc(-c3nn(C)c4cc(Cl)ccc34)nc12)C(=O)N1CC(C#N)C1,34,train
JAK2_7129b581e3,O=S(=O)(c1cnc(Cl)c(Br)c1)N1CCc2ccccc21,20,train
JAK2_62383467ec,CS(=O)(=O)c1ccc(-c2cccn3nc(N)nc23)cc1,20,train
JAK2_c5435d61dd,NC(=O)CN1CCC(c2ccc(Nc3ncc4ccc(-c5cnccn5)n4n3)cc2)CC1,32,train
JAK2_bdd65b23cd,CC1(c2cc(Nc3nc(N4CCN(C(=O)Cc5ccccc5)CC4)nn4cccc34)n[nH]2)CC1,34,train
JAK2_68a5f26e29,CC(C)(C)OC(=O)N[C@@H](Cc1ccccc1)c1nnc(S(=O)(=O)Cc2cccc(F)c2)o1,32,train
JAK2_b64ffa805a,Cn1cc(NC(=O)c2cnn3cccnc23)c(-c2cccc(Cl)c2)n1,25,train
JAK2_0a1f55b83a,c1ccc(-c2ccnc(Nc3ccc(N4CCOCC4)cc3)n2)cc1,25,train
JAK2_208a9ca923,Cc1oc2c(O)c(O)ccc2c(=O)c1-c1cnn(-c2ccccc2)c1,25,train
JAK2_321a0f12a6,C[C@H](Nc1nc(-n2cnc3ccncc32)nc2c1cc(C(=O)N1CCOCC1)n2C)c1ccccc1,36,train
JAK2_bc0710184a,CC(C)C(Nc1ncc(C(N)=O)c2[nH]c3cc(-c4cnn(C)c4)ccc3c12)C1CC1,30,train
JAK2_e2afa78ffd,C[C@@H](NC(=O)c1c[nH]c2ncc(-c3nn(C)c4cc(C#N)ccc34)nc12)C(=O)N1CC(C#N)C1,34,train
JAK2_52e2aaf803,Nc1nn2cccnc2c1-c1cc(N[C@@H]2CCc3ccccc32)ncn1,26,train
JAK2_9744adf6ff,c1cc2c(ncc3nnc(C4CCCCC4)n32)[nH]1,18,train
JAK2_2d99fb5dc8,COc1cnc(Nc2ccc(N3CCOCC3)cc2)nc1-c1ccc(C(=O)NCC#N)cc1,33,train
JAK2_e8465d9792,O=c1[nH]ccc2c(Nc3c(Cl)cncc3Cl)nc3ccncc3c12,24,train
JAK2_383c6d94d7,COc1cc(Nc2nc3cccc(-c4cccc(Cl)c4)c3o2)cc(OC)c1OC,29,train
JAK2_c57d118ac8,Cc1cc(Nc2cnc(C#N)c(N[C@@H](C)c3ccc(F)cn3)n2)n[nH]1,25,train
JAK2_7bb684659d,NS(=O)(=O)c1ccc(-c2ccnc(Nc3ccc(N4CCOCC4)cc3)n2)cc1,29,train
JAK2_2c78302646,NC(=O)c1cnc(NC2CCCCCC2)c2c1[nH]c1ccc(F)cc12,25,train
JAK2_1462d0e6eb,CNc1ncnc(-c2cccnc2Oc2cc(NC(=O)c3cccc(OC(F)(F)C(F)F)c3)ccc2C)n1,38,train
JAK2_37af99755c,O=c1[nH]ccc2nc(Nc3cccc(F)c3)c3ccc(F)cc3c12,24,train
JAK2_fd4db09bf8,COc1cc2ncnc(Nc3ccc(O)cc3)c2cc1OC,22,train
JAK2_f21434d369,O=C1C=C(Nc2cccc(OCCNc3ccnc(F)c3)c2)C(=O)N1,25,train
JAK2_23b1e4cf36,Cc1cc(Nc2nc(O[C@H](C)c3ccc(F)cn3)c(C#N)nc2C)n[nH]1,26,train
JAK2_4b77f09040,O=C1NC(=O)C(c2c[nH]c3ccccc23)=C1Nc1ccc(OCCn2ccnc2)cc1,31,train
JAK2_86f77269d9,C[C@@H](NC(=O)c1c[nH]c2ncc(C3CC3)nc12)C(=O)N1CCC1,23,train
JAK2_9e9e65d6c2,CS(=O)(=O)O.O=C(NCc1cccc(O)c1)Nc1nc(-c2ccncc2)cs1,28,train
JAK2_c081816cf4,C[C@@H](NC(=O)c1c[nH]c2ncc(C3CC3)nc12)C(=O)N(C)C,22,train
JAK2_094eeb5506,O=S(=O)(c1cnc(Cl)c(Cl)c1)N1CCc2ccccc21,20,train
JAK2_f5336c0fa9,C1=CCOCc2cc(ccc2N2CCOCC2)Nc2nccc(n2)-c2cccc(c2)COC1,33,train
JAK2_52b2cf11d9,CN1CCN(c2ccc(-c3cnc4cccc(-c5cc(F)c(CN6CCS(=O)(=O)CC6)c(F)c5)c4n3)cn2)CC1,40,train
JAK2_3cfef51f91,CC1(C)[C@@H](N)CC[C@H]1Nc1c(C(N)=O)cnn2cccc12,21,train
JAK2_33518fcb72,C[C@H](O)CN1CCC(c2ccc(Nc3ncc4ccc(-c5ccccc5N(C)S(C)(=O)=O)n4n3)cc2)CC1,38,train
JAK2_29bddf2015,CCCn1c(CN(C)Cc2ccccc2)nc2c1c(=O)n(C)c(=O)n2C,26,train
JAK2_6cc1e32c2e,CCOC(=O)c1cccc(Nc2nc(N)n(C(=O)c3ccccc3F)n2)c1,27,train
JAK2_b7b977e332,COc1cc2ncc(N[C@H]3CC[C@H](O)CC3)nc2cc1OC,22,train
JAK2_b97262126f,CCCN(CC)C(=O)C1CCCN(c2cc(-c3c(N)nn4cccnc34)ncn2)C1,30,train
JAK2_7749fd2b4f,Cc1cc(Nc2nc(N[C@@H](C)c3ccc(F)cn3)c(F)c(N3CCOCC3)n2)n[nH]1,30,train
JAK2_31b4961f61,Cc1ccc(Cl)cc1-c1nn(C)cc1NC(=O)c1cnn2ccc(N)nc12,27,train
JAK2_dea7048134,C[C@H](Nc1cc(-c2cnn(C)c2)nc(-n2cnc3ccncc32)n1)c1ccccc1,30,train
JAK2_70edd2cf07,Cn1nc(-c2cnc3[nH]cc(C(=O)N[C@@H](C(=O)N4CC(C#N)C4)C4CC4)c3n2)c2ccc(Cl)cc21,35,train
JAK2_95d4098df3,O=CO.c1ccc2c(c1)CSc1sccc1C2=C1CCNCC1,23,train
JAK2_1f9173a0e5,CC(=O)Nc1ccc(-c2ccnc(Nc3ccccc3)n2)cc1,23,train
JAK2_4b47cf7d5d,COc1ccc(-c2cccn3nc(N)nc23)cn1,18,train
JAK2_64908a7579,CCS(=O)(=O)c1ccc2cc1CN(C)C/C=C/CCOc1cccc(c1)-c1ccnc(n1)N2,33,train
JAK2_aa0200c611,CNc1ccn(-c2ccccc2)c(=O)c1C(=O)Nc1ccc(Oc2ccnc3cc(OC)c(OC)cc23)cn1,39,train
JAK2_f17eb9053f,COc1cc(Nc2nc3cccc(-c4ccc(CN5CCOCC5)cc4)c3o2)cc(OC)c1OC,35,train
JAK2_e984d68b65,CCc1ccc(C(F)(F)F)cc1-c1[nH]c(-c2ccnc(N)n2)cc1C(N)=O,27,train
JAK2_90220289eb,Nc1nn2cccnc2c1-c1cc(N2CCOCC2)ncn1,22,train
JAK2_259a9f277d,Cc1cc(Nc2nc(N3CCN(C(=O)N(C)C)CC3)nn3cccc23)n[nH]1,27,train
JAK2_e657a98017,O=C(CCl)NCc1cc(-c2ccc(Cl)cc2)no1,18,train
JAK2_975f88f891,O=C(CCl)N(C/C=C/c1ccccc1)c1ccc2c(c1)OCCO2,24,train
JAK2_bcb1599df7,Nc1nc(N)c2nc(-c3ccccc3)c(N)nc2n1,19,train
JAK2_5d9eb4f9ea,CN1CCN(c2cc(Oc3c(F)cccc3F)nc(-n3cnc4ccncc43)n2)CC1,31,train
JAK2_de12304eb6,O=c1[nH]c2cnc(-n3cnc4ccc(F)cc43)nc2n1Cc1c(F)cccc1F,29,train
JAK2_58babf3cf4,CC(=O)N[C@@H]1CCc2ccc(Oc3cnc4[nH]cc(C(=O)N[C@@H](C(=O)N5CC(C#N)C5)C5CC5)c4n3)cc21,38,train
JAK2_e4d13b4bbb,NC(=O)c1cc(-c2ccccc2F)sc1Nc1cccc(CN2CCOCC2)n1,29,train
JAK2_809c0ece50,O=c1[nH]ccc2c(Nc3c(Cl)cc(C(F)(F)F)cc3Cl)nc3ccncc3c12,28,train
JAK2_70fe545409,COc1ccc(COc2ccc(Cc3cnc(N)nc3N)cc2OC)cc1,27,train
JAK2_763cf817fa,CC(Nc1nc(Nc2cn(C)cn2)c2[nH]ccc2n1)c1ncc(F)cn1,26,train
JAK2_471915c039,O=c1[nH]ccc2c(Nc3c(F)cc(F)cc3Cl)nc3ccncc3c12,25,train
JAK2_87f82fe33f,CN1C/C=C/CCOc2cccc(c2)-c2ccnc(n2)Nc2cc(cc(NC(=O)C(F)(F)F)c2)C1,35,train
JAK2_16664f4335,ClCCOc1ccc2cc1COCC=CCOCc1cccc(c1)-c1ccnc(n1)N2,31,train
JAK2_01d8a80836,C1=C/Cn2ccc3ccc(cc32)-c2ccnc(n2)Nc2ccc(OCCN3CCCC3)c(c2)COC/1,36,train
JAK2_427939efd5,NC(=O)c1cc(-c2ccccc2)sc1Nc1ccc(F)cn1,22,train
JAK2_bb684b6aa3,CC(NC(=O)c1c[nH]c2ncc(C3CC3)nc12)C1CC1,20,train
JAK2_9ff6ebb055,Cc1cc(Nc2nc(N[C@@H](C)c3ccc(F)cc3)c(C#N)cc2F)n[nH]1,26,train
JAK2_f7d9533ff3,C[C@H](Nc1nc(Nc2cn(C)cn2)c2ccn(C)c2n1)c1ncc(F)cn1,27,train
JAK2_fbbcd63fe7,N#CCNC(=O)c1ccc(-c2ccnc(Nc3ccc(N4CCOCC4)c(F)c3)n2)cc1,32,train
JAK2_88aea7d062,Cc1cc(-c2cnc3cccc(-c4ccc(CN5CCOCC5)c(F)c4)c3n2)ccc1C(=O)N1CCOCC1,39,train
JAK2_14588c086c,CN1CCN(c2ccc(Nc3ncc4ccc(-c5cccc(S(=O)(=O)NC(C)(C)C)c5)n4n3)cc2Cl)CC1,38,train
JAK2_4d4ffae9ce,CC(=O)N[C@@H]1CCc2ccc(Oc3cnc4[nH]cc(C(=O)N[C@H](C)C5CC5)c4n3)cc21,31,train
JAK2_35d5ec9f03,Cc1cc(Nc2cnc(C#N)c(NC(C)c3ccc(F)cn3)n2)n[nH]1,25,train
JAK2_2001e52f1c,Cn1cc(NC(=O)c2cnn3ccc(N)nc23)c(-c2cccc(Cl)c2)n1,26,train
JAK2_e36804ea19,Cc1nc(-c2cccc(Cl)c2)c(NC(=O)c2cnn3ccc(N)nc23)s1,26,train
JAK2_5c2f9b1689,Cc1cc(Cl)c2c(n1)N(CCc1ccccc1)CCc1c-2[nH]c2ccccc12,28,train
JAK2_9befca631f,CC(C)[C@@H](Nc1nc2cc[nH]c(=O)c2c2cnccc12)C(F)(F)F,24,train
JAK2_9ed0e79538,C1=C/COCc2cc(ccc2OCCN2CCCC2)Nc2nccc(n2)-c2cncc(c2)COC/1,35,train
JAK2_4c33092d30,Cc1cc(Nc2nc3cccc(-c4cc(F)c(CN5CCOCC5)c(F)c4)c3o2)ccc1C(=O)N(C)C,37,train
JAK2_49f97fbd06,N#CCNC(=O)c1ccc(-c2ccnc(Nc3ccc(N4CCSCC4)cc3)n2)cc1,31,train
JAK2_fc4de259e2,Cc1cc(Nc2nc(N[C@@H](C)c3ncc(F)cc3F)c(F)c(N3CCOCC3)n2)n[nH]1,31,train
JAK2_55cf14f4f0,N#CCNC(=O)c1cccc(-c2ccnc(Nc3ccc(N4CCOCC4)cc3)n2)c1,31,train
JAK2_5c84f7cc1c,CC(=O)Nc1ccc(-c2nc(Nc3ccc(N4CCOCC4)cc3)ncc2F)cc1,30,train
JAK2_eb8aa12232,NC(=O)c1cnc(NC2CCOCC2)c2c1[nH]c1ccc(F)cc12,24,train
JAK2_b21735112e,CC(C)(O)c1cc(Cl)c(Nc2nc3ccncc3c3c(=O)[nH]ccc23)c(Cl)c1,28,train
JAK2_2208c21560,C[C@H](O)CN1CCN(c2ccc(Nc3ncc4ccc(-c5ccccc5N(C)S(C)(=O)=O)n4n3)cc2F)CC1,39,train
JAK2_9521b9272b,C[C@@H](NC(=O)c1c[nH]c2ncc(C3CC3)nc12)C(=O)N1CCC(C#N)C1,26,train
JAK2_dc6c02ad03,CCOC(=O)Cn1cc(-c2ccc(-c3nc(-c4ccc(F)cc4)c(-c4cc[nH]c(=O)c4)[nH]3)cc2)nn1,36,train
JAK2_fcc705ef41,CN1C/C=C/COCc2ccc(s2)-c2ccnc(n2)Nc2ccc(OCCN3CCCC3)c(c2)C1,35,train
JAK2_e606acde18,OCc1ccc(C2Nc3ccccc3-c3ccnc4[nH]cc2c34)cc1,25,train
JAK2_e651f7b356,COc1ccc2c(Nc3cn(C)cn3)nc(NC(C)c3ncc(F)cn3)nc2c1,29,train
JAK2_461a3e9f9c,Cc1ccc(C)c(-c2nn(C)cc2NC(=O)c2cnn3cccnc23)c1,26,train
JAK2_490b74b470,O=C(O)c1[nH]c(=O)[nH]c(=O)c1F,12,train
JAK2_48f4c39175,Cn1cc(NC(=O)c2cnn3ccc(N)nc23)c(-c2cc(Cl)ccc2Cl)n1,27,train
JAK2_0151947536,CN1CCC(NC(=O)c2cc(-c3c(O)cc(O)cc3Oc3ccc([N+](=O)[O-])cc3)on2)CC1,33,train
JAK2_7bc09295aa,NC(=O)c1cnc(NC(C2CC2)C2CC2)c2c1[nH]c1cc(-c3cn[nH]c3)ccc12,29,train
JAK2_2c9dc917e3,C[C@H](O)CN1CCN(c2ccc(Nc3ncc4ccc(-c5cccc(S(=O)(=O)NC(C)(C)C)c5)n4n3)cc2F)CC1,41,train
JAK2_d02a89e100,COc1ccc(C2=Nn3c(nnc3C3CCCCC3)SC2)cc1OC,25,train
JAK2_bf422951f8,Cc1ccccc1CS(=O)(=O)c1nnc([C@H](CC(C)C)NC(=O)OC(C)(C)C)o1,29,train
JAK2_ccf270f33b,COc1ccccc1-c1ccc2cnc(Nc3cccc(N4CCOCC4)c3)nn12,30,train
JAK2_05c72e1270,CC(C)(C)NS(=O)(=O)c1ccc(-c2cc3c(N)ncc(C(=O)NCCCN4CCOCC4)c3s2)cc1,36,train
JAK2_9dcdbe0544,N#C[C@H]1CCN(C(=O)[C@H](NC(=O)c2c[nH]c3ncc(C4CC4)nc23)C2CC2)C1,28,train
JAK2_3ef13a169e,N#Cc1ccc(Nc2sc(-c3ccccc3)cc2C(N)=O)nc1,23,train
JAK2_3fc0ebe287,CONC(=O)c1cc2c(N[C@@H](C)c3ccccc3)nc(-n3cnc4ccncc43)nc2n1C,33,train
JAK2_a450c8fc87,C[C@H](Nc1ncc(Cl)c(Nc2cc(N(C)C)[nH]n2)n1)c1ncc(F)cn1,26,train
JAK2_11b9c27dcd,N#CC[C@H](C1CCCC1)n1cc(-c2ncnc3[nH]ccc23)cn1.O=P(O)(O)O,28,train
JAK2_8d7410b68f,C1=C/COCc2cc(ccc2OCCN2CCCC2)Nc2nccc(n2)-c2ccc(o2)COC/1,34,train
JAK2_4e74665b71,c1ccc2c(c1)CCC[C@@H]2Nc1ccnc(-n2cnc3ccncc32)n1,26,train
JAK2_2e1facad8d,Nc1nc(Nc2ccc(C(=O)O)cc2)nn1C(=O)c1c(F)cccc1F,26,train
JAK2_5f2f4ef7ea,COc1cc2cc(c1OCCN1CCCC1)COCC=CCOCc1cccc(c1)-c1ccnc(n1)N2,37,train
JAK2_7001b0c220,C[C@H](Nc1nc(Nc2cc(C3CC3)[nH]n2)cnc1C#N)c1ccc(F)cn1,27,train
JAK2_95e4e1d633,Cc1cccc(CS(=O)(=O)c2nnc([C@H](Cc3ccccc3)NC(=O)OC(C)(C)C)o2)c1,32,train
JAK2_3e3077caeb,CC(Nc1nc2cc[nH]c(=O)c2cc1-c1nc(-c2ccccc2)no1)C(C)(C)C,29,train
JAK2_31cdd2b6db,CC(=O)N[C@H]1CCc2ccc(Oc3cnc4[nH]cc(C(=O)NC(C)C)c4n3)cc21,29,train
JAK2_e575fd492b,C[C@@]1(CO)CCC[C@H]1Nc1c(C(N)=O)cnn2cccc12,21,train
JAK2_6f0d12cc27,O=C1Nc2ccccc2-c2ccnc3[nH]cc(c23)C1c1ccc(O)cc1,26,train
JAK2_006b54a7cf,Oc1ccc(C2Nc3ccccc3-c3ccnc4[nH]cc2c34)cc1,24,train
JAK2_6bcdbde591,C[C@H](Nc1nc(Nc2cn(C)cn2)c2ccn(C3CC3)c2n1)c1ncc(F)cn1,29,train
JAK2_016054866d,C[C@@H](NC(=O)c1c[nH]c2ncc(-c3nn(C)c4ccccc34)nc12)C(=O)N1CC(C#N)C1,32,train
JAK2_15829dfdea,CN1CCN(C(=O)c2cc3c(NCc4ccccc4F)nc(-n4cnc5ccncc54)nc3n2C)CC1,37,train
JAK2_c7dfd2659f,O=C(CCc1nc2ccccc2c(=O)[nH]1)Nc1ncc(Cc2ccc(F)c(F)c2)s1,30,train
JAK2_c4f254cc9f,Nc1nn2cccnc2c1-c1cc(OCc2ccc(F)cc2)ncn1,25,train
JAK2_d93ca6a47d,Cc1ccc(Cl)cc1-c1[nH]c(-c2ccnc(N)n2)cc1C(=O)NCc1ccccc1,30,train
JAK2_184e1f03ba,Oc1ccc(C2=Nc3ccccc3-c3ncnc4[nH]cc2c34)c(Cl)c1,25,train
JAK2_5f782405d4,Cc1cccc(Nc2sc(-c3ccc(C(F)(F)F)cc3)cc2C(N)=O)n1,26,train
JAK2_698071eb2b,COc1ccccc1-c1ccc2cnc(Nc3ccc(N4CCN(C)CC4)c(Cl)c3)nn12,32,train
JAK2_12286137c9,Cc1cc2nc(n1)Nc1cccc(c1)CN(C)C/C=C/CCOc1cccc-2c1,29,train
JAK2_74d84b7dc6,Cc1cc(Nc2cc(N3CCOCC3)nc(N[C@@H](C)c3ncc(F)cn3)n2)n[nH]1,29,train
JAK2_09427d2b15,C1=C/COCc2cncc(c2)-c2ccnc(n2)Nc2cccc(c2)COC/1,27,train
JAK2_490317e0f3,CC(Nc1nc2cc[nH]c(=O)c2cc1-c1ccc(F)cc1)c1cc(F)c(Cl)cc1Cl,30,train
JAK2_6d5beb07bc,CC[C@@](C)(Nc1ccnc(-c2c[nH]c3ncccc23)n1)C(=O)NCC(F)(F)F,28,train
JAK2_8cf1e0547e,CN1CCN(c2cccc(Nc3nc4c(-c5ccc(S(C)(=O)=O)cc5)cccn4n3)c2)CC1,33,train
JAK2_0e4efc6813,COc1cc(Nc2nc(N[C@@H](C)c3ncc(F)cn3)nc(N3CCOCC3)c2Cl)n[nH]1,31,train
JAK2_c828b6ae57,Cc1cc(Nc2nc(N[C@@H](C)c3ncc(F)cn3)c(C#N)nc2C)n[nH]1,26,train
JAK2_043a23a1a0,CC(C)c1cccc(-c2cccc3nc(Nc4ccnc(CO)c4)nn23)c1,27,train
JAK2_ca5d1cb272,CC(C)(CN)CNc1nc2cc[nH]c(=O)c2c2cc(F)ccc12,23,train
JAK2_e1038442f7,O=c1[nH]c2cnc(-n3cnc4ccccc43)nc2n1C1CCOc2ccc(Cl)cc21,30,train
JAK2_1da373e9c1,C[C@H](Nc1nc(Nc2cc(C3CC3)[nH]n2)c(F)cc1C#N)c1ccc(F)cc1,28,train
JAK2_0267e2cace,CC(=O)N[C@@H]1CCc2ccc(Oc3cnc4[nH]cc(C(=O)N[C@H](C)C(=O)N5CC(C#N)C5)c4n3)cc21,36,train
JAK2_19f01be8c3,COc1ccc(Cl)cc1-c1nn(C)cc1NC(=O)c1cnn2cccnc12,27,train
JAK2_90c8423c64,CCN(CC)C(=O)C1CCCN(c2cc(-c3c(N)nn4cc(C)cnc34)ncn2)C1,30,train
JAK2_89775bae50,Cn1c(-c2cn(-c3cccc(C(=O)O)c3)nn2)nc(-c2ccc(F)cc2)c1-c1ccncc1,33,train
JAK2_b4e126bbe9,COC[C@H](C)Nc1cc(-c2ccoc2)nc(-n2cnc3ccncc32)n1,26,train
JAK2_df1b0055a1,CC(C)CC(=O)Nc1n[nH]c2c1CN(C(=O)C1CCN(C)CC1)C2(C)C,26,train
JAK2_bca2550737,O=C(CCl)/N=c1\sccn1Cc1ccc(Cl)cc1Cl,19,train
JAK2_c56e6976c9,Cn1cc(-c2ccc3c(c2)[nH]c2c(C(N)=O)cnc(NC(C4CC4)C4CC4)c23)cn1,30,train
JAK2_08c3e396bf,O=c1[nH]c2cnc(-n3cnc4ccccc43)nc2n1[C@@H]1CCOc2c(F)cccc21,30,train
JAK2_ddd6be70e8,Cc1c[nH]c2c(Nc3nc(N[C@@H]4CCCC[C@@H]4N)cc4nc[nH]c(=O)c34)cccc12,30,train
JAK2_72cd1365a7,O=C(Oc1cccc2c(O)cccc12)c1ccccc1,20,train
JAK2_f347617ecf,CN(Cc1ccccc1)C(=O)c1ccc(S(=O)(=O)Nc2ccccc2)cc1,27,train
JAK2_358715451a,O=c1[nH]c2cnc(-n3cnc4ccc(Cl)cc43)nc2n1C1CCOCC1,26,train
JAK2_1b9ba10888,Cc1cnc2nc1-c1ccc3ccn(c3c1)C/C=C/COCc1cc(ccc1OCCN1CCCC1)N2,37,train
JAK2_367832b9a9,Nc1nn2cccnc2c1-c1cc(N2CCCC(O)C2)ncn1,23,train
JAK2_3d4c8af3a1,Oc1ccc(Cl)cc1/N=C/c1sc2ccccc2c1Cl,20,train
JAK2_c7a8610bb2,N[C@H]1CCCC[C@H]1Nc1cc2nc[nH]c(=O)c2c(Nc2cccc3c(Cl)c[nH]c23)n1,30,train
JAK2_6eec4980ac,O=C(Nc1ccc(-c2ccnc(Nc3ccc(N4CCOCC4)cc3)n2)cc1)[C@H]1CCNC1,33,train
JAK2_efc2226329,C[C@H](Nc1ccnc(-n2cnc3ccncc32)n1)c1ccccc1,24,train
JAK2_8413cb701a,C[C@H](Nc1nc(-n2cnc3ccncc32)nc2c1cc(C(=O)N1CCN(C)CC1)n2C)C(C)(C)O,35,train
JAK2_47c91ed7e9,Cl.[2H]C([2H])(c1cc(Nc2nc(C)cn3c(-c4cn[nH]c4)cnc23)sn1)N1CCC(F)(F)C1,32,train
JAK2_1db93b6dba,CNC(=O)c1cc(-c2ccnc(N)n2)[nH]c1-c1cc(Cl)ccc1C,24,train
JAK2_63b7cd19c7,C[C@]1(C#N)CCC[C@H]1Nc1c(C(N)=O)cnn2cccc12,21,train
JAK2_3545c5cc71,COc1cc(Nc2nc3cccc(-c4cccc5[nH]cnc45)c3o2)cc(OC)c1OC,31,train
JAK2_87f6a98848,C[C@H](Nc1cc(-c2ccc(C#N)cc2)nc(-n2cnc3ccncc32)n1)c1ccccc1,32,train
JAK2_921bceb681,CC(C)(C)NS(=O)(=O)c1ccc(-c2ccc3[nH]nc(N)c3c2)cc1,24,train
JAK2_725776d8f2,Cc1cc(Nc2nc(N3CCN(C(=O)Cc4ccccc4)CC3)nn3cccc23)n[nH]1,31,train
JAK2_2ed91465fe,COc1ccc2cc1COCC=CCCOc1cccc(c1)-c1ccnc(n1)N2,29,train
JAK2_a368780209,CC(=O)Nc1ccc(-c2ccnc(Nc3cccc(NC(=O)c4c(Cl)cccc4Cl)n3)n2)cc1,34,train
JAK2_a16a2d932b,C[C@H](Nc1c(C(N)=O)cnn2cccc12)C(C)(C)C,19,train
JAK2_99cc6f9557,CC(=O)Nc1ccc(-c2ccnc(Nc3cccc(N4CCCCC4)c3)n2)cc1,29,train
JAK2_461d9c7add,CC(C)(C)NS(=O)(=O)c1ccc(-c2cc3c(N)ncc(C(=O)NCCO)c3s2)cc1,30,train
JAK2_c88e43e181,COc1cc(/C=C2\COC/C(=C\c3ccc(O)c(OC)c3)C2=O)ccc1O,27,train
JAK2_397dd7ec00,Cc1ccc(Cl)cc1-c1[nH]c(-c2ccnc(N)n2)cc1C(N)=O,23,train
JAK2_d21420afe1,CC(C)[C@H](C)NC(=O)c1c[nH]c2ncc(C3CC3)nc12,20,train
JAK2_2948ac0a45,COc1ccc(-c2cccc3nc(Nc4ccc(N5CCN(C)CC5)cc4)nn23)cc1,31,train
JAK2_17f1746207,CN1CCN(c2ccc(Nc3ncc4ccc(-c5ccccc5N(C)S(C)(=O)=O)n4n3)c(Cl)c2)CC1,36,train
JAK2_e1e0f1f159,CC(C)COC(=O)Nc1ccc(-c2cnc3c(-c4ccc(N5CCN(C)CC5)cc4)cnn3c2N)cc1,37,train
JAK2_6f4dcc3327,COc1ccc(-c2ccc3cnc(Nc4ccc(C5CCN(CC(N)=O)CC5)cc4)nn23)cn1,34,train
JAK2_5faf1754e4,NC(=O)c1cnc(NC(C2CC2)C2CC2)c2c1[nH]c1cc(-c3cccnn3)ccc12,30,train
JAK2_9fccb710a4,CC(C)Oc1cc(Nc2cncc(N[C@@H](C)c3ccc(F)cn3)n2)n[nH]1,26,train
JAK2_365c8f86d1,Cc1cc(Nc2nc(O[C@H](C)c3ncc(F)cn3)ncc2Cl)n[nH]1,24,train
JAK2_1fa7fecedb,CC(=O)Nc1ccc(-c2ccnc(Nc3cccc(NC(=O)c4ccccc4)c3)n2)cc1,32,train
JAK2_aba55c653f,C1=C/COCc2ccc(o2)-c2ccnc(n2)Nc2cccc(c2)COC/1,26,train
JAK2_d989c57ae0,CN1CCN(c2nc(C3=C(c4c[nH]c5ccccc45)C(=O)NC3=O)c3ccccc3n2)CC1,33,train
JAK2_7d79a361fa,CS(=O)(=O)c1cccc(-c2cccn3nc(N)nc23)c1,20,train
JAK2_d6d006c9e2,CCC(=O)N1CCN(c2nc(Nc3cc(C)[nH]n3)c3cccn3n2)CC1,26,train
JAK2_48e15ba2e4,COc1cc(Nc2nc(N[C@@H](C)c3ncc(F)cn3)ncc2Cl)n[nH]1,25,train
JAK2_f113b245bb,N#C/C(=C\c1ccc(O)c(O)c1)C(=O)NCCCc1ccccc1,24,train
JAK2_5f4edcae25,O=C1NC(=O)C(c2c[nH]c3ccccc23)=C1c1cc(N2CCOCC2)ccc1C(F)(F)F,32,train
JAK2_ab6e109fe3,CC1(C)C[C@](C)(O)C[C@H]1Nc1c(C(N)=O)cnn2cccc12,22,train
JAK2_3e06fcf816,Nc1nc2c3c(F)cccc3nc(Cc3ccc4c(c3)OCO4)n2n1,25,train
JAK2_56ea4fced8,CC1(C)[C@H](Nc2c(C(N)=O)cnn3cccc23)CC[C@@]1(C)N,22,train
JAK2_05fbd16d4f,CNc1nccc(-c2cccnc2Oc2ccc(NC(=O)c3ccccc3Nc3ccccc3)cc2)n1,37,train
JAK2_989e4e23b7,CN1C/C=C/COCc2ccc(o2)-c2ccnc(n2)Nc2cccc(c2)C1,27,train
JAK2_5fad1856dc,COc1ccc2nc(C)cc(Sc3nc4ccccc4s3)c2c1,23,train
JAK2_0124c4af7b,Cc1cccc(Oc2cnc3[nH]cc(C(=O)NC(C)C)c3n2)c1,23,train
JAK2_f389383369,COc1ccc(N(C(=O)Oc2c(C)cccc2C)c2ccnc(Nc3cc(OC)c(OCCCN4CCN(C)CC4)c(OC)c3)n2)c(OC)c1,50,train
JAK2_9a6e834330,COc1ccc2nc(NC(C)c3ncc(F)cn3)nc(Nc3cn(C)cn3)c2c1,29,train
JAK2_2dc2722230,Fc1cc(-c2cccc3ncc(-c4cnn(C5CCNCC5)c4)nc23)cc(F)c1CN1CCOCC1,36,train
JAK2_d96ee2df18,Cc1ccc(Nc2sc(-c3ccccc3)cc2C(N)=O)nc1,22,train
JAK2_1ac6383706,Cc1cc2c(c(Cl)n1)-c1[nH]c3ccccc3c1CCN2CCc1ccccc1,28,train
JAK2_8f2cde4faa,COc1ccccc1-c1cccn2nc(N)nc12,18,train
JAK2_d7634eac48,COc1ccccc1-c1ccc2cnc(Nc3cccc(N4CCN(C)CC4)c3)nn12,31,train
JAK2_e70670bc05,COc1cc(Nc2nc3cccc(-c4ccc(C(=O)N5CCOCC5)c(F)c4)c3o2)cc(OC)c1OC,37,train
JAK2_8d464933d6,CC(C)c1cc(-c2cccn3nc(Nc4ccc(C(=O)O)cc4)nc23)ccn1,28,train
JAK2_a5cce799d5,CN1CCC(N(c2nc3cc[nH]c(=O)c3c3cc(F)ccc23)C2CC2)CC1,27,train
JAK2_e015004f7f,Cc1nc2c(-c3cnc(N)nc3)nc(N3CCOCC3)nc2n1C(C)C,26,train
JAK2_d783e41f9e,Cc1ccccc1CS(=O)(=O)c1nnc([C@H](Cc2ccccc2)NC(=O)OC(C)(C)C)o1,32,train
JAK2_83b62c6f40,C[C@@H](Nc1nc(-n2cnc3ccncc32)nc2c1cc(C(=O)N1CCN(C)CC1)n2C)c1ccccc1,37,train
JAK2_8953307114,Cc1cc(-c2cccc3nc(Nc4ccc(N5CCN(C)CC5)cc4)oc23)ccc1C(=O)N1CCOCC1,38,train
JAK2_a39872076a,NC(=O)c1cnc(NC2CCCCC2)c2c1[nH]c1cc(-c3ccccc3)ccc12,29,train
JAK2_9ea4c09ae4,CN1CCN(C(=O)c2cc3c(NC(C)(C)C)nc(-n4cnc5ccncc54)nc3n2C)CC1,33,train
JAK2_aaa3dcf6eb,Cc1cc(Nc2nc(O[C@@H](C)c3ncc(F)cn3)ncc2Cl)n[nH]1,24,train
JAK2_bb5849ef90,CN1C/C=C/CNC(=O)c2cccc(c2)-c2ccnc(n2)Nc2cccc(c2)C1,29,train
JAK2_cdc678b86f,C[C@@H](Nc1ncc(C(N)=O)c2[nH]c3ccc(F)cc3c12)C(C)(C)C,24,train
JAK2_7d123907a9,COc1cc(F)c(CC(=O)N2CCN(c3nc(Nc4cc(C)n[nH]4)c4cccn4n3)CC2)c(F)c1,35,train
JAK2_12096dd534,Cc1ccnc(Nc2nc3cccc(-c4cccc(C(C)C)c4)n3n2)c1,26,train
JAK2_764051eb34,Cl.Cn1c(-c2cn([C@H]3CCNC[C@@H]3F)nn2)nc(-c2ccc(F)cc2)c1-c1ccncc1,32,train
JAK2_12ed66a48a,COc1cc(-c2cnc3cc(C)cc(-c4ccc(CC(=O)N5CCS(=O)(=O)CC5)cc4)c3n2)cc(OC)c1OC,40,train
JAK2_5d0ef37da5,C1=C/COCc2cc(ccc2OCCN2CCCC2)Nc2nccc(n2)-c2csc(c2)COC/1,34,train
JAK2_1e26b0b096,NC(=O)c1cnc(NC(C2CC2)C2CC2)c2c1[nH]c1cc(-c3cnc(N)cn3)ccc12,31,train
JAK2_c4b25f65b1,Nc1nn2cccnc2c1-c1cc(NCc2ccccc2)ncn1,24,train
JAK2_eb5deaf3f3,CCOP(=O)(CCn1cc(-c2nc(-c3ccc(F)cc3)c(-c3ccncc3)n2C)nn1)OCC,34,train
JAK2_1646d01925,CC(C)CN1C/C=C/CCOc2cccc(c2)-c2ccnc(n2)Nc2cccc(c2)C1,31,train
JAK2_6721c978fb,NC(=O)c1cc(-c2ccccc2)sc1Nc1ccccc1,21,train
JAK2_6c55e74feb,COc1cc(Nc2ncc3ccc(-c4ccccc4)n3n2)cc(OC)c1OC,28,train
JAK2_ed99096d7e,CN1CCN(c2ccc(Nc3ncc4ccc(-c5ccccc5N(C)S(C)(=O)=O)n4n3)cc2F)CC1,36,train
JAK2_e3393601a3,O=C1C=CCC(/C=C/c2ccccc2)O1,15,train
JAK2_58e8871c61,Cn1cc(-c2ccc3c(c2)[nH]c2c(C(N)=O)cnc(N[C@@H](C4CC4)C(F)(F)F)c23)cn1,31,train
JAK2_c5b6242340,N[C@H]1CCCC[C@H]1Nc1cc2nc[nH]c(=O)c2c(Nc2cccc3[nH]ccc23)n1,29,train
JAK2_4b7d891b62,COc1cc(C)nc2c1-c1[nH]c3ccccc3c1CCN2CCc1ccccc1,29,train
JAK2_db6dd9965d,Nc1nc(Nc2ccccc2)nn1C(=O)c1c(F)cccc1F,23,train
JAK2_443019253e,CSc1nccc(-c2c(-c3ccc(F)cc3)nc3nc(N)ccn23)n1,25,train
JAK2_24f5fdceed,CC(C)Nc1ccc(Oc2cc(O)cc(O)c2-c2cc(C(=O)NC3CCN(C)CC3)no2)cc1,34,train
JAK2_5d1153c544,Cc1cc(Nc2nc(O[C@@H](C)c3ccc(F)cn3)c(C#N)nc2C)n[nH]1,26,train
JAK2_f3e4f09aed,Cc1nn2c(NCc3ccccn3)c3c(nc2c1-c1ccccc1)CCC3,27,train
JAK2_cc79504532,C[C@H](Nc1ccc(C(N)=O)c2[nH]c3cc(-c4ccnc(N)n4)ccc3c12)C(C)(C)C,30,train
JAK2_b2e6676788,CSc1nccc(-c2c(-c3ccc(F)cc3)nc3nc(-c4cn(CC(=O)[O-])nn4)ccn23)n1.[Na+],34,train
JAK2_db3a321aeb,O=c1[nH]c2cnc(-n3cnc4ccccc43)nc2n1C1CCOc2ccccc21,29,train
JAK2_56ebccdcf5,Cc1nn(Cc2ccc(Cl)cc2Cl)c(C)c1NC(=O)CCl,21,train
JAK2_1ba607a497,CN1CCN(c2ccc(Nc3ncc4nc(Nc5ccccc5)n(C5CCCC5)c4n3)cc2)CC1,35,train
JAK2_8c4874ec3d,CN1C/C=C/CCOc2cccc(c2)-c2nc(nc3[nH]cnc23)Nc2cccc(c2)C1,31,train
JAK2_347a6efb4d,CC(=O)N[C@@H]1CCc2ccc(Oc3cnc4[nH]cc(C(=O)N[C@@H](C(=O)N5CC(C#N)C5)C(C)(C)C)c4n3)cc21,39,train
JAK2_77e9cdb162,CN1CCN(CCOc2ccc3cc2CN(C)C/C=C/CCOc2cccc(c2)-c2ccnc(n2)N3)CC1,38,train
JAK2_ccd5157645,CN1CCN(c2ccc(-c3ccc4[nH]nc(N)c4c3)cc2)CC1,23,train
JAK2_9475c16aaa,Oc1ccc(C2Nc3ccccc3-c3ncnc4[nH]cc2c34)c(F)c1,25,train
JAK2_8a98d94bcd,O=c1cc(-c2[nH]c(C3CCNCC3)nc2-c2ccc(F)cc2)cc[nH]1,25,train
JAK2_c385760536,N#CC1CN(C(=O)[C@H](NC(=O)c2c[nH]c3ncc(C4CC4)nc23)C2CC2)C1,27,train
JAK2_9cb6a29d8d,CC(C)(C)NS(=O)(=O)c1ccc(-c2cc3c(N)ncc(C(=O)NCCN4CCOCC4)c3s2)cc1,35,train
JAK2_7e3dee0498,CC(C)NC(=O)c1c[nH]c2ncc(Oc3ccc(C#N)cc3)nc12,24,train
JAK2_6f4c447e44,CN(CC#N)C(=O)c1ccc(-c2ccnc(Nc3ccc(N4CCOCC4)cc3)n2)cc1,32,train
JAK2_20c09468c6,CC(=O)Nc1ccc(-c2ccnc(Nc3cccc(N4CCOCC4)c3)n2)cc1,29,train
JAK2_48bad702c4,Br.CCCCn1c(=N)n(CC(=O)c2ccc(Br)s2)c2ccccc21,24,train
JAK2_f8aebb0aa0,Nc1ncc(C(=O)Nc2ccccc2)c2sc(-c3ccc(N4CCOCC4)cc3)cc12,31,train
JAK2_5b73b9e127,COc1cc(-c2ccnc(Nc3ccc(N4CCOCC4)cc3)n2)ccc1C(=O)NCC#N,33,train
JAK2_478a83525a,COc1ccc(Nc2ccc3c(c2)=NC2(CCCCC2)[N+]=3[O-])cc1,24,train
JAK2_18328acc7d,CC(=O)Nc1ccc(-c2ccnc(Nc3cccc(NC(=O)c4c(Cl)cccc4Cl)c3)n2)cc1,34,train
JAK2_a6f302e8b7,CCN1CCN(c2ccc(Nc3cc(N(C)C(=O)Nc4c(Cl)c(OC)cc(OC)c4Cl)ncn3)cc2)CC1.O=P(O)(O)O,43,train
JAK2_05122e5146,Cc1cc(NC(=O)N2CC[C@@H](C)[C@@H](N(C)c3ncnc4[nH]ccc34)C2)sn1,27,train
JAK2_0a92dd77d6,Cc1ccc(NC(=O)c2cccc(C(F)(F)F)c2)cc1C(=O)Nc1cnc(Nc2ccc(N3CCN(C)CC3)cc2)nc1,43,train
JAK2_177b249eea,Cc1ccc(Cl)cc1-c1nn(C)cc1NC(=O)c1cnn2cccnc12,26,train
JAK2_8693a4181d,CCN(CC)CCOc1ccc2cc1COCC=CCOCc1cccc(c1)-c1ccnc(n1)N2,35,train
JAK2_1717a410f4,CC(C)NC(=O)c1c[nH]c2ncc(Oc3ccccc3)nc12,22,train
JAK2_55ac41bae4,CC(C)(C)NC(=O)c1ccc(-c2ccc3[nH]nc(N)c3c2)cc1,23,train
JAK2_a53c4d9c0f,COc1cc(Nc2nc3cccc(-c4ccccc4)c3o2)cc(OC)c1OC,28,train
JAK2_3313baf2be,C[C@H](O)CN1CCC(c2ccc(Nc3ncc4ccc(-c5cccc(S(=O)(=O)NC(C)(C)C)c5)n4n3)cc2)CC1,40,train
JAK2_55b934be09,Cc1cc(Nc2nc(O[C@@H](C)c3ncc(F)cc3F)c(F)c(N3CCOCC3)n2)n[nH]1,31,train
JAK2_0a392ff493,OCCN1C/C=C/CCOc2cccc(c2)-c2ccnc(n2)Nc2cccc(c2)C1,30,train
JAK2_51ec31bf24,COc1ccccc1C(C[N+](=O)[O-])c1c(N)n(C)c(=O)n(C)c1=O,24,train
JAK2_42140b447a,Cn1cc(NC(=O)c2cnn3cccnc23)c(-c2c(Cl)cccc2Cl)n1,26,train
JAK2_1ca43c17b9,Cc1cc(Nc2nc(N3CCN(C(=O)c4ccccc4Cl)CC3)nn3cccc23)n[nH]1,31,train
JAK2_6fe91bdb49,O=C1NC(=O)C(c2c[nH]c3ccccc23)=C1Nc1ccc(OCCCNc2ccnc(F)c2)cc1,35,train
JAK2_961fff5a83,COC[C@H](C)Nc1cc(-c2ccoc2)nc(-n2cnc3ccncc32)n1.Cl,27,train
JAK2_c18ec7771e,C1=CCCOc2cccc(c2)-c2ccnc(n2)Nc2cccc(c2)OCC1,27,train
JAK2_c7bfb6cce9,Cc1nc2ccncc2n1-c1nccc(N[C@@H](C)c2ccccc2)n1,25,train
JAK2_bf16d362a9,CCN1C/C(=C/c2ccc(OC)c(O)c2)C(=O)/C(=C/c2ccc(OC)c(O)c2)C1,29,train
JAK2_0be5e5cb2a,CN1CCN(c2ccc(Nc3ncc4ccc(-c5cccc(S(=O)(=O)NC(C)(C)C)c5)n4n3)cc2F)CC1,38,train
JAK2_c2fa5306ba,Nc1n[nH]c2ccc(-c3cc[nH]n3)cc12,15,train
JAK2_cb5596e52c,CS(=O)(=O)c1ccc(Nc2nc3c(-c4ccc(S(C)(=O)=O)cc4)cccn3n2)cc1,30,train
JAK2_5c694234ac,O=C(CCc1cn(Cc2ccc(Cl)cc2)c2ccccc12)Nc1ccncc1,28,train
JAK2_e118ddf262,Cc1cc(Nc2nc(N[C@H](C)c3ccc(F)cn3)c(C#N)nc2C)n[nH]1,26,train
JAK2_5b5a4d4655,CCS(=O)(=O)c1ccc(-c2ccc3[nH]nc(N)c3c2)cc1,21,train
JAK2_eb0f359259,COc1cc(Nc2ncc(C)s2)nc(N[C@@H](C)c2ncc(F)cn2)n1,25,train
JAK2_f97e77572b,O=c1[nH]c2cnc(-n3cnc4cc(C(F)(F)F)ccc43)nc2n1C1CCOCC1,29,train
JAK2_0ea667a781,C[C@H](Nc1cc(-c2ccoc2)nc(-n2cnc3ccc(C#N)cc32)n1)c1ccccc1,31,train
JAK2_1cc95fb461,Cn1cc(-c2ccc3c(c2)[nH]c2c(C(N)=O)cnc(N[C@H](C4CC4)C(F)(F)F)c23)cn1,31,train
JAK2_da21376389,O=C(Nc1cccc2c1[nH]c1ccccc12)C(F)(F)F,20,train
JAK2_e8596d56e7,CN1C/C=C/CCn2ccc3ccc(cc32)-c2ccnc(n2)Nc2cccc(c2)C1,30,train
JAK2_bc8d95b8eb,Cc1cc(Nc2nc(N3CCN(C(=O)Cc4ccc(Cl)cc4)CC3)nn3cccc23)n[nH]1,32,train
JAK2_dd65fc4349,C1=C/COCc2cc(ccc2OCCN2CCCC2)Nc2nccc(n2)-c2ccnc(c2)OCC/1,35,train
JAK2_d5d27dfd44,C[C@H](NC(=O)c1c[nH]c2ncc(C3CC3)nc12)C1CCCCC1,23,train
JAK2_37bf299c61,Cc1cnc(Nc2cncc(N[C@@H](C)c3ncc(F)cn3)n2)s1,23,train
JAK2_67619c76a6,COc1ccccc1-c1ccc2cnc(Nc3ccc(N4CCN(C[C@H](C)O)CC4)c(F)c3)nn12,35,train
JAK2_344d035961,Cc1ccc(C(F)(F)F)cc1-c1[nH]c(-c2ccnc(N)n2)cc1C(N)=O,26,train
JAK2_93bce114c0,N#Cc1ccc2ncn(-c3ncc4[nH]c(=O)n(Cc5c(F)cccc5F)c4n3)c2c1,30,train
JAK2_78be45a21d,C[C@@H]1CCN(C(=O)CO)C[C@@H]1N(C)c1ncnc2[nH]ccc12,22,train
JAK2_fe3a302ec1,CCCc1nc2ccccc2c(=O)n1/N=C/c1ccc(O)c(O)c1,24,train
JAK2_4635e8b5a7,CS(=O)(=O)c1ccc(-c2cccn3nc(Nc4cccc(CN5CCS(=O)(=O)CC5)c4)nc23)cc1,35,train
JAK2_88aab806f5,FC(F)(F)c1nc2cnc3[nH]ccc3c2n1C1CCCCC1,22,train
JAK2_349178859a,C[C@H](Nc1nc(Nc2ncc(C#N)s2)cc(N2CCOCC2)n1)c1ccc(F)cn1,30,train
JAK2_6bffee181b,Cc1nc2cnc3[nH]ccc3c2n1C1CCCCC1,19,train
JAK2_d0967076f8,CNc1nccc(-c2cc(C(N)=O)c(-c3cc(Cl)ccc3C)[nH]2)n1,24,train
JAK2_61625c48ba,Cc1ccc(Cl)cc1-c1[nH]c(-c2ccncn2)cc1C(N)=O,22,train
JAK2_3c0d066975,COc1cc(Nc2nccc(-c3ccc(Cl)cc3)n2)cc(OC)c1OC,26,train
JAK2_61db91efb0,Clc1ccc(-n2nnnc2Sc2ncnc3sccc23)cc1,22,train
JAK2_334ed3669d,C[C@@H](Nc1c(C(N)=O)cnn2cccc12)C(C)(C)C,19,train
JAK2_0e2e03941d,O=C1NC(=O)C(c2c[nH]c3ccccc23)=C1Nc1cccc(OC2CN(c3ccnc(F)c3)C2)c1,35,train
JAK2_0d848f1cb9,CCCCNc1ncc(C(N)=O)c2[nH]c3ccc(F)cc3c12,22,train
JAK2_be1b46c1d1,CC(=O)Nc1ccc(-c2ccnc(Nc3cccc(NC(=O)c4ccccc4Cl)c3)n2)cc1,33,train
JAK2_d538809150,CC(C)(C)C(=O)N1Cc2c(NC(=O)c3cc(F)cc(F)c3)n[nH]c2C1(C)C,27,train
JAK2_86274ac229,CN1CCN(Cc2cccc(Nc3nc4c(-c5ccc(S(C)(=O)=O)cc5)cccn4n3)c2)CC1,34,train
JAK2_bc7f2f8905,COc1cc(-c2cnc3cccc(-c4ccc(C(=O)N5CCOCC5)cc4)c3n2)cc(OC)c1OC,36,train
JAK2_83f2649a0b,Cc1ccc(Cl)cc1-c1[nH]c(-c2ccnc(N)n2)cc1C(=O)NCC(C)C,27,train
JAK2_acc745bbd8,CCOC(=O)C1CCCN(c2cc(-c3c(N)nn4cccnc34)ncn2)C1,27,train
JAK2_6bebe2f849,COc1ccc2c(c1)C(=O)N(c1nc(C(=O)Nc3cnccc3N3CCNCC3)cs1)C2,32,train
JAK2_42eda36dd1,COc1cc(O)c2c(c1)CCC[C@H](O)[C@H](O)C(=O)/C=C\C[C@H](C)OC2=O,26,train
JAK2_5820b88f74,CN1C/C=C/CCOc2cccc(c2)-c2ccnc(n2)Nc2cc(N)cc(c2)C1,29,train
JAK2_58abbc6ba8,O=c1[nH]ccc2nc(NCc3ccccn3)c3ccc(F)cc3c12,24,train
JAK2_8d71f4b7aa,Cn1ccc2cccc(Nc3nc(N[C@@H]4CCCC[C@@H]4N)cc4nc[nH]c(=O)c34)c21,30,train
JAK2_816a38b335,COc1cc(Nc2nc3cccc(-c4cccc(NS(C)(=O)=O)c4)c3o2)cc(OC)c1OC,33,train
JAK2_392e861f10,O=C(CCl)/N=c1\sccn1Cc1ccccc1Cl,18,train
JAK2_04ac301396,NC(=O)c1cc(-c2ccnc(N)n2)[nH]c1-c1cc(Cl)ccc1C(F)(F)F,26,train
JAK2_a238e9d43d,OCCCNc1ccc2c(c1)nc(-c1ccc3c(c1)OCO3)n1ncnc21,27,train
JAK2_e9e7548316,CN(C)c1ccc(C(F)(F)F)c(C2=C(c3c[nH]c4ccccc34)C(=O)NC2=O)c1,29,train
JAK2_2fcf0c292c,Nc1nc2c(-c3ccncc3)cccn2n1,16,train
JAK2_031455ed44,Cc1cccc(Nc2sc(-c3ccc(F)cc3F)cc2C(N)=O)n1,24,train
JAK2_3a930d656a,Oc1ccc(-c2nc(-c3ccc(F)cc3)c(-c3ccncc3)[nH]2)cc1,25,train
JAK2_efbd18d7a2,COc1ccc2cc1COCC=CCOc1cccc(c1)-c1ccnc(n1)N2,28,train
JAK2_a47ffa20df,CSc1ccccc1Nc1nc(N2CCNCC2)nc2c(NCC3CC3)ncnc12,30,train
JAK2_11f8c9d4db,OCCN1CCN(c2ccc3cc2COCC=CCOCc2cccc(c2)-c2ccnc(n2)N3)CC1,36,train
JAK2_522c241c10,C1=C/COCc2cc(ccc2OCCN2CCCC2)Nc2nccc(n2)-c2ccc(s2)COC/1,34,train
JAK2_9308a0b3ff,Cn1c2c(c3ccc(Cl)c(Cl)c31)C(C#N)C1(CCNCC1)NC2=O,24,train
JAK2_02db94a4e8,Nc1nn2cccnc2c1-c1cc(NCc2ccc(F)cc2)ncn1,25,train
JAK2_5398d50772,NC(=O)c1cc(-c2ccnc(N)n2)[nH]c1-c1cc(OC(F)(F)F)ccc1Cl,27,train
JAK2_0f122b00bd,C[C@H](Nc1ccc(C(N)=O)c2[nH]c3cc(-c4cnn(C)c4)ccc3c12)C(C)(C)C,29,train
JAK2_1799a43d5c,CCNc1ncc(C(N)=O)c2[nH]c3ccc(F)cc3c12,20,train
JAK2_f4b445f0d9,CN(C)c1ccc(Nc2nc(N)n(C(=O)c3c(F)cccc3F)n2)cc1,26,train
JAK2_078daf1496,CC(C)Nc1cc(-c2c(N)nn3cccnc23)ncn1,20,train
JAK2_927180c033,CC(=O)Nc1ccc(-c2ccnc(Nc3ccc(N4CCOCC4)cc3)n2)cc1,29,train
JAK2_1987bf3668,CC(C)Oc1cc(-n2cnc3ccc(N[C@@H](C)c4ccc(F)cn4)nc32)n[nH]1,28,train
JAK2_69b6c7ad6e,N#C[C@@H]1CCN(C(=O)[C@H](NC(=O)c2c[nH]c3ncc(C4CC4)nc23)C2CC2)C1,28,train
JAK2_1d134684ff,O=C(/C=C/c1ccc(O)c(O)c1)c1ccc(S(=O)(=O)N2CCCCCC2)cc1,28,train
JAK2_a6956eeec1,CS(=O)(=O)Nc1ccc(-c2ccnc(Nc3ccc(N4CCC(O)CC4)cc3)n2)cc1,31,train
JAK2_78f0dc8dac,Cc1cc(Nc2nc(N[C@@H](C)c3ncc(F)cn3)ncc2Br)n[nH]1,24,train
JAK2_c778160c54,CC(C)(C)CN1C/C=C/CCOc2cccc(c2)-c2ccnc(n2)Nc2cccc(c2)C1,32,train
JAK2_d17f69b0dc,COc1cc(-c2cnc3cccc(-c4ccc(CN5CCOCC5)cc4)c3n2)cc(OC)c1OC,35,train
JAK2_6132155614,N[C@H](CO)C(=O)Nc1ccc(-c2ccnc(Nc3ccc(N4CCOCC4)cc3)n2)cc1,32,train
JAK2_07db07d1c5,CNC(=O)c1nnsc1[S+]([O-])c1ccc(Cl)cc1,18,train
JAK2_865410227d,COc1cc(OC)cc(Oc2cnc3[nH]cc(C(=O)NC(C)C)c3n2)c1,26,train
JAK2_127ddad99a,C[C@]1(O)CCC[C@H]1Nc1c(C(N)=O)cnn2cccc12,20,train
JAK2_29329cdbc7,C[C@H](Nc1nc(-n2cnc3ccncc32)nc2c1cc(C(=O)N1CCN(C)CC1)n2C)c1ccccc1,37,train
JAK2_1b1d19348c,CC(Nc1nc2cc[nH]c(=O)c2c2cc(F)ccc12)C(C)(C)C,23,train
JAK2_be6c98f234,CC(C)(C)CNC(=O)CC1CNC(=O)c2cc(-c3ccsc3)cn21,24,train
JAK2_8d10e8b31b,CC(C)[C@H](Nc1nc2ccncc2c2c(=O)[nH]ccc12)C(F)(F)F,24,train
JAK2_3b7ac4b7ff,CN1CCC[C@@H]1C(=O)Nc1ccc(-c2ccnc(Nc3ccc(N4CCOCC4)cc3)n2)cc1,34,train
JAK2_1a54d57745,CN1C/C=C/CCOc2cccc(c2)-c2ccnc(n2)Nc2cc(cc(NC(=O)N3CCOCC3)c2)C1,37,train
JAK2_86b883535b,Nc1n[nH]c2ccc(-c3cccc(Cl)n3)cc12,17,train
JAK2_4ca52a31fc,CC(C)NC(=O)c1c[nH]c2ncc(Oc3ccc4c(c3)CCC4)nc12,25,train
JAK2_f95a1174a7,O=C1NC(=O)C(c2c[nH]c3ccccc23)=C1Nc1cccc(OCCn2ccnc2)c1,31,train
JAK2_e7866c3380,C[C@@H](NC(=O)c1c[nH]c2ncc(-c3nn(C)c4ccc(Cl)cc34)nc12)C(=O)N1CC(C#N)C1,33,train
JAK2_1a8156304e,CC1(C)C[C@@](C)(O)C[C@H]1Nc1c(C(N)=O)cnn2cccc12,22,train
JAK2_609fb0ec9d,N#CCNC(=O)c1ccc(-c2ccnc(Nc3cccc(N4CCOCC4)c3)n2)cc1,31,train
JAK2_f7a7250a14,NC(=O)c1cc(-c2ccccc2)sc1Nc1ccccn1,21,train
JAK2_7ada34f615,COc1cc(N2CCC(N3CCN(C)CC3)CC2)ccc1Nc1ncc(Cl)c(Nc2ccccc2S(=O)(=O)C(C)C)n1,42,train
JAK2_788ecb8a6d,N#Cc1cccc(C#N)c1-c1nc2c3ccc(Cl)cc3c3ccccc3c2[nH]1,28,train
JAK2_f35e9dcb00,O=C(Cc1ccccc1)N1CCN(c2nc(Nc3ccccn3)c3cccn3n2)CC1,31,train
JAK2_d419cab11a,NC(=O)c1cc(-c2ccnc(N)n2)[nH]c1-c1cc(Cl)ccc1Cl,23,train
JAK2_6ba48c0238,COc1ccc(-c2cc(-c3cc(C)ccc3O)[nH]n2)cc1,21,train
JAK2_2359f243c7,COc1ccccc1-c1nnc(Sc2nc([N+](=O)[O-])nn2C)o1,23,train
JAK2_98950431a1,C[C@@H](Nc1nccc(-n2cnc3ccncc32)n1)c1ccccc1,24,train
JAK2_6bbe5c39de,COc1ccccc1-c1ccc2cnc(Nc3ccc(N4CCOCC4)cc3)nn12,30,train
JAK2_52a796004f,O=C1CCN(CCOc2ccc3cc2COCC=CCOCc2cccc(c2)-c2ccnc(n2)N3)C1,36,train
JAK2_84511f374e,COCCOc1ccc2cc1CN(C)C/C=C/COCc1ccc(o1)-c1ccnc(n1)N2,32,train
JAK2_f40344ea88,Cc1cc(-c2cccc3ncc(-c4ccc(C(=O)N5CCOCC5)c(C)c4)nc23)ccc1CN1CCOCC1,39,train
JAK2_2840b6d407,Cc1cc(Nc2nc3cccc(-c4cccc(C(C)C)c4)n3n2)ccn1,26,train
JAK2_1fabe0b6e5,C[C@@H](NC(=O)c1c[nH]c2ncc(-c3nn(C)c4cc(Cl)cc(F)c34)nc12)C(=O)N1CC(C#N)C1,34,train
JAK2_861df9394a,O=C(CSc1nnnn1-c1ccc(F)cc1)c1ccc(O)c(O)c1,24,train
JAK2_ef845a765a,CN1C/C=C/CCOc2cccc(c2)-c2ccnc(n2)Nc2ccc(OC(F)(F)F)c(c2)C1,33,train
JAK2_1d42209606,Nc1nn2cccnc2c1-c1cc(N2CCCCC2)ncn1,22,train
JAK2_ac110a4094,O=c1[nH]c2cnc(-n3cnc4ccc(C(F)(F)F)cc43)nc2n1C1CCOCC1,29,train
JAK2_4ca72aaeb3,CS(=O)(=O)c1cccc(-c2ccc3cnc(Nc4ccc(C5CCN(CC(N)=O)CC5)cc4)nn23)c1,36,train
JAK2_f94799c74c,COc1cc(-c2cnc3cccc(-c4ccc(CC(=O)N5CCS(=O)(=O)CC5)cc4)c3n2)cc(OC)c1OC,39,train
JAK2_efe4ea3ad3,CN1C/C=C/CCOc2cccc(c2)-c2ccnc(n2)Nc2ccc(OCCN3CCCCC3)c(c2)C1,37,train
JAK2_00b175c137,COc1ccc(-c2cccc3nc(Nc4ccnc(C)c4)nn23)cc1,25,train
JAK2_144c512109,CN1CCN(c2ccc(Nc3nccc(-c4ccc(C(=O)NCC#N)cc4)n3)cc2)CC1,32,train
JAK2_b881dd1b25,CN1C/C=C/COCc2ccc(o2)-c2ccnc(n2)Nc2ccc(OCCN3CCCC3)c(c2)C1,35,train
JAK2_98be60090e,O=C(CCl)NC(=O)NC12CC3CC(CC(C3)C1)C2,18,train
JAK2_eb8659fda2,CN(C)CCOc1ccc(/C=C/c2cc(-c3cc4c(=O)[nH]cnc4[nH]3)ccn2)cc1,30,train
JAK2_0d8451bc9f,c1ccc(CNc2ccnc(-n3cnc4ccncc43)n2)cc1,23,train
JAK2_f800abb061,CNC(=O)c1cnc(N)c2cc(-c3ccc(N4CCOCC4)cc3)sc12,26,train
JAK2_3647a2142d,Cc1cc(-c2cnc3cccc(-c4ccc(CN5CCS(=O)(=O)CC5)cc4)c3n2)ccc1C(=O)N1CCN(C)CC1,41,train
JAK2_4be59170c2,CN1CCN(c2cccc(Nc3nc4c(-c5ccc(P(C)(C)=O)cc5)cccn4n3)c2)CC1,33,train
JAK2_70cc9d691f,Cc1cc(Nc2nc(N[C@@H](C)c3ncc(F)cn3)nc(N3CCOCC3)c2F)n[nH]1,30,train
JAK2_98ab1cfb36,O=C(OCn1ncc(Cl)c(Cl)c1=O)c1ccccc1Cl,20,train
JAK2_1101b15f92,CSc1ccccc1Nc1nc(N2CCN(C3CCNCC3)CC2)nc2c(NCC3CC3)ncnc12,36,train
JAK2_662a262f4c,COc1cc2nccc(Oc3ccc(NC(=O)c4c(C)n(C)n(-c5ccccc5)c4=O)cc3F)c2cc1OC,39,train
JAK2_960b66cbbc,COc1cc(-c2cnc3cccc(-c4ccc(CN5CCOCC5)cc4F)c3n2)cc(OC)c1OC,36,train
JAK2_c5389e0c5f,C[C@@H]1CCN(S(=O)(=O)CC(F)(F)F)C[C@@H]1N(C)c1ncnc2[nH]ccc12,26,train
JAK2_b1adeeecf0,N#Cc1ccc2ncn(-c3ncc4[nH]c(=O)n(Cc5c(Cl)cccc5Cl)c4n3)c2c1,30,train
JAK2_0d061b421e,Cn1nc(-c2cnc3[nH]cc(C(=O)N[C@@H](C(=O)N4CC(C#N)C4)C(C)(C)C)c3n2)c2ccc(Cl)cc21,36,train
JAK2_d890adc937,N#CCNC(=O)c1ccc(-c2ccnc(Nc3ccc(CN4CCS(=O)(=O)CC4)cc3)n2)cc1,34,train
JAK2_96a01ee8ba,CS(=O)(=O)Nc1ccc(-c2ccnc(Nc3ccc(CN4CCCCC4)cc3)n2)cc1,31,train
JAK2_d166bdb885,COc1cccc(/C=N/NC(=O)c2[nH]c(C)c(C(=O)N/N=C/c3cccc(OC)c3O)c2C)c1O,35,train
JAK2_11c5ca5dd8,CN1C/C=C/CCOc2cccc(c2)-c2ccnc(n2)Nc2cccc(c2)C1,28,train
JAK2_6735dbe647,Cc1cn2c(-c3cn[nH]c3)cnc2c(Nc2cc(CN3CCC(F)(F)C3)ns2)n1.Cl,30,train
JAK2_24b9ac8616,C[C@@]1(O)CCC[C@H]1Nc1c(C(N)=O)cnn2cccc12,20,train
JAK2_99c1157220,Cc1nc2c(=O)n(C)c(=O)n(C)c2nc1Cl,16,train
JAK2_2de3546599,N#CCC(=O)Nc1ccc(-c2ccnc(Nc3ccc(N4CCOCC4)cc3)n2)cc1,31,train
JAK2_a11faf2283,C[C@H](Nc1cc(-c2cccc(C#N)c2)nc(-n2cnc3ccncc32)n1)c1ccccc1,32,train
JAK2_caacddddc1,C[C@@H](NC(=O)c1c[nH]c2ncc(C3CC3)nc12)C(=O)N1CCCCC1,25,train
JAK2_7199fc7e1a,C[C@H](Nc1nc(Nc2cn(C)cn2)c2ccccc2n1)c1ncc(F)cn1,27,train
JAK2_e216ad2482,CS(=O)(=O)c1ccc(-c2cccn3nc(Nc4ccc(C(=O)N5CCOCC5)cc4)nc23)cc1,34,train
JAK2_f140dc790a,CCN(CC)CCOc1ccc2cc1CN(C)C/C=C/CCOc1cccc(c1)-c1ccnc(n1)N2,36,train
JAK2_8a10d0f2de,CC(=O)N[C@@H]1CCc2ccc(Oc3cnc4[nH]cc(C(=O)N[C@@H](C)C5CC5)c4n3)cc21,31,train
JAK2_c347932503,Cc1cccc(Nc2nc3cccc(-c4cccc(C(C)C)c4)n3n2)c1,26,train
JAK2_3ed58ca77d,NC(=O)c1cnc(NC2CCCCC2)c2c1[nH]c1ccc(F)cc12,24,train
JAK2_1d59c0fe84,CC(C)(C)NS(=O)(=O)c1ccc(-c2cc(Cl)c3[nH]nc(N)c3c2)cc1,25,train
JAK2_e11695626f,CC(C)C1C(C#N)=C(N)Oc2[nH]nc(-c3ccc4ccccc4c3)c21,25,train
JAK2_ac54f530b8,Cc1cc(Nc2nc(N[C@@H](C)c3ncc(F)cn3)ncc2Cl)[nH]n1,24,train
JAK2_494298beb8,C[C@H](Nc1cc(N2CC[C@@H](O)C2)nc(-n2cnc3ccncc32)n1)c1ccccc1,30,train
JAK2_5244fcd33d,COc1cc(Nc2cncc(N[C@@H](C)c3ccc(F)cn3)n2)n[nH]1,24,train
JAK2_be75e8f15e,CN1C/C=C/COCC2CCCN(C2)c2ccnc(n2)Nc2cccc(c2)C1,28,train
JAK2_01705de244,CC(C)NC(=O)c1c[nH]c2ncc(Oc3cccc(C#N)c3)nc12,24,train
JAK2_c4dc83ae2d,O=c1cc(-c2[nH]c(-c3ccc(-c4nnn[n-]4)cc3)nc2-c2ccc(F)cc2)cc[nH]1.[K+],31,train
JAK2_48306393f8,O=c1[nH]c2cnc(-n3cnc4ccccc43)nc2n1C1CCOc2cccc(F)c21,30,train
JAK2_e1a1afc353,CS(=O)(=O)Nc1ccc(-c2ccnc(Nc3ccc(N4CCOCC4)cc3)n2)cc1,30,train
JAK2_f00eb40003,O=C1NC(=O)C(c2c[nH]c3ccccc23)=C1Nc1cccc(C2CN(c3ccnc(F)c3)C2)c1,34,train
JAK2_9d41fad277,Nc1ccc2c(c1)nc(Cc1ccc3c(c1)OCO3)n1nc(N)nc21,25,train
JAK2_170d19e2a6,O=c1[nH]ccc2nc(NCC3CCS(=O)(=O)C3)c3ccc(F)cc3c12,25,train
JAK2_c68e5406e0,C[C@@H](Nc1cc(-c2c(N)nn3cccnc23)ncn1)c1ccc(F)cc1,26,train
JAK2_f45bea85ce,COc1ccc(-c2nc(Nc3cccc(NC(=O)CN)c3)nc3[nH]cnc23)cc1OC,31,train
JAK2_dd3afb5ac3,Cc1cnc(Nc2ccc(N3CCOCC3)cc2)nc1-c1ccc(C(=O)NCC#N)cc1,32,train
JAK2_b7121e44d6,Cc1cc2[nH]c3c(c[n+](C)c4ccccc34)c2cc1C.[I-],21,train
JAK2_1e2ec72c32,Cc1nccn1Cc1ccc(-c2ccnc(Nc3ccc(N4CCOCC4)cc3)n2)cc1,32,train
JAK2_4249473428,COc1cc2c(Oc3ccc(-c4cnc(Cc5ccccc5)n(C)c4=O)cc3F)ccnc2cc1OCCCN1CCOCC1,45,train
JAK2_387ef5022f,CCCN(CCC)C(=O)C1CCCN(c2cc(-c3c(N)nn4cccnc34)ncn2)C1,31,train
JAK2_50d7d45815,C[C@@H](NC(=O)c1c[nH]c2ncc(C3CC3)nc12)C(C)(C)O,21,train
JAK2_a4b0117455,OB(O)c1ccc(C2Nc3ccccc3-c3ccnc4[nH]cc2c34)cc1,26,train
JAK2_dccb9a779d,COc1ccc(-c2cccc3nc(Nc4cc(OC)c(OC)c(OC)c4)oc23)cc1,30,train
JAK2_3c24dd783d,Nc1ncc(-c2cnn(CCO)c2)c2scc(-c3ccc(NC(=O)Nc4cccc(F)c4)cc3)c12,35,train
JAK2_a16f325c7e,COc1cc(-c2cnc3cccc(-c4ccc(CN5CCOCC5)cc4C)c3n2)cc(OC)c1OC,36,train
JAK2_523a543e49,COc1cc(-c2cnc3[nH]cc(C(=O)N[C@H](C)C(=O)N4CC(C#N)C4)c3n2)cc(OC)c1OC,34,train
JAK2_bdbc5fb8c3,CN1C/C=C/COCc2cncc(c2)-c2ccnc(n2)Nc2cccc(c2)C1,28,train
JAK2_9e2ca53048,CC(C)[C@@H](Nc1ncc(C(N)=O)c2[nH]c3cc(-c4cnn(C)c4)ccc3c12)C(F)(F)F,31,train
JAK2_8885b7a502,CCN(CC)CCOc1ccc(Nc2cc(NC(=O)Nc3c(Cl)cccc3Cl)ncn2)cc1,33,train
JAK2_7d79e6dcac,CC1CCN(CCCNC(=O)c2cc3c(Cl)nc4ccccc4c3s2)CC1,27,train
JAK2_ba80624c8d,C[C@H](Nc1ncc(F)c(Nc2cc(N(C)C)[nH]n2)n1)c1ncc(F)cn1,26,train
JAK2_8da2d9a891,Nc1n[nH]c2ccc(-c3ccc(CN4CCOCC4)cc3)cc12,23,train
JAK2_dd744628bf,O=C1C=CC(=O)N1CCNc1ncc(C(F)(F)F)cc1Cl,21,train
JAK2_0ed9821b25,COc1cc(-c2cnc3cccc(-c4ccc(C(=O)N5CCOCC5)c(C)c4)c3n2)cc(OC)c1OC,37,train
JAK2_1bab63115e,Cc1cccc(Nc2sc(-c3ccccc3Cl)cc2C(N)=O)n1,23,train
JAK2_bfa22225e6,CNC(=O)c1cnc(N)c2cc(-c3ccc(OC(F)(F)F)cc3)sc12,25,train
JAK2_c2aa2a9954,CS(=O)(=O)c1ccc(-c2cccn3nc(Nc4ccccc4)nc23)cc1,26,train
JAK2_38e5488d63,Cc1cc(-c2ccccc2N(C)S(C)(=O)=O)n2nc(Nc3ccc(C4CCN(CC(N)=O)CC4)cc3)ncc12,39,train
JAK2_4289ac4d2d,Cc1ccc2nc(C)cc(Nc3ccc([N+](=O)[O-])cc3)c2c1,22,train
JAK2_779b81d230,Nc1nc2c(-c3ccc(C(F)(F)F)cc3)cccn2n1,20,train
JAK2_8b7a869eb4,Nc1n[nH]c2ccc(-c3cccc(Cl)c3)cc12,17,train
JAK2_e8771262b0,O=C(Nc1c[nH]nc1-c1cccc(Cl)c1)c1cnn2cccnc12,24,train
JAK2_c3a50c8b83,COc1cc(N2CCN(C[C@H](C)O)CC2)ccc1Nc1ncc2ccc(-c3ccccc3N(C)S(C)(=O)=O)n2n1,40,train
JAK2_daf4d3e0d7,NS(=O)(=O)OCCn1cnc2c(Nc3ccc(F)cc3)nc(NCc3ccc(C4CCCCC4)cc3)nc21,38,train
JAK2_b95c444e8f,CN1CCN(Cc2ccc(Nc3nccc(-c4ccc(NS(C)(=O)=O)cc4)n3)cc2)CC1,32,train
JAK2_2d847dbe40,O=C1CCN(c2ncc(C(F)(F)F)c(C3=C(c4c[nH]c5ccccc45)C(=O)NC3=O)n2)CC1,33,train
JAK2_34a663fafd,NC(=O)c1cc(-c2ccccc2)sc1Nc1cccnc1,21,train
JAK2_6ac62e2ed5,Cc1nc([C@](C)(O)CO)sc1-c1cnc(N)c(O[C@H](C)c2cc(F)ccc2-n2nccn2)c1,33,train
JAK2_8c7a3c32e1,C1=CCOCc2cc(ccc2OCCN2CCCCC2)Nc2nccc(n2)-c2cccc(c2)COC1,36,train
JAK2_2a47bb5fcf,Cc1c(Cc2ccccc2)c(=O)oc2c(O)c(O)ccc12,21,train
JAK2_14bf65c909,CC(C)NCC(=O)N1C/C=C/CCOc2cccc(c2)-c2ccnc(n2)Nc2cccc(c2)C1,34,train
JAK2_d5cdf1833d,CC(=O)Nc1ccc(-c2nc(Nc3ccc(N4CCOCC4)cc3)ncc2C(F)(F)F)cc1,33,train
JAK2_0ad5cb1c3d,C[C@H](Nc1ccc(C(N)=O)c2[nH]c3cc(-c4ccc(Cl)nn4)ccc3c12)C(C)(C)C,30,train
JAK2_021e1f9ba0,CC(C)Nc1nc2cc[nH]c(=O)c2c2cc(F)ccc12,20,train
JAK2_ce61816287,CSc1nccc(-c2[nH]c(-c3ccc(O)cc3)nc2-c2ccc(F)cc2)n1,27,train
JAK2_2a6788af5f,Cc1cccc(N(Cc2ccccc2)C(=O)CCl)c1,19,train
JAK2_0834168958,CC[C@H](C)NC(=O)c1c[nH]c2ncc(C3CC3)nc12,19,train
JAK2_f975082624,O=C(Nc1nc2cccc(-c3ccc(CN4CCS(=O)(=O)CC4)cc3)n2n1)C1CC1,30,train
JAK2_77deb1cb5a,Nc1n[nH]c2ccc(-c3ccc(S(=O)(=O)N4CCOCC4)cc3)cc12,25,train
JAK2_a2ab6addf6,O=C1NC(=O)C(c2c[nH]c3ccccc23)=C1Nc1ccccc1OCCNc1ccnc(F)c1,34,train
JAK2_12d3d678a1,NC(=O)CN1CCC(c2ccc(Nc3ncc4ccc(-c5cccc6c5OC(F)(F)O6)n4n3)cc2)CC1,37,train
JAK2_8824d01afc,O=C1NC(=O)C(c2c[nH]c3ccccc23)=C1Nc1ccc(OCCCn2ccnc2)cc1,32,train
JAK2_7afa25920b,O=C1NC(=O)C(c2ccccc2)=C1Nc1cccc(OCCNc2ccnc(F)c2)c1,31,train
JAK2_599df69c77,CC(C)Cn1cc(-c2ccc3c(c2)[nH]c2c(C(N)=O)ccc(N[C@@H](C)C(C)(C)C)c23)cn1,32,train
JAK2_0c060525b7,CS(=O)(=O)Nc1ccc(-c2ccnc(Nc3ccc(CN4CCC(O)CC4)cc3)n2)cc1,32,train
JAK2_290a5a9c8a,N#C/C(=C\c1ccc(O)c(O)c1)C(=O)NCc1ccccc1,22,train
JAK2_aa38d6c9d7,NC(=O)c1cc(-c2ccccc2)sc1Nc1cccc(C(F)(F)F)n1,25,train
JAK2_1ffaf013ab,Cc1cnc(Nc2cc(N3CCOCC3)nc(N[C@@H](C)c3ncc(F)cn3)n2)s1,29,train
JAK2_d1623f98be,CN(C)C(=O)C1CCCN(c2cc(-c3c(N)nn4cccnc34)ncn2)C1,27,train
JAK2_7229466f90,Cc1nc([N+](=O)[O-])c(Br)n1CC(=O)c1ccc2ccccc2c1,23,train
JAK2_755237cf1f,CN(C)C(=S)SSC(=S)N(C)C,12,train
JAK2_f50bf956d2,Cc1c(NC(=O)c2ccc(C(C)(C)C)cc2)cccc1-c1nc(Nc2ccc(C(=O)N3CCOCC3)cc2)c2nc[nH]c2n1,44,train
JAK2_e7aaafe0f1,CCCN(CCC)c1cc(-c2c(N)nn3cccnc23)ncn1,23,train
JAK2_ee18a170dc,COc1cc(Nc2nc3cccc(-c4ccc(NS(C)(=O)=O)cc4)c3o2)cc(OC)c1OC,33,train
JAK2_7cb66438d8,COc1ccc(Nc2nc(N3CCOCC3)c3nc[nH]c3n2)cc1OC,26,train
JAK2_0cbefcf53b,CCN(Cc1cc(Nc2nc(C)cn3c(-c4cn[nH]c4)cnc23)sn1)C(C)(C)CO.Cl,31,train
JAK2_e1ad5dee43,NS(=O)(=O)c1cc(Cl)c(Nc2nc3ccncc3c3c(=O)[nH]ccc23)c(Cl)c1,28,train
JAK2_aa619448ef,COc1cc(-c2cnc3cccc(-c4ccc(CN5CCOCC5)c(C)c4)c3n2)cc(OC)c1OC,36,train
JAK2_79ec819e41,Cc1ccnc(Nc2sc(-c3ccccc3)cc2C(N)=O)c1,22,train
JAK2_6040ae7a3d,O=c1[nH]ccc2c(Nc3c(F)cccc3C(F)(F)F)nc3ccncc3c12,27,train
JAK2_e890d999da,Cc1ccc(Nc2nc(N)nc(CCl)n2)cc1,17,train
JAK2_74d0637379,O=c1[nH]c2cnc(-n3cnc4ccc(F)cc43)nc2n1C1CCOCC1,26,train
JAK2_5aa453eb0c,CC1(C)[C@H](Nc2c(C(N)=O)cnn3cccc23)CC[C@@]1(C)O,22,train
JAK2_5f8f64daca,COc1cc2cc(c1OCCN1CCCC1)CN(C)C/C=C/CCOc1cccc(c1)-c1ccnc(n1)N2,38,train
JAK2_ca0a832409,C1=C/CN(C2CC2)Cc2cccc(c2)Nc2nccc(n2)-c2cccc(c2)OCC/1,30,train
JAK2_471b7843d8,Cc1cnc2nc1-c1cccc(c1)OCC/C=C/CN(C)Cc1cccc(c1)N2,29,train
JAK2_b7da26021f,C[C@H](Nc1ccnc(-n2cnc3cnccc32)n1)c1ccccc1,24,train
JAK2_90987f6c96,CC(=O)Nc1ccc(-c2cc(Nc3ccc(N4CCOCC4)cc3)ncn2)cc1,29,train
JAK2_c7f9b9faad,Nc1nn2cccnc2c1-c1cc(NCc2ccccn2)ncn1,24,train
JAK2_8b6ea9ab13,Cn1nc(C2CCCCC2)c2c3cc[nH]c3ncc21,19,train
JAK2_8ed5190fd0,C[C@H](Nc1cc(-c2cccc(N(C)C)c2)nc(-n2cnc3ccncc32)n1)c1ccccc1,33,train
JAK2_6fc84de61e,CCCOc1ccc(C(=O)C(CN2CCOCC2)c2ccccc2)cc1,26,train
JAK2_0527f3a0e8,COC(=O)/C=C/c1ccc(OC(=O)OC)c(OC(=O)OC)c1,22,train
JAK2_a0b82402a1,NC(=O)c1cnc(N[C@H]2CC[C@H](N)CC2)c2nc(-c3ccc(Cl)cc3)cn12,27,train
JAK2_e3b8202d52,CCS(=O)(=O)N1CCN(c2ccc3cc2COCC=CCOCc2cccc(c2)-c2ccnc(n2)N3)CC1,38,train
JAK2_5257383b76,O=C1NC(=O)C(c2c[nH]c3ccccc23)=C1Nc1cccc(O[C@@H]2CCN(c3ccnc(F)c3)C2)c1,36,train
JAK2_4303028045,O=c1[nH]c2cnc(-n3cnc4ccc(F)cc43)nc2n1Cc1cccc(F)c1F,29,train
JAK2_a330abcf3a,Cn1c(-c2cn(CCO)nn2)nc(-c2ccc(F)cc2)c1-c1ccncc1,27,train
JAK2_205d487531,COc1ccc(-c2ccc3cnc(Nc4ccc(C5CCN(C[C@H](C)O)CC5)cc4)nn23)cn1,34,train
JAK2_b065db2dc7,C1=N/C2=N/c3ccc(OCCN4CCCC4)c(c3)COC/C=C/COCc3cccc(c3)C(=C1)N2,35,train
JAK2_e7a55180ca,CS(=O)(=O)c1nc(-c2ccco2)cc(C(F)(F)F)n1,19,train
JAK2_bfa52bc93e,C[C@@H](NC(=O)c1c[nH]c2ncc(-c3ncn4cc(F)cc(F)c34)nc12)C(=O)N1CC(C#N)C1,33,train
JAK2_2d23ea0d7b,COc1ccc(-c2cccn3nc(Nc4cnn([C@H](C)CO)c4)nc23)cc1,27,train
JAK2_ac5439f7ce,Cc1ccc(Cl)cc1-c1c(C(N)=O)cc(-c2ccnc(Nc3ccc(N4CCN(C)CC4)cc3)n2)n1C,37,train
JAK2_5461f44079,NC(=O)c1cc(-c2ccccc2)sc1Nc1cc(F)ccn1,22,train
JAK2_dc987bb327,CN1CCN(c2ccc(Nc3ncc4ccc(-c5ccccc5N(C)S(C)(=O)=O)n4n3)cc2Cl)CC1,36,train
JAK2_bc3d94a134,Cn1c(-c2cn(CCP(=O)([O-])[O-])nn2)nc(-c2ccc(F)cc2)c1-c1ccncc1.[Na+].[Na+],32,train
JAK2_e546f615da,C[C@H](Nc1nc(-n2cnc3ccncc32)nc2c1cc(C(=O)NCCN(C)C)n2C)c1ccccc1,36,train
JAK2_ff9a901bf3,CN(C)c1cccc(Nc2nc(N)n(C(=O)c3c(F)cccc3F)n2)c1,26,train
JAK2_67c546b8f6,CCN(CCC(F)(F)F)C(=O)C1CCCN(c2cc(-c3c(N)nn4cccnc34)ncn2)C1,33,train
JAK2_22b5f1b127,CCC[C@@H](Nc1cc(-c2c(N)nn3cccnc23)ncn1)c1ccc(F)cc1,28,train
JAK2_1c395c5584,CN1C/C=C/CC(=O)Nc2cccc(c2)-c2ccnc(n2)Nc2cccc(c2)C1,29,train
JAK2_81b37eaffc,C[C@H](Nc1cc(N(C)C)nc(-n2cnc3ccncc32)n1)c1ccccc1,27,train
JAK2_f46c4ac647,C[C@@H](NC(=O)c1c[nH]c2ncc(-c3nn(C)c4cc(C5CC5)ccc34)nc12)C(=O)N1CC(C#N)C1,35,train
JAK2_12086577ea,C[C@@H](NC(=O)c1c[nH]c2ncc(-c3nn(C)c4cc(Cl)ccc34)nc12)C(=O)N1CC(C#N)C1,33,train
JAK2_1cbf54dd49,CC/C(=C(/CC)c1ccc(O)c(CN(CC)CC)c1)c1ccc(O)c(CN(CC)CC)c1,32,train
JAK2_155be966f1,Cc1cc(Nc2nc3cccc(-c4cc(F)c(CN5CCOCC5)c(F)c4)c3o2)ccc1C(=O)NCCCN(C)C,41,train
JAK2_640f6a716a,COc1cc(Nc2ncc(F)c(Nc3ccc4c(n3)NC(=O)C(C)(C)O4)n2)cc(OC)c1OC,34,train
JAK2_84d1d011c9,Cc1cc(-c2ccnc(Nc3ccc(N4CCOCC4)cc3)n2)ccc1C(=O)NCC#N,32,train
JAK2_6517cb645a,CC(O)c1cc(Cl)c(Nc2nc3ccncc3c3c(=O)[nH]ccc23)c(Cl)c1,27,train
JAK2_e4f689f816,Cc1cc(Nc2nc(N3CCNCC3)nn3cccc23)n[nH]1,22,train
JAK2_b61bf142f6,Cc1cc(Nc2nc(N3CCN(C(=O)Cc4ccc(F)cc4F)CC3)nn3cccc23)n[nH]1,33,train
JAK2_3b6bdc2a02,Cc1cc2c(c(=O)[nH]1)-c1[nH]c3ccccc3c1CCN2CCc1ccccc1,28,train
JAK2_4e176748e3,CN1CCC(NC(=O)c2cc(-c3c(O)cc(O)cc3Oc3ccc(N(C)C)cc3)on2)CC1,33,train
JAK2_eae799ec15,CCOc1ccc(C(=O)C(CN2CCOCC2)c2ccccc2)cc1.Cl,26,train
JAK2_620238896b,CNS(=O)(=O)c1ccc(-c2cccc3ncc(-c4cc(OC)c(OC)c(OC)c4)nc23)cc1,33,train
JAK2_4c1cea8d33,COc1ccc2cc1COCC=CCOCc1cc(ccc1OCCN1CCCC1)Nc1nccc-2n1,37,train
JAK2_6756147e70,COc1cc(Nc2nc(N[C@@H](C)c3ncc(F)cn3)nc(N3CCOCC3)c2F)n[nH]1,31,train
JAK2_0c0d246793,COc1ccc(Nc2ncc3ccc(-c4ccccc4OC)n3n2)cc1,26,train
JAK2_0ae2e7d4d4,CC1(C)[C@H](O)CC[C@H]1Nc1c(C(N)=O)cnn2cccc12,21,train
JAK2_e1ea9485cf,O=c1[nH]ccc2nc(Nc3c(F)cc(F)cc3Cl)c3ccc(F)cc3c12,26,train
JAK2_b981ca4ff6,Cc1cc(-c2cnc3cccc(-c4cc(F)c(CN5CCOCC5)c(F)c4)c3n2)ccc1C(=O)N1CCOCC1,40,train
JAK2_7397607b96,O=C1CC/C=C\COc2cccc(c2)-c2ccnc(n2)Nc2cccc(c2)N1,28,train
JAK2_973cbbda4f,C[C@@H]1CCN(Cc2cccc(F)c2F)C[C@@H]1N(C)c1ncnc2[nH]ccc12,27,train
JAK2_98e3cbb9f7,O=c1[nH]ccc2c(NC3CC3)nc3ccc(F)cc3c12,20,train
JAK2_7300d24f37,O=C(Nc1n[nH]c2cc(C(=O)N[C@H](CN3CCCC3)c3ccccc3)sc12)c1ccc(N2CCOCC2)cc1,39,train
JAK2_7afcbebd5f,CC1(C)CCC[C@@H]1Nc1c(C(N)=O)cnn2cccc12,20,train
JAK2_cb8d8ee44c,Cc1ccc(Cl)cc1-c1[nH]c(-c2ccnc(N)n2)cc1C(=O)N(C)C,25,train
JAK2_2b70dc76a0,Cc1cc(Nc2nc(N3CCN(C(=O)c4ccccc4Br)CC3)nn3cccc23)n[nH]1,31,train
JAK2_69affe3916,Cc1c[nH]c2c(Nc3nc(N[C@@H]4CCCC[C@@H]4N)cc4cc[nH]c(=O)c34)cccc12,30,train
JAK2_6817614314,Cc1cccc(Nc2nc(N)nc(CCl)n2)c1C,18,train
JAK2_b84f73f8cc,C[C@H](Nc1nc(Nc2cn(C)cn2)c2cc(F)cnc2n1)c1ncc(F)cn1,28,train
JAK2_256b00588d,Fc1cc2cc(c1)-c1ccnc(n1)Nc1ccc(OCCN3CCCC3)c(c1)COCC=CCOC2,36,train
JAK2_4e34f2c6aa,Nc1nc(CCl)nc(Nc2ccc3ccccc3c2)n1,20,train
JAK2_d3faa600af,Fc1ccc2cc1COCC=CCOCc1cc(ccc1OCCN1CCCC1)Nc1nccc-2n1,36,train
JAK2_ba28a205aa,COc1cc(-c2ccnc(Nc3ccc(N4CCOCC4)cc3)n2)ccc1N,28,train
JAK2_34d30ab507,CN1CCC(c2cccc(Nc3nc4c(-c5ccc(S(C)(=O)=O)cc5)cccn4n3)c2)CC1,33,train
JAK2_8fb5981054,Nc1nc2c(-c3cccnc3)cccn2n1,16,train
JAK2_4c7fbe6cf1,CN(c1ccccc1)S(=O)(=O)c1cccc(C(=O)NCCc2ccc(O)c(O)c2)c1,30,train
JAK2_51eb2cd77d,COCCNC(=O)c1cnc(N)c2cc(-c3ccc(S(=O)(=O)NC(C)(C)C)cc3)sc12,31,train
JAK2_08baa18ebe,N[C@H]1CCCC[C@H]1Nc1cc2nc[nH]c(=O)c2c(Nc2cccc(-n3nccn3)c2)n1,31,train
JAK2_5e93f11c0e,CC(C)c1ccc(Cl)cc1-c1[nH]c(-c2ccnc(N)n2)cc1C(N)=O,25,train
JAK2_1f22960c7f,Nc1nc(Nc2cccc(S(N)(=O)=O)c2)nn1C(=O)c1c(F)cccc1F,27,train
JAK2_4c13d3aa84,COc1ccccc1-c1ccc2cnc(Nc3ccc(C4CCN(C[C@H](C)O)CC4)cc3)nn12,34,train
JAK2_d8675ab6f8,CN(C)C(=O)c1ccc(Nc2nc3c(-c4ccc(S(C)(=O)=O)cc4)cccn3n2)cc1,31,train
JAK2_ade5fd5f47,COc1ccc(Nc2nc3c(-c4ccc(S(C)(=O)=O)cc4)cccn3n2)cc1,28,train
JAK2_eb936c7158,COc1cc2ncnc(Nc3ccc(O)c(Br)c3)c2cc1OC,23,train
JAK2_8d2989c01d,CC(Nc1nc2cc[nH]c(=O)c2cc1C(=O)NCCN(C)C)C(C)(C)C,26,train
JAK2_eefd73669b,Oc1ccc(-c2nc(Nc3cccc(Cl)c3)nc3[nH]cnc23)cc1,24,train
JAK2_085ed345f8,CC1(C)[C@@H](O)CC[C@H]1Nc1c(C(N)=O)cnn2cccc12,21,train
JAK2_ddd315e2f6,C1=CCOCc2cccc(c2)-c2ccnc(n2)Nc2cc(cc(OCCN3CCCC3)c2)COC1,35,train
JAK2_a1f046c748,C[C@H](Nc1ncc(Cl)c(Nc2cn(C)cn2)n1)c1ncc(F)cn1,24,train
JAK2_a84cb3850f,C[C@H](Nc1nc(-n2cnc3ccncc32)nc2c1cc(C(=O)NCCCn1ccnc1)n2C)c1ccccc1,39,train
JAK2_2501ed0c0c,Nc1nc(Nc2cccnc2)nn1C(=O)c1c(F)cccc1F,23,train
JAK2_238d6846a6,C[C@H](Nc1ccc(C(N)=O)c2[nH]c3cc(-c4ccc(N)nn4)ccc3c12)C(C)(C)C,30,train
JAK2_82cc0d8c9d,CN(C[C@@H]1COCCO1)S(=O)(=O)Nc1ccc2ccc3ncc(-c4cnn(C)c4)cc3c(=O)c2c1,35,train
JAK2_8d61ec1030,C[C@H](Nc1ncc(Cl)c(Nc2cc(C3CC3)[nH]n2)n1)c1ncc(F)cn1,26,train
JAK2_73bee44fdc,C[C@H](Nc1cc(-c2ccc(N(C)C)cc2)nc(-n2cnc3ccncc32)n1)c1ccccc1,33,train
JAK2_a81df0467c,O=C(Nc1ccc([N+](=O)[O-])cc1Cl)c1cc(Cl)ccc1O,21,train
JAK2_cd0ef0dc7c,CS(=O)(=O)c1ccc(-c2cccn3nc(Nc4cccc(N5CCOCC5)c4)nc23)cc1,32,train
JAK2_50692d5f74,O=C1NC(=O)C(c2c[nH]c3ccccc23)=C1Nc1cccc(OC2CCCN(c3ccnc(F)c3)C2)c1,37,train
JAK2_7f030855a6,CCn1c(-c2ccnc(N)n2)cc(C(N)=O)c1-c1cc(Cl)ccc1C,25,train
JAK2_123f0870c5,CCC(C)[C@@H](NC(=O)OC(C)(C)C)c1nnc(S(=O)(=O)Cc2cccc(C)c2)o1,29,train
JAK2_ce48ae1d96,Cc1cc(Nc2nc(N3CCN(C(=O)CCc4ccccc4)CC3)nn3cccc23)n[nH]1,32,train
JAK2_ba8ed991fd,O=C1CC[C@H](C(=O)Nc2ccc(-c3ccnc(Nc4ccc(N5CCOCC5)cc4)n3)cc2)N1,34,train
JAK2_168037a051,CS(=O)(=O)Nc1ccc(-c2ccnc(Nc3ccc(CN4CCOCC4)cc3)n2)cc1,31,train
JAK2_27e841aec4,Cc1nc([N+](=O)[O-])c(Br)n1Cc1ccc(Cl)c(Cl)c1,19,train
JAK2_7d87127a7a,NC(=O)CN1CCC(c2ccc(Nc3ncc4ccc(-c5ncccn5)n4n3)cc2)CC1,32,train
JAK2_5812dc0236,O=C1NC(=O)C(c2c[nH]c3ccccc23)=C1c1cc(F)ccc1C(F)(F)F,27,train
JAK2_fd1cea57b5,COC[C@H](C)Nc1nc(-n2cnc3ccncc32)nc2c1cc(C(=O)N1CCN(C)CC1)n2C,34,train
JAK2_872f4a4e2c,C[C@H](Nc1nc(-n2cnc3ccncc32)nc2c1cc(C(=O)NS(=O)(=O)c1ccccc1)n2C)c1ccccc1,40,train
JAK2_80b89f8e05,Cn1cc(-c2ccc3c(c2)[nH]c2c(C(N)=O)ccc(NC4CCCCC4)c23)cn1,29,train
JAK2_7258b6b2a1,NC(=O)c1cc(-c2ccnc(N)n2)[nH]c1-c1cc(C(F)(F)F)ccc1C(F)(F)F,29,train
JAK2_aab6d9dd88,Cc1cc(Nc2nc(N3CCN(C(=O)Cc4ccccc4C)CC3)nn3cccc23)n[nH]1,32,train
JAK2_09dce2f4d2,NC(=O)c1cnc(NC2CCCCC2)c2c1[nH]c1ccc(-c3ccccc3)cc12,29,train
JAK2_46fb903abc,C[C@H](Nc1ccc(C(N)=O)c2[nH]c3cc(-c4cnc(N)nc4)ccc3c12)C(C)(C)C,30,train
JAK2_cd87bdbbc4,C[C@H](NC(=O)c1c[nH]c2ncc(C3CC3)nc12)C(C)(C)C#N,22,train
JAK2_41b9969ce1,Cc1cc(Nc2nc(N[C@@H](C)c3ncc(F)cn3)c(F)c(N3CCOCC3)n2)n[nH]1,30,train
JAK2_5c4838f40a,C[C@@]1(C#N)CCC[C@H]1Nc1c(C(N)=O)cnn2cccc12,21,train
JAK2_1509a7bf44,O=C(Nc1ccc(-c2ccnc(Nc3ccc(N4CCOCC4)cc3)n2)cc1)[C@H]1CCCN1,33,train
JAK2_7c9f52f196,Cc1cc(Nc2nc(NC(C)c3ccc(F)cn3)c(C#N)nc2C)n[nH]1,26,train
JAK2_f80439c7b2,c1cc2c(ncc3[nH]nc(C4CCCCC4)c32)[nH]1,18,train
JAK2_f8ef9f9f68,Cc1cc(Nc2nc(N[C@@H](C)c3ncc(F)cn3)ncc2C)n[nH]1,24,train
JAK2_94bd16fd4f,COc1ccccc1-c1ccc2cnc(Nc3ccc(S(=O)(=O)N(C)C)cc3)nn12,30,train
JAK2_3ea0a48a8e,N[C@H]1COCC[C@H]1Nc1cc2nc[nH]c(=O)c2c(Nc2cccc3cc[nH]c23)n1,29,train
JAK2_c1b88c9b92,COc1cc(-c2cnc3cccc(-c4ccc(CN5CCS(=O)(=O)CC5)cc4)c3n2)cc(OC)c1OC,37,train
JAK2_14d7597dd3,CCOP(=O)(CCn1cc(-c2ccc(-c3nc(-c4ccc(F)cc4)c(-c4cc[nH]c(=O)c4)[nH]3)cc2)nn1)OCC,40,train
JAK2_67cf406997,N#CCC(=O)Nc1cccc(-c2ccnc(Nc3ccc(N4CCOCC4)cc3)n2)c1,31,train
JAK2_a16dc6f15f,CS(=O)(=O)Nc1cccc(-c2ccc3cnc(Nc4ccc(C5CCN(CC(N)=O)CC5)cc4)nn23)c1,37,train
JAK2_72363ef411,Clc1ccc(-c2ccc(-c3nccn3-c3ccc(N4CCNCC4)cc3)o2)cc1,29,train
JAK2_1c386b4db1,C#CCSc1nsc(SCC#C)c1C#N,15,train
JAK2_9d9a9fd819,NC(=O)c1cnc(N2CCCCC2)c2c1[nH]c1ccc(F)cc12,23,train
JAK2_0f8fe1bc4c,Cc1cnc2nc1-c1ccnc(c1)OCC/C=C/COCc1cc(ccc1OCCN1CCCC1)N2,36,train
JAK2_5ca6d8c011,Cc1cc(Nc2nc3cccc(-c4cccc(S(C)(=O)=O)c4)n3n2)ccn1,27,train
JAK2_82ddfd3479,CCn1cc(-c2cccc3nc(Nc4ccnc(CO)c4)nn23)cn1,25,train
JAK2_999eeb76db,O=C1NC(=O)C(c2c[nH]c3ccccc23)=C1c1cc(N2CCNCC2)ccc1C(F)(F)F,32,train
JAK2_ba835f2750,CCc1cccc(Oc2cnc3[nH]cc(C(=O)NC(C)C)c3n2)c1,24,train
JAK2_081abce294,C[C@@H](NC(=O)c1c[nH]c2ncc(-c3nn(C)c4cc(F)ccc34)nc12)C(=O)N1CC(C#N)C1,33,train
JAK2_44cc5faa59,CC(C)[C@H](C)Nc1nc2cc[nH]c(=O)c2c2cc(F)ccc12,22,train
JAK2_04835c356d,NC(=O)c1cnc(N[C@H](C2CC2)C(F)(F)F)c2c1[nH]c1cc(-c3cnc(N4CCOCC4)nc3)ccc12,37,train
JAK2_6347e2acc3,Cc1ccc(Nc2nc(N[C@@H]3CCOC[C@@H]3N)ncc2C(N)=O)cc1,25,train
JAK2_63ed0c3402,O=C1CCCN1CCOc1ccc2cc1COCC=CCOCc1cccc(c1)-c1ccnc(n1)N2,36,train
JAK2_cd873cfa5a,CC(C)(C)NS(=O)(=O)c1cccc(-c2ccc3[nH]nc(N)c3c2)c1,24,train
JAK2_b2cd0935ed,O=C1Nc2ccc3c(oc4ccccc43)c2/C1=N/Nc1ccncc1,25,train
JAK2_b68f81bbb0,COc1ccc(-c2cccn3nc(Nc4cnn(C5CCOCC5)c4)nc23)cc1,29,train
JAK2_9a046a10eb,CN1C/C=C/COCc2cccc(c2)-c2ccnc(n2)Nc2cccc(c2)C1,28,train
JAK2_fc324d5fae,C1=C/COCc2cc(ccc2OCCN2CCCC2)Nc2nccc(n2)-c2cc(co2)COC/1,34,train
JAK2_d3fbad0d44,COc1ccc(CC(=O)N2CCN(c3nc(Nc4cc(C)[nH]n4)c4cccn4n3)CC2)cc1,33,train
JAK2_cc0f142b89,C[C@H](Nc1nc(Nc2cn(C)cn2)c2cc[nH]c2n1)c1ncc(F)cn1,26,train
JAK2_58bab7df27,C[C@@]1(F)CCC[C@@H]1Nc1c(C(N)=O)cnn2cccc12,20,train
JAK2_e4d3938dce,O=C(NCc1ccco1)c1ccc(-c2ccnc(Nc3ccc(N4CCOCC4)cc3)n2)cc1,34,train
JAK2_007e48c345,O=C(C=C=Nc1ccccc1)C(=O)N=C=Cc1ccccc1,22,train
JAK2_11eb785811,CS(=O)(=O)c1ccc(-c2ccc3cnc(Nc4ccc(C5CCN(CC(N)=O)CC5)cc4)nn23)cc1,36,train
JAK2_797aa2ddf2,C[C@H](O)CN1CCN(c2ccc(Nc3ncc4ccc(-c5ccccc5N(C)S(C)(=O)=O)n4n3)cc2)CC1,38,train
JAK2_066f3b1fc8,O=c1[nH]c2cnc(-n3cnc4ccccc43)nc2n1C1CCOc2c(Cl)cccc21,30,train
JAK2_cb7070498d,Cn1c(Cl)cnc1/C=C/C(=O)c1ccccc1O,18,train
JAK2_5ddb5d0aa4,O=C(Cc1ccccc1)N1CCN(c2nc(Nc3nccs3)c3cccn3n2)CC1,30,train
JAK2_c64d7f6934,O=c1[nH]ccc2nc(Nc3c(Cl)cccc3Cl)c3ccc(F)cc3c12,25,train
JAK2_512d87164a,Cc1ccc(Cl)cc1-c1[nH]c(-c2ccnc(N)n2)cc1C(=O)Nc1ccccc1,29,train
JAK2_27cafa9b71,Oc1ccc(C2Nc3ccccc3-c3ccnc4[nH]cc2c34)cc1Br,25,train
JAK2_fc1e2398b3,Cc1cc(Nc2nc(N[C@@H](C)c3ncc(F)cn3)ncc2F)n[nH]1,24,train
JAK2_0789a97f1f,Nc1nn2cccnc2c1-c1cc(NCc2cccnc2)ncn1,24,train
JAK2_b13e78c95d,COCCN1C/C=C/CCOc2cccc(c2)-c2ccnc(n2)Nc2cccc(c2)C1,31,train
JAK2_9859bb3af2,COc1cc(Nc2nc3cccc(-c4ccc5ncccc5c4)c3o2)cc(OC)c1OC,32,train
JAK2_24694de90c,O=C1NC(=O)C(c2c[nH]c3ccccc23)=C1Nc1cccc(OC2CCN(c3ccnc(F)c3)CC2)c1,37,train
JAK2_2d508b2bcb,COc1ccc2cc1OCC/C=C/CN(C)Cc1cccc(c1)Nc1nccc-2n1,30,train
JAK2_ae47a3ff43,CNC(=O)c1nc(-c2ccc(Cl)c(S(=O)(=O)Nc3cccc(F)c3F)c2)cnc1N,30,train
JAK2_b9a8095375,CCN(CC)S(=O)(=O)c1cccc(N2C(=O)/C(=C\Nc3ccccc3C(=O)O)c3ccccc3C2=O)c1,37,train
JAK2_e5db354ecb,COc1cc(Nc2cc(N3CCOCC3)nc(N[C@@H](C)c3ncc(F)cn3)n2)n[nH]1,30,train
JAK2_b32d58bce2,CN1CCN(c2cc(Oc3ccccc3Cl)nc(-n3cnc4ccncc43)n2)CC1,30,train
JAK2_a47c4dae25,CC(C)Nc1ncc(C(N)=O)c2[nH]c3ccc(F)cc3c12,21,train
JAK2_d7c729c2c7,COc1ccc(Cl)c(Nc2nc(-n3cnc4ccncc43)nc3c2cc(C(=O)N2CCN(C)CC2)n3C)c1,38,train
JAK2_2fbd9b5970,CC(C)n1cc(-c2cccn3nc(Nc4ccc(C(=O)O)cc4)nc23)cn1,27,train
JAK2_89681736da,CC(C)(CO)CNc1nc2cc[nH]c(=O)c2c2cc(F)ccc12,23,train
JAK2_62181abde5,COc1ccc(OC)c(NS(=O)(=O)c2ccc(SC)cc2)c1,22,train
JAK2_b4d9aeab68,CN1CCN(C2CCN(c3cccc(Nc4nc5c(-c6ccc(S(C)(=O)=O)cc6)cccn5n4)c3)CC2)CC1,39,train
JAK2_76a0b02083,CC1(C)C2CCCC1(C)[C@@H]2Nc1nc2cc[nH]c(=O)c2c2cc(F)ccc12,27,train
JAK2_6d024c163e,CC(C)(C)NS(=O)(=O)c1cccc(-c2ccc3cnc(Nc4ccc(C5CCN(CC(N)=O)CC5)cc4)nn23)c1,40,train
JAK2_4be86e3724,Cc1cc(Nc2nc3cccc(-c4cnn(CC(C)C)c4)n3n2)ccn1,26,train
JAK2_b8c588ec1e,CCN(CC)C(=O)C1CCCN(c2cc(-c3c(N)nn4cccnc34)ncn2)C1.Cl,30,val
JAK2_0455727edb,CN(C)CCNC(=O)c1cnc(N)c2cc(-c3ccc(S(=O)(=O)NC(C)(C)C)cc3)sc12,32,val
JAK2_3122b540ca,Oc1ccc(C2Nc3ccccc3-c3ncnc4[nH]cc2c34)cc1F,25,val
JAK2_050c16628f,Cc1cc(Nc2cncc(N[C@@H](C)c3ccc(F)cn3)n2)n[nH]1,23,val
JAK2_ac97500aa0,CN(C)C(=O)c1ccc(Nc2nc3cccc(-c4ccc(C(=O)N5CCOCC5)cc4)c3o2)cc1,35,val
JAK2_2b858ec493,CC(C)(O)COCc1cccc(Nc2sc(-c3c(F)cc(C(C)(C)O)cc3F)cc2C(N)=O)n1,34,val
JAK2_a3fcf76182,NC(=O)c1ccc(-c2ccnc(Nc3ccc(N4CCOCC4)cc3)n2)cc1,28,val
JAK2_48f0f73732,O=C([O-])c1cc(-c2nc(-c3ccc(F)cc3)c(-c3cc[nH]c(=O)c3)[nH]2)ccc1O.[Na+],30,val
JAK2_fe63a15dd7,CCN(CC)CCCOc1ccc(Nc2nccc(-c3ccc(C(=O)NCC#N)cc3)n2)cc1,34,val
JAK2_ced8b58c13,O=c1cnn([C@@H]2O[C@H](CO)[C@@H](O)[C@H]2O)c(=O)[nH]1,17,val
JAK2_af44d6ccb1,Cc1cc(Nc2nc(N[C@@H](C)c3ccc(F)cn3)c(F)c(N3CCNCC3)n2)n[nH]1,30,val
JAK2_d4de330de6,COc1cccc(Nc2nc3c(-c4ccc(S(C)(=O)=O)cc4)cccn3n2)c1,28,val
JAK2_34831252f9,Cc1cc(-c2ccnc(Nc3ccc(N4CCOCC4)cc3)n2)cc(C)c1O,28,val
JAK2_fd60474d3f,Nc1nc(CCl)nc(N(c2ccccc2)c2ccccc2)n1,22,val
JAK2_2cc6d2750f,CN1CCN(c2ccc(OC(F)(F)F)c(Nc3nccc(-c4cc(C(N)=O)cn4C)n3)c2)CC1,34,val
JAK2_b27b9007b4,O=c1[nH]c(CSc2nnc(NCC3CCCO3)s2)nc2sc(-c3ccccc3)cc12,30,val
JAK2_e5976c5a3a,CN1C/C=C/CCOc2cccc(c2)-c2cc(N3CCCC3)nc(n2)Nc2cccc(c2)C1,33,val
JAK2_c31b8d2399,Cc1ccccc1-c1nn(C)cc1NC(=O)c1cnn2ccc(N)nc12,26,val
JAK2_f62dbdb57f,C[C@@H](c1ccccc1)N(C)c1ccnc(-n2cnc3ccncc32)n1,25,val
JAK2_aefb824ea8,CCOc1ccc(Nc2nc(N)nc(CCl)n2)cc1,19,val
JAK2_1c241344ac,Cc1cc(Nc2nc(N3CCN(C(=O)Cc4c(F)cc(Cl)cc4F)CC3)nn3cccc23)n[nH]1,34,val
JAK2_95fef3e105,CS(=O)(=O)c1ccc(Nc2sc(-c3ccccc3)cc2C(N)=O)nc1,25,val
JAK2_60e1f9529a,C[C@H](Nc1nc(Nc2cn(C)cn2)c2nccnc2n1)c1ncc(F)cn1,27,val
JAK2_d8009ef3ac,COc1ccc(Nc2nc(N)nc(CCl)n2)cc1,18,val
JAK2_cdad169dd1,Cc1ccc(Cl)cc1-c1[nH]c(-c2ccnc(N)n2)cc1C(=O)NCCF,26,val
JAK2_ea93263857,N[C@H]1COCC[C@H]1Nc1cc2cc[nH]c(=O)c2c(Nc2cccc3cc[nH]c23)n1,29,val
JAK2_9bb49f0413,C1=C/Cn2ccc3ccc(cc32)-c2ccnc(n2)Nc2cccc(c2)COC/1,28,val
JAK2_bd308fc1c4,O=C1/C(=N\c2ccc(O)cc2)C=C(O)c2ccccc21,20,val
JAK2_a11a9fc11d,CS(=O)(=O)Nc1ccc(-c2ccnc(Nc3cccc(CN4CCCC4)c3)n2)cc1,30,val
JAK2_bea8b9dc72,C[C@@H](NC(=O)c1c[nH]c2ncc(-c3nn(C)c4cc(C(C)(C)C)ccc34)nc12)C(=O)N1CC(C#N)C1,36,val
JAK2_58872cfbbb,Cc1ccccc1Oc1cnc2[nH]cc(C(=O)NC(C)C)c2n1,23,val
JAK2_752be8cf41,Cc1cc(Nc2nc(O[C@@H](C)c3ncc(F)cn3)c(F)c(N3CCOCC3)n2)n[nH]1,30,val
JAK2_63d199f3b4,CC(C)CNc1ncc(C(N)=O)c2[nH]c3ccc(F)cc3c12,22,val
JAK2_3a609859f9,COc1cc2c(cc1OC)-c1cc(N3CCCc4ccccc43)nc(=O)n1CC2,29,val
JAK2_62d2b91836,O=c1[nH]c2cnc(-n3cnc4ccccc43)nc2n1C1CCOc2c(F)cccc21,30,val
JAK2_ad7758bd61,C#Cc1ccc(-c2nc(-c3ccc(F)cc3)c(-c3cc[nH]c(=O)c3)[nH]2)cc1,27,val
JAK2_fc870ffa78,Nc1n[nH]c2ccc(-c3ccccc3)cc12,16,val
JAK2_1cb993148a,NC(=O)c1cc(-c2ccnc(N)n2)[nH]c1-c1cccc(Cl)c1,22,val
JAK2_9f036929ff,COc1ccc(CNc2nccc(-c3cc(C(N)=O)c(-c4cc(Cl)ccc4C)[nH]3)n2)cc1,32,val
JAK2_a2c1bac0c3,c1ccc(CCNc2nc(-c3ccccn3)nc3ccccc23)cc1,25,val
JAK2_b830894e8e,Cc1nc2cc(N[C@@H]3CCCC[C@@H]3N)nc(Nc3cccc4c(C)c[nH]c34)c2c(=O)[nH]1,31,val
JAK2_05bb7eeb7d,Cc1ccc(Cl)cc1-c1[nH]c(-c2ccnc(N)n2)cc1C(=O)NCCO,26,val
JAK2_a150b93118,COc1ccc(-n2nnnc2SCC(=O)c2ccc(O)c(O)c2)cc1,25,val
JAK2_661f8f3892,O=C(OCn1ncc(Cl)c(Cl)c1=O)c1ccc(F)cc1,20,val
JAK2_594586d437,CCCn1c(CC)nc([N+](=O)[O-])c1S(=O)(=O)c1ccccc1,22,val
JAK2_d614dea70b,CC(Nc1nc(Nc2cn(C)cn2)c2cccnc2n1)c1ncc(F)cn1,27,val
JAK2_b891e0a2ae,COc1ccccc1-c1ccc2cnc(Nc3ccc(C(=O)N4CCOCC4)cc3)nn12,32,val
JAK2_38497200b0,c1cc2c(ncc3onc(C4CCCCC4)c32)[nH]1,18,val
JAK2_474efd57c1,C[C@@H](NC(=O)c1c[nH]c2ncc(-c3cn(C)c4cc(Cl)ccc34)nc12)C(=O)N1CC(C#N)C1,33,val
JAK2_c966179cf8,Cn1c(-c2cn(-c3ccc(C(=O)O)cc3)nn2)nc(-c2ccc(F)cc2)c1-c1ccncc1,33,val
JAK2_1d192f1116,COc1cc(Nc2nc(N[C@@H](C)c3ncc(F)cn3)c(F)c(N3CCOCC3)n2)n[nH]1,31,val
JAK2_1cd957a7af,COc1cc(Nc2ncc3ccn(-c4ccccn4)c3n2)cc(OC)c1OC,28,val
JAK2_0f8af01b6c,COc1ccc2cc1COCC=CCOCc1cccc(c1)-c1ccnc(n1)N2,29,val
JAK2_b5cb665496,O=c1[nH]c(CN2CC[C@@H](O)C2)nc2c1oc1ccc(Br)cc12,22,val
JAK2_71820de48c,COc1ccc([N+](=O)[O-])c(S(=O)(=O)c2ccc(Cl)cc2)n1,21,val
JAK2_6a465d8a48,COc1ccccc1C(=O)N1CCN(c2nc(Nc3cc(C)[nH]n3)c3cccn3n2)CC1,32,val
JAK2_3f9d4c8aea,C[C@H](Nc1ccnc(-n2cnc3ccncc32)n1)c1ccc(F)cc1,25,val
JAK2_7965d6fd2c,CN(C)C1CCN(c2cc(-c3c(N)nn4cccnc34)ncn2)C1,24,val
JAK2_b8536fbab5,NC(=O)c1cnc(N[C@H](C2CC2)C(F)(F)F)c2c1[nH]c1cc(-c3ccc(N4CCS(=O)(=O)CC4)nn3)ccc12,39,val
JAK2_a36c03bfb1,CN1CCN(c2ccc(Nc3ncc4ccc(-c5cccc(S(=O)(=O)NC(C)(C)C)c5)n4n3)cc2)CC1,37,val
JAK2_f5592e1b45,CN1CCN(c2cc(Nc3ccccc3Cl)nc(-n3cnc4ccncc43)n2)CC1,30,val
JAK2_262bf0ff2a,CN1C/C=C/CCOc2cc(ccn2)-c2ccnc(n2)Nc2cccc(c2)C1,28,val
JAK2_6db9136321,COc1cc2nccc(Oc3ccc4c(NC(=O)c5cccc(C(F)(F)F)c5)nn(C)c4c3)c2cc1OC,38,val
JAK2_56a7d5e603,O=C(NC1CC1)c1cc(Nc2nc(N3CCN(C(=O)Cc4ccccc4)CC3)nn3cccc23)n[nH]1,36,val
JAK2_430240bac7,C/C(O)=C(\C#N)C(=O)Nc1cc(Br)ccc1Br,17,val
JAK2_ba292d2417,O=C1NC(=O)C(c2c[nH]c3ccccc23)=C1Nc1cccc(O[C@H]2CCN(c3ccnc(F)c3)C2)c1,36,val
JAK2_d160fe9573,O=c1[nH]ccc2nc(NCc3c(Cl)cccc3Cl)c3ccc(F)cc3c12,26,val
JAK2_8b297816a9,CC(C)S(=O)(=O)c1ccc(-c2cccn3nc(Nc4cccc(N5CCN(C)CC5)c4)nc23)cc1,35,val
JAK2_4a8a65b032,CC(C)(C)CNc1nc2cc[nH]c(=O)c2cc1-c1ccc(F)cc1,24,val
JAK2_ad173a2b36,NC(=O)Nc1sc(-c2ccccc2)cc1C(N)=O,18,val
JAK2_0d290b9165,CNC(=O)c1nc(-c2ccc(Cl)c(S(=O)(=O)Nc3cccc(F)c3C)c2)cnc1N,30,val
JAK2_5b3c863b86,CN1CCN(c2cccc(Nc3nc4c(-c5ccc(C(F)(F)F)cc5)cccn4n3)c2)CC1,33,val
JAK2_07fdb02205,Nc1nc2c3ccc(NCCO)cc3nc(Cc3ccc4c(c3)OCO4)n2n1,28,val
JAK2_06eea14a96,Cc1cc(Nc2nc(N3CCN(C(=O)c4ccccc4C)CC3)nn3cccc23)n[nH]1,31,val
JAK2_71b1cf07ec,CC(C)[C@H](Nc1nc2cc[nH]c(=O)c2c2cc(F)ccc12)C(F)(F)F,25,val
JAK2_b21b5d167f,CCS(=O)(=O)CCOc1ccc2cc1CN(C)C/C=C/CCOc1cccc(c1)-c1ccnc(n1)N2,36,val
JAK2_d71f577892,O=c1[nH]c2cnc(-n3cnc4ccccc43)nc2n1C1CCOCC1,25,val
JAK2_e2cae42d88,Cc1ccc(C(=O)N2CCN(c3nc(Nc4cc(C)[nH]n4)c4cccn4n3)CC2)cc1,31,val
JAK2_9da7b44e3f,NC(=O)c1cc(-c2ccnc(N)n2)[nH]c1-c1cc(C(F)(F)F)ccc1Cl,26,val
JAK2_02f6b1c446,CN(c1ccccc1-c1cc(Cl)c2cnc(Nc3ccc(C4CCN(CC(N)=O)CC4)cc3)nn12)S(C)(=O)=O,39,val
JAK2_22b820a577,C1=C/CN(Cc2ccccn2)Cc2cccc(c2)Nc2nccc(n2)-c2cccc(c2)OCC/1,34,val
JAK2_f7c26b39d2,CC(C)(O)c1ccc(-c2cc(C(N)=O)c(Nc3cccc(CN4CCOCC4)n3)s2)cc1,32,val
JAK2_b424313b47,O=C1Nc2ccc(-c3cccnc3)cc2/C1=C/c1ccc[nH]1,22,val
JAK2_54d1964fb9,CC(C)(C)NS(=O)(=O)c1ccc(-c2ccc3[nH]nc(N)c3c2)c(Cl)c1,25,val
JAK2_ec117125df,C[C@H](Nc1ncc(C(N)=O)c2[nH]c3cc(-c4cnn(C)c4)ccc3c12)C1CC1,28,val
JAK2_0a194c8fbd,CN(c1ccccc1-c1ccc2cnc(Nc3ccc(C4CCN(CC(N)=O)CC4)cc3)nn12)S(C)(=O)=O,38,val
JAK2_f4e69c401b,COc1cc(C2CCN(CC(N)=O)CC2)ccc1Nc1ncc2ccc(-c3ccccc3OC)n2n1,36,val
JAK2_d0a1231c82,COCCNC(=O)c1cc(-c2ccnc(N)n2)[nH]c1-c1cc(Cl)ccc1C,27,val
JAK2_dc16e5a7a3,Cc1cccc(OCC(=O)Nc2cc(C)ccc2O)c1,20,val
JAK2_dbe7510318,O=C(Nc1c[nH]nc1-c1nc2ccc(CN3CCOCC3)cc2[nH]1)NC1CC1,28,val
JAK2_47a002966a,Cc1cc(Nc2ncc(Cl)c(Nc3ccccc3S(=O)(=O)C(C)C)n2)c(OC(C)C)cc1C1CCNCC1,38,val
JAK2_2869bc3f0e,CN(C)Cc1ccc(-c2ccc3cnc(Nc4ccc(C5CCN(CC(N)=O)CC5)cc4)nn23)cc1,36,val
JAK2_9837082dc9,CC1(C)[C@H](Nc2c(C(N)=O)cnn3cccc23)CC[C@]1(C)N,22,val
JAK2_380b64c771,C[C@H](Nc1nc(-n2cnc3ccncc32)nc2c1cc(C(=O)NCCCN1CCOCC1)n2C)c1ccccc1,40,val
JAK2_b00790f400,O=c1oc2ccc(Cl)cc2nc1/C=C(\O)c1ccco1,20,val
JAK2_041e0fc105,NC(=O)c1cnc(NC2CCCCC2)c2c1[nH]c1cc(Cl)ccc12,24,val
JAK2_5f93014523,Cc1cc(Nc2nc(N[C@H](C)c3ncc(F)cn3)c(C#N)nc2C)n[nH]1,26,val
JAK2_a101bd58e7,O=C([O-])c1ccc(-c2nc(-c3ccc(F)cc3)c(-c3cc[nH]c(=O)c3)[nH]2)cc1.[Na+],29,val
JAK2_6ddcac62d4,CCC(Nc1ncc(C(N)=O)c2[nH]c3cc(-c4cnn(C)c4)ccc3c12)C1CC1,29,val
JAK2_07d8f9b0de,O=C1NC(=O)C(c2c[nH]c3ccccc23)=C1Nc1cccc(C2CCN(c3ccnc(F)c3)CC2)c1,36,val
JAK2_4424830aa8,CN1CCN(c2ccc(-c3cnc4cccc(-c5cc(F)c(CN6CCOCC6)c(F)c5)c4n3)cc2)CC1,38,val
JAK2_d8b2dc25f9,Cc1ccc(C)c(-c2nn(C)cc2NC(=O)c2cnn3ccc(N)nc23)c1,27,val
JAK2_9749fd0d32,CNc1nccc(-c2cccnc2Oc2ccc(NC(=O)c3cccc(C(F)(F)F)c3)cc2C)n1,35,val
JAK2_5d8b3b166c,COc1cc2c(Oc3ccc(-c4cnc(Nc5ccc(F)cc5)n(C)c4=O)cc3F)ccnc2cc1OCCCN1CCOCC1,46,val
JAK2_dc317d2e99,CC(C)(C)NC(=O)c1cnc(N)c2cc(-c3ccc(N4CCOCC4)cc3)sc12,29,val
JAK2_1dea496cca,CS(=O)(=O)Nc1ccc(-c2ccnc(Nc3cccc(CN4CCOCC4)c3)n2)cc1,31,val
JAK2_9ee4e5a341,C1=C/COCc2cc(ccc2OCCN2CCCC2)Nc2nccc(n2)-c2coc(c2)COC/1,34,val
JAK2_1891397aa8,C1=C/CNCc2cccc(c2)Nc2nccc(n2)-c2cccc(c2)OCC/1,27,val
JAK2_3452a5d8c9,CN1C/C=C/CCOc2cccc(c2)-c2ccnc(n2)Nc2ccc(OCC(=O)N3CCCC3)c(c2)C1,37,val
JAK2_e113bd753c,Cc1c(C(=O)N2CCOc3ccc(-c4ccc(N)nc4)cc3C2)ccc(S(C)(=O)=O)c1F,32,val
JAK2_00ce79806b,CNc1nccc(-c2cccnc2Oc2ccc(Nc3nnc(-c4ccc(F)cc4)c4ccccc34)cc2)n1,39,val
JAK2_73aaa360cd,CN1CCN(c2cc(F)c3c(c2)nc(Cc2ccc4c(c2)OCO4)n2nc(N)nc32)CC1,32,val
JAK2_14bc91eedb,Cc1ccc(NC(=O)C(=Cc2ccc(C(=O)O)cc2)C(=O)Nc2ccc(C)cc2C)c(C)c1,33,val
JAK2_fddab980f3,C[C@@H](NC(=O)c1c[nH]c2ncc(-c3ncn4cc(F)ccc34)nc12)C(=O)N1CC(C#N)C1,32,val
JAK2_85a13b2e26,Cc1cccc(NC(=O)c2ccc([N+](=O)[O-])o2)c1,18,val
JAK2_864acfec45,Cc1cccc(Nc2sc(-c3cccc(Cl)c3)cc2C(N)=O)n1,23,val
JAK2_4a326d99ba,O=C1NC(=O)C(c2c[nH]c3ccccc23)=C1Nc1cccc(OCCCn2ccnc2)c1,32,val
JAK2_9ce72827e9,C[C@@H](Nc1cc(-c2c(N)nn3cccnc23)ncn1)c1ccc(Cl)cc1,26,val
JAK2_e4d8e37a39,O=C(O)c1ccc(Nc2ncc(F)c(Nc3ccccc3Cl)n2)cc1,25,val
JAK2_cd0d93d1b9,CC(C)(C)NC(=O)Nc1ccc(-c2ccc3[nH]nc(N)c3c2)cc1,24,val
JAK2_caf227844b,NC(=O)c1cnc(N)c2cc(-c3ccc(N4CCOCC4)cc3)sc12,25,val
JAK2_27bda0ed2d,CCN(c1ncc(C(N)=O)c2[nH]c3ccc(F)cc3c12)C1CCCCC1,26,val
JAK2_e06ffc340f,COc1ccccc1-c1ccc2cnc(Nc3cccc(N4CCN(C[C@H](C)O)CC4)c3)nn12,34,val
JAK2_772111c41c,Cc1cc(Nc2nc(N3CCN(C(=O)c4ccccc4S(C)(=O)=O)CC3)nn3cccc23)n[nH]1,34,val
JAK2_f174044a05,O=C(N1C/C=C/CCOc2cccc(c2)-c2ccnc(n2)Nc2cccc(c2)C1)C(F)(F)F,33,val
JAK2_03f06fbf7f,NC(=O)c1cnc(N[C@H](C2CC2)C(F)(F)F)c2c1[nH]c1cc(-c3cn[nH]c3)ccc12,30,val
JAK2_e2f2f5219d,CC1CCCC(NC(=O)NC(=O)CCl)C1C,16,val
JAK2_eb1d7cac8e,N#Cc1ccc2ncn(-c3ncc4[nH]c(=O)n(C5CCOCC5)c4n3)c2c1,27,val
JAK2_bbc5da8cb1,CS(=O)(=O)c1ccc(-c2cccn3nc(Nc4cccc(N5CCC(N6CCOCC6)CC5)c4)nc23)cc1,38,val
JAK2_e6b69b948a,O=c1[nH]ccc2c(Nc3c(Cl)cc(C(O)C(F)F)cc3Cl)nc3ccncc3c12,29,val
JAK2_1baaacf4f4,Cc1cc(Nc2nc(N[C@@H](C)c3ccc(F)cn3)c(Cl)c(N3CCOCC3)n2)n[nH]1,30,val
JAK2_4cdb917a68,Cc1nnc(Nc2nc(N3CCN(C(=O)Cc4ccccc4)CC3)nn3cccc23)s1,31,val
JAK2_2113e5b7eb,O=c1[nH]ccc2c(Nc3c(F)cc(F)cc3F)nc3ccncc3c12,25,val
JAK2_dc0e1c1b9b,C[C@@H](NC(=O)c1c[nH]c2ncc(C3CC3)nc12)C(=O)N1CCCC1,24,val
JAK2_581580e609,Nc1ccn2ncc(C(=O)Nc3conc3-c3cccc(Cl)c3)c2n1,25,val
JAK2_1225662731,COc1ccc(-c2ccc3cnc(Nc4ccc(N5CCN(C)CC5)c(F)c4)nn23)cn1,32,val
JAK2_89781c2158,Cc1cnc(Nc2nc(N[C@@H](C)c3ncc(F)cn3)c(F)c(N3CCOCC3)n2)s1,30,val
JAK2_a240793028,Cc1cc(SCC(=O)N/N=C/c2ccc(O)c(O)c2)c(C)cc1Br,24,val
JAK2_9dc9b86668,CCS(=O)(=O)N1CC(CC#N)(n2cc(-c3ncnc4[nH]ccc34)cn2)C1,26,val
JAK2_777f2ced5f,CS(=O)(=O)c1cccc(-c2cccn3nc(Nc4ccccc4)nc23)c1,26,val
JAK2_6111c0246b,Cc1cc(Nc2cncc(N[C@@H](C)c3ncc(F)cn3)n2)n[nH]1,23,val
JAK2_ae14213e4e,CN1C/C=C/CCOc2cccc(c2)-c2ccnc(n2)Nc2ccc(OCCN3CCCC3)c(c2)C1,36,val
JAK2_c104abb853,C1=CCOCc2cccc(c2)-c2ccnc(n2)Nc2cc(cc(OCCN3CCOCC3)c2)COC1,36,val
JAK2_d1f641d822,O=C1NC(=O)C(c2cn(CCCn3ccnc3)c3ccccc23)=C1Nc1ccccc1,31,val
JAK2_0868404338,NC(=O)c1cnc(NC2CCCC2)c2c1[nH]c1ccc(F)cc12,23,val
JAK2_f14aaf41b2,C[C@H](Nc1ccnc(-n2ccc3ccncc32)n1)c1ccccc1,24,val
JAK2_4bb556c059,CNc1ccn2ncc(C(=O)Nc3cc(C)nn3-c3cccc(Cl)c3)c2n1,27,val
JAK2_fdf063faa3,Cc1nc(C)c(-c2ccc3[nH]nc(N)c3c2)s1,17,val
JAK2_9cc155601e,C[C@@H](NC(=O)c1c[nH]c2ncc(C3CC3)nc12)C(=O)N1CC(C#N)C1,25,val
JAK2_e522bad3ce,CS(=O)(=O)N1Cc2cccc(-c3ccc4cnc(Nc5ccc(C6CCN(CC(N)=O)CC6)cc5)nn34)c2C1,39,val
JAK2_401fbedf78,O=c1cc(-c2[nH]c(-c3ccc(-c4cn(CCO)nn4)cc3)nc2-c2ccc(F)cc2)cc[nH]1,33,val
JAK2_fe9236b0f3,Cc1cnc(Nc2cc(N3CCOCC3)nc(N[C@@H](C)c3ccc(F)cn3)n2)s1,29,val
JAK2_1da5b70a49,N#CCNC(=O)c1ccc(-c2ccnc(Nc3ccc(N4CCOCC4)c(C(F)(F)F)c3)n2)cc1,35,val
JAK2_82af31902b,O=C(NC1C=CS(=O)(=O)C1)c1sc2ccccc2c1Cl,20,val
JAK2_df6c679d4d,Fc1cccc(Cl)c1-c1nc2c3ccccc3c3ccccc3c2[nH]1,25,val
JAK2_c8e4f1d444,O=C1NC(=O)C(c2c[nH]c3ccccc23)=C1Nc1ccc(OCCNc2ccnc(F)c2)cc1,34,val
JAK2_2fb115c7c6,CS(=O)(=O)c1ccc(-c2cccn3nc(Nc4cccc(S(C)(=O)=O)c4)nc23)cc1,30,val
JAK2_66c6f9c4b4,CCN1CCN(Cc2ccc(Nc3nccc(-c4ccc(C(=O)NCC#N)cc4)n3)cc2)CC1,34,val
JAK2_27f93cd5ff,Cc1c[nH]c2c(Nc3nc(N[C@@H]4CCOC[C@@H]4N)cc4nc[nH]c(=O)c34)cccc12,30,val
JAK2_3c26f1262f,NC(=O)c1cc(-c2ccnc(N)n2)[nH]c1-c1ccccc1,21,val
JAK2_33706a826b,COc1cc(-c2cnc3cc(F)cc(-c4ccc(CC(=O)N5CCOCC5)cc4)c3n2)cc(OC)c1OC,38,val
JAK2_b27a899dff,CN(C)c1ccc(Oc2cc(O)cc(O)c2-c2cc(C(=O)NC3CCN(C4CCC5(CC4)OCCO5)CC3)no2)cc1,42,val
JAK2_a76d3b3ff0,Nc1nn2cccnc2c1-c1cc(N2CCCC2c2ccc(F)cc2)ncn1,28,val
JAK2_d93114e5db,CN1C/C=C/CCOc2cccc(c2)-c2ccnc(n2)Nc2ccc(OCCN3CCOCC3)c(c2)C1,37,val
JAK2_cafdcf5d70,CCCNc1ncc(C(N)=O)c2[nH]c3ccc(F)cc3c12,21,val
JAK2_2a386c8786,COc1ccc2cc1CN(C)C/C=C/CCOc1cccc(c1)-c1ccnc(n1)N2,30,val
JAK2_f69fa9f13e,Cc1cnc(Nc2ccc(OCCN3CCCC3)cc2)nc1Nc1cccc(S(=O)(=O)NC(C)(C)C)c1,37,val
JAK2_808899f7bc,Cc1cnc(Nc2cc(N3CCN(C)CC3)nc(N[C@@H](C)c3ccc(F)cn3)n2)s1,30,val
JAK2_075392b486,O=C(Cc1ccccc1)Nc1cccc(-c2nc3sccn3c2-c2ccnc(Nc3cccc(N4CCOCC4)c3)n2)c1,43,val
JAK2_de5414429e,CCNC(=O)c1cc(-c2ccnc(N)n2)[nH]c1-c1cc(Cl)ccc1C,25,val
JAK2_ebd69b937d,O=C1NN(c2ccccc2)C(=O)/C1=C\c1cc(Cl)ccc1OCc1ccccc1,29,test
JAK2_9959650146,Cc1ccc(CC(=O)N2CCN(c3nc(Nc4cc(C)[nH]n4)c4cccn4n3)CC2)cc1,32,test
JAK2_642b8e0f91,Nc1n[nH]c2ccc(-c3ccc(C(=O)N4CCOCC4)cc3)cc12,24,test
JAK2_cabdd7d46d,CN1CCN(c2ccc(Nc3nc4cccc(-c5cccc(S(C)(=O)=O)c5)n4n3)cc2)CC1,33,test
JAK2_b1c6e31290,CC(Nc1nc2cc[nH]c(=O)c2cc1-c1ccccn1)C(C)(C)C,24,test
JAK2_3f3d946705,C[C@@H]1CCN(C(=O)CC#N)C[C@@H]1N(C)c1ncnc2[nH]ccc12,23,test
JAK2_8ec15e5706,Nc1nn2cccnc2c1-c1cc(NCc2ccc(Cl)cc2)ncn1,25,test
JAK2_830f2e4e11,O=c1[nH]c2cnc(-n3cnc4ccccc43)nc2n1[C@H]1CCOc2c(F)cccc21,30,test
JAK2_f63200c6fc,CC1CCN(C(=O)[C@@H](C)NC(=O)c2c[nH]c3ncc(C4CC4)nc23)C1,25,test
JAK2_dd69d5b360,COc1ccc(N2CCc3c(C)nc4c(OC)cc(OC)cc4c32)c(OC)c1,28,test
JAK2_5d437cebf2,Cc1cc(Nc2nc3cccc(-c4ccc(C(=O)N5CCOCC5)cc4)c3o2)ccc1C(=O)N(C)C,36,test
JAK2_fd8b24dad5,Cc1cc(Nc2nc(N[C@@H](C)c3ccc(F)cn3)c(C#N)cc2F)n[nH]1,26,test
JAK2_8c93d98423,COc1cc(Nc2nc3cccc(-c4ccc(C(=O)N5CCOCC5)cc4)c3o2)cc(OC)c1OC,36,test
JAK2_69e4e150d8,C[C@H](Nc1cc(-c2ccoc2)nc(-n2cnc3ccncc32)n1)c1ccccc1,29,test
JAK2_54ea24ef39,O=CN1CCN(c2ccc(C(F)(F)F)c(C3=C(c4c[nH]c5ccccc45)C(=O)NC3=O)c2)CC1,34,test
JAK2_eb43f38c08,NC(=O)c1cnc(N[C@@H]2CCCC[C@@H]2N)nc1Nc1cccc(-n2nccn2)c1,29,test
JAK2_47c663cfbd,COC(=O)COc1cccc2c(=O)n(CC(=O)NCc3ccc(F)cc3)ccc12,29,test
JAK2_01774c8952,COCCNC(=O)c1cc2c(N[C@@H](C)c3ccccc3)nc(-n3cnc4ccncc43)nc2n1C,35,test
JAK2_5d9303ab15,O=S(=O)(c1cccs1)N1CCN(c2ccc(O)cc2)CC1,21,test
JAK2_9d0e4f3f8a,Cl.c1ccc2c(CN3CCCCCC3)c[nH]c2c1,18,test
JAK2_f6c9a7f30d,NC(=O)c1cnc(N[C@H](C2CC2)C(F)(F)F)c2c1[nH]c1cc(-c3cnc(N)nc3)ccc12,32,test
JAK2_fa62330e96,O=c1[nH]ccc2nc(NC3CCC3)c3ccc(F)cc3c12,21,test
JAK2_e5685f45f3,CCS(=O)(=O)CNc1cc2cc(c1)Nc1nccc(n1)-c1cccc(c1)OCC/C=C/CN(C)C2,35,test
JAK2_bc0785694a,CC1(C)[C@H](N)CC[C@H]1Nc1c(C(N)=O)cnn2cccc12,21,test
JAK2_6f8843e888,CN(c1cccc(-c2ccc3cnc(Nc4ccc(C5CCN(CC(N)=O)CC5)cc4)nn23)c1)S(C)(=O)=O,38,test
JAK2_28f3f32e88,CN(C)CCN1CCN(C(=O)c2cc(C(C)(C)C)sc2NC(=O)Nc2cccc(Cl)c2Cl)CCC1=O,36,test
JAK2_d8edcf57e7,CC(C)NC(=O)c1c[nH]c2ncc(C3CC3)nc12,18,test
JAK2_22d36598a0,COc1nc(C)cc2c1-c1[nH]c3cc(N4CCN(C)CC4)ccc3c1CCN2CCc1ccccc1,36,test
JAK2_79f98ea88a,Cc1cc(NC(=O)c2cnn3cccnc23)c(-c2cccc(Cl)c2)cn1,26,test
JAK2_0b57062283,COc1cc(O)c2c(c1)CCC[C@H](O)CC(=O)/C=C\C[C@H](C)OC2=O,25,test
JAK2_57f45da782,O=C1c2oc(-c3ccc(Cl)cc3)cc2Cc2cc(N3CCNCC3)ccc2N1Cc1ccccc1-c1cccnc1,41,test
JAK2_636d21a80d,CCCN(CC(F)(F)F)C(=O)C1CCCN(c2cc(-c3c(N)nn4cccnc34)ncn2)C1,33,test
JAK2_5bccbf5381,COC(=O)c1ccc(Nc2nc(N)n(C(=O)c3c(F)cccc3F)n2)cc1,27,test
JAK2_4c92614d40,C[C@H](Nc1cc(-c2ccoc2)nc(-n2cnc3ccncc32)n1)c1ccc(F)cc1,30,test
JAK2_968daa996c,Cc1cc(Nc2nc(N[C@@H](C)c3ccc(F)cn3)c(F)c(N3CCN(S(C)(=O)=O)CC3)n2)n[nH]1,34,test
JAK2_6dc1db68d3,CNC(=O)c1ccc(Nc2nc3cccc(-c4cc(F)c(CN5CCOCC5)c(F)c4)c3o2)cc1C,36,test
JAK2_1de5bcc24c,Cc1ccc(Cl)c(-c2[nH]c(-c3ccnc(N)n3)cc2C(N)=O)c1,23,test
JAK2_8224c874ed,CCOC(=O)c1cccc(Nc2nc(N)n(C(=O)c3c(F)cccc3F)n2)c1,28,test
JAK2_ea60b61550,NC(=O)c1cnc(N2CCCC2)c2c1[nH]c1ccc(F)cc12,22,test
JAK2_a437644d7e,COc1ccc(-c2cnc3c(c2)CCC3(C#N)C#N)cc1,21,test
JAK2_01aa2cd0f0,CN1CCN(Cc2cccc(Nc3nccc(-c4ccc(NS(C)(=O)=O)cc4)n3)c2)CC1,32,test
JAK2_d5a0980bbf,CNc1ncc(C(N)=O)c2[nH]c3ccc(F)cc3c12,19,test
JAK2_2eda2afd5e,Cc1nc2ccccc2c(O)c1C(=O)/C=C/c1ccccc1,22,test
JAK2_d2844f380a,Cc1cc(Nc2nc(N3CCN(C(=O)c4ccccc4)CC3)nn3cccc23)n[nH]1,30,test
JAK2_7794ab5f7d,COc1ccccc1N(C(=O)CCl)c1cn(C(C)=O)c2ccccc12,25,test
JAK2_2e6607578d,COC(=O)C1CCN(c2cc(-c3c(N)nn4cccnc34)ncn2)C1,25,test
JAK2_0d9a1ad05b,COc1cc(Nc2nc(N[C@@H](C)c3ncc(F)cn3)ncc2Br)n[nH]1,25,test
JAK2_c4d9eb4f14,CC(=O)Nc1ccc(-c2ccnc(NC3CCCC(NC(=O)c4c(Cl)cccc4Cl)C3)n2)cc1,34,test
JAK2_821a4c0e24,C[C@@H](NC(=O)c1c[nH]c2ncc(-n3ncc4cc(Cl)ccc43)nc12)C(=O)N1CC(C#N)C1,32,test
JAK2_2a0691a470,O=C1NCc2c(-c3ccc(F)cc3F)cc(C3CCNCC3)cc2N1c1c(Cl)cccc1Cl,33,test
JAK2_5d4e57723f,CNC(=O)c1cnc(N)c2cc(-c3ccc(C(C)(C)C)cc3)sc12,24,test
JAK2_8db4a8b97f,CNC(=O)c1ncc(C#Cc2cc(C(=O)Nc3ccc(CN4CCN(CCO)CC4)c(C(F)(F)F)c3)ccc2C)n1C,42,test
JAK2_aea62984ba,C1=C/CNc2cccc(c2)Nc2nccc(n2)-c2cccc(c2)OCC/1,26,test
JAK2_260f9e930a,CC(C)(C#N)NC(=O)c1ccc(-c2ccnc(Nc3ccc(N4CCOCC4)cc3)n2)cc1,33,test
JAK2_379928ad0b,Cc1ccc(Cn2ccs/c2=N\C(=O)CCl)cc1,18,test
JAK2_6d4bc95598,COc1ccccc1-c1ccc2cnc(Nc3ccc(N4CCN(C)CC4)cc3)nn12,31,test
JAK2_4f45584432,C[C@@H](NC(=O)c1c[nH]c2ncc(-c3cnc4cc(Cl)ccn34)nc12)C(=O)N1CC(C#N)C1,32,test
JAK2_ae93ba0eb4,Cc1noc(C)c1-c1ccc2[nH]nc(N)c2c1,17,test
JAK2_d71f5ff66b,CC(Nc1nc(Nc2cn(C)cn2)c2cn[nH]c2n1)c1ncc(F)cn1,26,test
JAK2_0ca7f05399,CC(C)Cn1cc(-c2cccn3nc(Nc4ccc(C(=O)O)cc4)nc23)cn1,28,test
JAK2_f4012c0c35,CC(C)(C)n1nc(-c2ccc(Cl)cc2)c2c(N)ncnc21,21,test
JAK2_4cdfd96edb,O=c1cc(-c2[nH]c(-c3ccc(-c4cn(CCP(=O)([O-])[O-])nn4)cc3)nc2-c2ccc(F)cc2)cc[nH]1.[Na+].[Na+],38,test
JAK2_f92f7b4efe,O=c1[nH]ccc2nc(N3CCC(F)(F)C3)c(-c3ccc(F)cc3)cc12,25,test
JAK2_5e05d7987e,Cc1cnc2nc1-c1cccc(c1)COCC=CCOCc1cc(ccc1OCCN1CCCC1)N2,36,test
JAK2_1e3c7a3902,COc1ccccc1-c1ccc2cnc(Nc3ccc(N4CCN(C[C@H](C)O)CC4)cc3)nn12,34,test
JAK2_e70174d250,NC(=O)C1CCCN(c2cc(-c3c(N)nn4cccnc34)ncn2)C1,25,test
JAK2_7044b47d7e,O=C1NN(c2ccccc2)C(=O)/C1=C/c1ccc(-c2ccccc2Cl)o1,26,test
JAK2_e40dcdc050,C[C@H](N)CNc1cc2nc[nH]c(=O)c2c(Nc2cccc3cc[nH]c23)n1,26,test
JAK2_58595a79e9,CC(=O)N[C@@H]1CCc2ccc(Oc3cnc4[nH]cc(C(=O)NC(C)C)c4n3)cc21,29,test
JAK2_1546723152,COc1cc(-c2ccnc(Nc3ccc(N4CCOCC4)cc3)n2)ccc1O,28,test
JAK2_dfa49262c4,CSc1nccc(-c2c(-c3ccc(F)cc3)nc3nc(-c4cn(CCP(=O)([O-])[O-])nn4)ccn23)n1.[Na+].[Na+],37,test
JAK2_441c44af85,Cc1cc(Nc2nc(N[C@@H](C)c3ccc(F)cn3)c(F)c(N3CCN(C)CC3)n2)n[nH]1,31,test
JAK2_dd66b2b5a2,C[C@H](Nc1nc(Nc2cn(C)cn2)c2cnn(C)c2n1)c1ncc(F)cn1,27,test
JAK2_10be027f63,Cc1cc(Nc2nc(N3CCN(C(=O)c4ccccc4C#N)CC3)nn3cccc23)n[nH]1,32,test
JAK2_e05cc76b4d,NC(=O)c1cnc(N[C@H](C2CC2)C(F)(F)F)c2c1[nH]c1cc(-c3ccc(N)nc3)ccc12,32,test
JAK2_cc9087b35d,CNC(=O)c1cnc(N)c2cc(-c3ccc(C(C)(C)C#N)cc3)sc12,25,test
JAK2_9baf94ff1d,Nc1nc(Nc2cccc(C(=O)O)c2)nn1C(=O)c1c(F)cccc1F,26,test
JAK2_55b1d45b03,C[C@@H](Nc1ncc(C(N)=O)c2[nH]c3cc(-c4cnn(C)c4)ccc3c12)C1CC1,28,test
JAK2_e0376cef38,O=C1/C(=C/c2ccc(O)c(O)c2)SC(=S)N1Nc1ccccc1,23,test
JAK2_d9376c48d4,CCN(Cc1ccncc1)c1cc(-c2c(N)nn3cccnc23)ncn1,26,test
JAK2_d030cbf822,O=c1[nH]cnc2[nH]c(-c3ccnc(/C=C/c4ccc(CN5CCOCC5)cc4)c3)cc12,31,test
JAK2_251d794f95,CC(C)(O)C(=O)N1CCN(c2ccc(C(F)(F)F)c(C3=C(c4c[nH]c5ccccc45)C(=O)NC3=O)c2)CC1,38,test
JAK2_8697621f15,O=c1[nH]ccc2nc(NC3CC3)c3ccc(F)cc3c12,20,test
JAK2_c7558a5e17,Cc1cccc(Nc2sc(-c3cccc(F)c3F)cc2C(N)=O)n1,24,test
JAK2_af3f2ac33a,Nc1n[nH]c2cc(Br)ccc12,11,test
JAK2_3075d88d24,N[C@H]1CCCC[C@H]1Nc1cc2nc[nH]c(=O)c2c(Nc2cccc3cc[nH]c23)n1,29,test
JAK2_da4d3700bb,C[C@H](Nc1nc(Nc2cn(C)cn2)c2ccncc2n1)c1ncc(F)cn1,27,test
JAK2_ea5f279bb0,CCCC(=O)N(C1CC(C)C(C#N)(C#N)C1(C#N)C#N)N(C)C,23,test
JAK2_cd086afbf1,N[C@H]1CCCC[C@H]1Nc1cc2cc[nH]c(=O)c2c(Nc2cccc3c(Cl)c[nH]c23)n1,30,test
JAK2_24c0a54635,CN1CCN(c2ccc(OC(F)(F)F)c(Nc3nccc(-c4cc5c(n4C)CCNC5=O)n3)c2)CC1,36,test
JAK2_8bb1f44f4a,CCNC(=O)c1cnc(N)c2cc(-c3ccc(N4CCOCC4)cc3)sc12,27,test
JAK2_171dcf4f6c,COc1ccc(-c2cccn3nc(Nc4ccc(C(=O)O)cc4)nc23)cc1,27,test
JAK2_fbddd8d0f0,Cc1ccc(Cl)cc1-c1[nH]c(-c2ccnc(N)n2)cc1C(=O)NC1CCN(C)CC1,30,test
JAK2_2b11517983,C[C@H](Nc1ncc(F)c(Nc2cc(C3CC3)[nH]n2)n1)c1ncc(F)cn1,26,test
JAK2_6c93b9243c,NC(=O)c1cnc(NC2CCCCC2)c2c1[nH]c1cccc(Cl)c12,24,test
JAK2_266ae9304d,O=c1[nH]ccc2nc(NCc3ccncc3)c(-c3ccccc3)cc12,25,test
JAK2_91a12e5b93,FC(F)(F)CN1C/C=C/CCOc2cccc(c2)-c2ccnc(n2)Nc2ccc(OCCN3CCCC3)c(c2)C1,40,test
JAK2_bd9be69539,CCOP(=O)(CCn1cc(-c2ccn3c(-c4ccnc(SC)n4)c(-c4ccc(F)cc4)nc3n2)nn1)OCC,39,test
JAK2_53d90c9291,NC(=O)c1cnc(NC2CCCCC2)c2c1[nH]c1ccccc12,23,test
JAK2_4138d82a33,Cc1cc(Nc2cnc(C#N)c(N[C@@H](C)c3ncc(F)cn3)n2)n[nH]1,25,test
JAK2_f61ca4cf43,NC(=O)c1cnn2cccc2c1NC1CCCC1,18,test
JAK2_f1b54aa680,Nc1nn2cccnc2c1-c1cc(N[C@H]2CCc3ccccc32)ncn1,26,test
JAK2_0b104b3e32,C[C@]1(CO)CCC[C@H]1Nc1c(C(N)=O)cnn2cccc12,21,test
JAK2_35db01c01b,O=c1[nH]cnc2cc(N[C@@H]3CCCNC3)nc(Nc3cccc4cc[nH]c34)c12,28,test
JAK2_af2894c914,[O-][N+]1=c2ccc(Nc3ccccc3)cc2=NC12CCCCC2,22,test
JAK2_28d566642d,C[C@]1(F)CCC[C@H]1Nc1c(C(N)=O)cnn2cccc12,20,test
JAK2_e5e426679c,Nc1n[nH]c2cc(-c3ccccc3)ccc12,16,test
JAK2_cad0757663,C[C@H](Nc1cc(-c2c(N)nn3cccnc23)ncn1)c1ccccc1,25,test
JAK2_9130ed79cb,Cc1cc(Nc2nc(N[C@@H](C)c3ccc(F)cn3)c(C#N)cc2Cl)n[nH]1,26,test
JAK2_f5f8777571,COc1cc(Nc2nc3cccc(-c4ccccn4)c3o2)cc(OC)c1OC,28,test
JAK2_ac2faab9b4,CNCCNC(=O)c1cc(-c2ccnc(N)n2)[nH]c1-c1cc(Cl)ccc1C,27,test
JAK2_91727c62f5,CN(CCOc1cccc(NC2=C(c3c[nH]c4ccccc34)C(=O)NC2=O)c1)c1ccnc(F)c1,35,test
JAK2_645b775a07,Oc1ccc(C2Nc3ccccc3-c3ccnc4[nH]cc2c34)c(F)c1,25,test
JAK2_5ba0b26a20,CCn1cc(-c2cnc3[nH]cc(C(=O)N[C@H](C)C(=O)N4CC(C#N)C4)c3n2)cn1,29,test
JAK2_e84f14e6dd,NC(=O)c1cc(-c2ccnc(N)n2)[nH]c1-c1ccccc1Cl,22,test
JAK2_f7fbe8bb1c,COc1cccc(F)c1C(C[N+](=O)[O-])c1c(N)n(C)c(=O)n(C)c1=O,25,test
JAK2_2155a1b6b6,Nc1n[nH]c2ccc(Br)cc12,11,test
JAK2_57c57b908a,COc1nc(C)cc2c1-c1[nH]c3ccccc3c1CCN2CCc1ccccc1,29,test
JAK2_f59a16ca04,N#Cc1ccc2ncn(-c3ncc4[nH]c(=O)n([C@@H]5CCOc6c(F)cccc65)c4n3)c2c1,32,test
JAK2_33d39d88ec,C[C@H](Nc1nccc(-c2c(-c3ccc(F)cc3)nc3nc(N)ccn23)n1)c1ccccc1,32,test
JAK2_3a72ae39e0,O=c1[nH]ccc2c(Nc3c(Cl)cc(OC(F)(F)F)cc3Cl)nc3ccncc3c12,29,test
JAK2_e1c49205c8,N#CCN1C/C=C/CCOc2cccc(c2)-c2ccnc(n2)Nc2ccc(OCCN3CCCC3)c(c2)C1,38,test
JAK2_5f62e30391,CNC(=O)c1cnc(N)c2cc(-c3ccccc3)sc12,20,test
JAK2_0745eb1ac4,CS(=O)(=O)Nc1ccc(-c2ccnc(Nc3ccc(CN4CCS(=O)(=O)CC4)cc3)n2)cc1,33,test
JAK2_c4e3138137,Cc1cc(Nc2nc(N[C@@H](C)c3ncc(F)cn3)nc(N3CCOCC3)c2Cl)n[nH]1,30,test
JAK2_e50306a9df,O=C(O)c1ccc(Nc2nc3c(-c4cnn(C5CCCCC5)c4)cccn3n2)cc1,30,test
JAK2_d22d2e2cb0,CN(C)[C@H]1CCCN(c2ccc(C(F)(F)F)cc2NC(=O)c2cc(C#Cc3cnc(N)nc3)ccc2F)C1,38,test
JAK2_8d7562cae6,Cc1cccc(Nc2sc(-c3cccc(F)c3)cc2C(N)=O)n1,23,test
JAK2_3bd770708d,CC(Nc1nc(Nc2cn(C)cn2)c2ccc(Cl)nc2n1)c1ncc(F)cn1,28,test
JAK2_4c7527667c,O=c1cc(-c2[nH]c(-c3ccc(O)cc3)nc2-c2ccc(F)cc2)cc[nH]1,26,test
JAK2_2ff148ba0e,C[C@H](N)C(=O)Nc1ccc(-c2ccnc(Nc3ccc(N4CCOCC4)cc3)n2)cc1,31,test
JAK2_e70992e983,CC(C)Nc1ncnc2oc(-c3ccc(OCCN4CCCC4)cc3)c(-c3ccccc3)c12,33,test
JAK2_777ae6093b,CN1CCN(c2ccc(Nc3ncc4ccc(-c5ccccc5N(C)S(C)(=O)=O)n4n3)cc2)CC1,35,test
JAK2_92e1603cc3,CC(=O)Nc1ccc(-c2ccnc(NCCCNC(=O)c3c(Cl)cccc3Cl)n2)cc1,31,test
JAK2_7c83eaf384,Nc1n[nH]c2ccc(-c3ccccc3Cl)cc12,17,test
JAK2_9a8152ce7e,N#Cc1ccc(-c2ccnc(Nc3ccc(N4CCOCC4)cc3)n2)cc1,27,test
JAK2_36f756e547,Cc1cc(Nc2nc(N3CCN(C(=O)Cc4ccccc4F)CC3)nn3cccc23)n[nH]1,32,test
JAK2_08c650d72e,CC(=O)Nc1ccc(-c2cc(C)nc(Nc3ccc(N4CCOCC4)cc3)n2)cc1,30,test
JAK2_41f05c4fc6,Cc1cc(Nc2nc(O[C@@H](C)c3ccc(F)cn3)c(F)c(N3CCOCC3)n2)n[nH]1,30,test
JAK2_a380b37e44,O=C(CCc1cn(Cc2ccc(Cl)cc2)c2ccccc12)Nc1ccc([N+](=O)[O-])cc1,31,test
JAK2_a0a529af44,Nc1cccc(-c2ccnc(Nc3ccc(N4CCOCC4)cc3)n2)c1,26,test
JAK2_7fafbd97b3,CN1C/C=C/CCOc2cccc(c2)-c2ccnc(n2)Nc2ccc(N3CCOCC3)c(c2)C1,34,test
JAK2_bb59505934,COc1cccnc1-c1ccc2cnc(Nc3ccc(C4CCN(CC(N)=O)CC4)cc3)nn12,34,test
JAK2_ebabd2162e,Cn1c(-c2c[nH]nn2)nc(-c2ccc(F)cc2)c1-c1ccncc1,24,test
JAK2_4f6cca3ffb,COc1ccc2cc1-c1ccnc(n1)Nc1ccc(OCCN3CCCC3)c(c1)COCC=CCOC2,37,test
JAK2_f0afeb2563,O=C1NC(=O)C(c2c[nH]c3ccccc23)=C1Nc1cccc(OCCNc2ccnc(F)c2)c1,34,test
JAK2_4d87107920,Fc1cnc2nc1-c1cccc(c1)COCC=CCOCc1cc(ccc1OCCN1CCCC1)N2,36,test
JAK2_4c8ff71131,COc1ccc(-c2ccc3cnc(Nc4ccc(N5CCN(C)CC5)cc4)nn23)cn1,31,test
JAK2_3b0ff69632,COC[C@H](C)Nc1ccnc(-n2cnc3ccc(C#N)cc32)n1,23,test
JAK2_9fa3a7a49a,CC(C)(C)c1cc(NC(=O)CCl)n(-c2ccccc2)n1,20,test
JAK2_c931cd8e42,C[C@H](Nc1ncc(C(N)=O)c2[nH]c3ccc(F)cc3c12)C(C)(C)C,24,test
JAK2_72b18e0e30,CCOc1ccn(-c2ccc(F)cc2)c(=O)c1C(=O)Nc1ccc(Oc2ccnc(N)c2Cl)c(F)c1,36,test
JAK2_75b2a74d8c,C#Cc1ccc(-c2nc(-c3ccc(F)cc3)c(-c3ccnc(SC)n3)[nH]2)cc1,28,test
JAK2_5de2b7a63e,Cc1cccc(Nc2sc(-c3ccccc3F)cc2C(N)=O)n1,23,test
JAK2_071bd53e13,CC(C)(C)c1nc2c3ccc(F)cc3c3c(=O)[nH]ccc3c2[nH]1,23,test
JAK2_130b76deb6,Nc1ncnn2ccc(C(=O)Nc3ccc(NC(=O)Nc4cccc(F)c4)cc3)c12,30,test
JAK2_b49a7e665d,COCCOc1ccc2cc1CN(C)C/C=C/CCOc1cccc(c1)-c1ccnc(n1)N2,33,test
JAK2_25b9be50fa,C[C@H](Nc1ccnc(-n2cnc3ccncc32)n1)c1ccc(Cl)cc1,25,test
JAK2_e41eb8fd4a,Cc1csc2c(Nc3cn(C)cn3)nc(N[C@@H](C)c3ncc(F)cn3)nc12,27,test
JAK2_7888931f4a,NC(=O)c1cnc(NC(C2CC2)C2CC2)c2c1[nH]c1cc(-c3cnc(N)nc3)ccc12,31,test
JAK2_d95b4cdfb1,CNC(=O)c1cnc(N)c2cc(-c3ccc(S(=O)(=O)NC(C)(C)C)cc3)sc12,28,test
JAK2_cf1406226a,CCCCCCN(C(=O)CCl)c1ccccc1,17,test
JAK2_7170569dc6,CCN(CC(F)(F)F)C(=O)C1CCCN(c2cc(-c3c(N)nn4cccnc34)ncn2)C1,32,test
JAK2_45cc532020,Cn1c(-c2cn([C@@H]3[C@@H](O)[C@H](O)[C@@H](CO)O[C@H]3O)nn2)nc(-c2ccc(F)cc2)c1-c1ccncc1,35,test
JAK2_42d4d2b240,CC(C)(C)NS(=O)(=O)c1ccc(-c2cc3c(N)ncc(C(=O)NCCN4CCCCC4)c3s2)cc1,35,test
JAK2_7c29e69302,COc1ccc(-c2cc(N[C@@H](C)c3ccccc3)nc(-n3cnc4ccncc43)n2)cc1OC,34,test
JAK2_c096612cb1,COc1cccc(-c2cccc3nc(Nc4ccc(N5CCN(C)CC5)cc4)nn23)c1,31,test
JAK2_b207202af8,C[C@H](NC(=O)c1c[nH]c2ncc(C3CC3)nc12)C(C)(C)O,21,test
JAK2_3946ef17a2,CC(=O)N1CCN(c2ccc3cc2COCC=CCOCc2cccc(c2)-c2ccnc(n2)N3)CC1,36,test
JAK2_c5ba052617,CS(=O)(=O)c1ccc(-c2cccn3nc(Nc4ccc(N5CCOCC5)cc4)nc23)cc1,32,test
JAK2_6635ff8a33,NC(=O)CN1CCC(c2ccc(Nc3ncc4ccc(-c5cccc6cccnc56)n4n3)cc2)CC1,36,test
