epoch,train_loss,val_size_exact_accuracy,val_size_within_one_accuracy,val_chemo_accuracy,val_combined
1,3.063575,0.244825,0.511787,0.380519,0.45928
2,2.78575,0.262175,0.525428,0.395238,0.473352
3,2.657019,0.2818,0.55295,0.531889,0.544526
4,2.552768,0.298432,0.567668,0.536556,0.555223
5,2.480051,0.27462,0.549958,0.516214,0.53646
6,2.420964,0.329424,0.586694,0.553309,0.57334
7,2.371527,0.327989,0.627259,0.582506,0.609357
8,2.323595,0.352399,0.623429,0.561804,0.598779
9,2.285576,0.351322,0.59866,0.564557,0.585019
10,2.246856,0.370348,0.63372,0.575685,0.610506
11,2.217986,0.376212,0.646404,0.56695,0.614622
12,2.187989,0.378126,0.652627,0.577241,0.622472
13,2.170913,0.399067,0.66184,0.627378,0.648056
14,2.142856,0.392725,0.646404,0.610985,0.632236
15,2.133726,0.388297,0.6549,0.615771,0.639249
16,2.11099,0.377887,0.662917,0.62319,0.647026
17,2.099242,0.398349,0.660165,0.627857,0.647242
18,2.091182,0.409238,0.670695,0.625583,0.65265
19,2.067319,0.414503,0.681225,0.613378,0.654086
20,2.063037,0.400742,0.659328,0.635036,0.649611
21,2.055086,0.407443,0.681704,0.613378,0.654374
22,2.045054,0.407323,0.673088,0.660045,0.667871
23,2.038307,0.418332,0.677157,0.645208,0.664377
24,2.025098,0.411631,0.669977,0.628934,0.65356
25,2.028672,0.388656,0.677396,0.657293,0.669355
26,2.016816,0.419289,0.683858,0.636233,0.664808
27,2.013031,0.420247,0.67967,0.639823,0.663731
28,1.996451,0.419529,0.672729,0.635994,0.658035
29,1.987543,0.424794,0.685294,0.671054,0.679598
30,1.985299,0.394639,0.683858,0.65131,0.670839
31,1.979222,0.376212,0.668422,0.636472,0.655642
32,1.969121,0.428024,0.685533,0.634678,0.665191
33,1.969061,0.420127,0.680268,0.653345,0.669499
34,1.960648,0.418452,0.67249,0.635156,0.657557
35,1.962385,0.398468,0.686371,0.633122,0.665071
36,1.94501,0.430896,0.685294,0.629652,0.663037
37,1.93688,0.4084,0.674644,0.636472,0.659375
38,1.935571,0.428862,0.688405,0.635395,0.667201
39,1.92729,0.425631,0.693072,0.658131,0.679095
40,1.934035,0.42958,0.695345,0.642814,0.674333
41,1.910741,0.427546,0.685054,0.636353,0.665574
42,1.917274,0.424674,0.684695,0.661242,0.675314
43,1.909495,0.429221,0.703123,0.659208,0.685557
44,1.90889,0.42958,0.691636,0.660883,0.679335
45,1.902722,0.441187,0.69367,0.662439,0.681177
46,1.901248,0.436879,0.688285,0.667704,0.680053
47,1.897595,0.438554,0.694388,0.652627,0.677683
48,1.890614,0.422041,0.693191,0.641259,0.672418
49,1.888657,0.442743,0.703482,0.63037,0.674237
50,1.878664,0.43676,0.707192,0.666268,0.690822
51,1.877854,0.440349,0.70073,0.657293,0.683355
52,1.864898,0.439033,0.691277,0.674764,0.684672
53,1.862218,0.4437,0.711499,0.670935,0.695273
54,1.859764,0.45064,0.713534,0.671533,0.696733
55,1.8529,0.445614,0.706234,0.662798,0.68886
56,1.854587,0.448606,0.704439,0.640182,0.678736
57,1.851707,0.44023,0.696302,0.674644,0.687639
58,1.850561,0.446093,0.707431,0.663276,0.689769
59,1.836676,0.441426,0.71138,0.670695,0.695106
60,1.835229,0.437358,0.703362,0.666746,0.688716
61,1.830288,0.442982,0.701328,0.681345,0.693335
62,1.82547,0.45411,0.711739,0.652866,0.68819
63,1.826082,0.453991,0.718918,0.675601,0.701591
64,1.81642,0.444896,0.692713,0.664952,0.681608
65,1.814641,0.456145,0.706833,0.666986,0.690894
66,1.813553,0.45758,0.724662,0.662678,0.699868
67,1.801944,0.444418,0.703721,0.675003,0.692234
68,1.8012,0.460572,0.715568,0.673806,0.698863
69,1.799499,0.4577,0.712935,0.670336,0.695896
70,1.793464,0.444059,0.705277,0.675003,0.693167
71,1.781931,0.439751,0.711021,0.659208,0.690296
72,1.785917,0.446452,0.712816,0.676319,0.698217
73,1.784752,0.452794,0.706713,0.644011,0.681632
74,1.778316,0.457102,0.719517,0.695944,0.710087
75,1.761441,0.441905,0.715328,0.693431,0.706569
76,1.764499,0.459495,0.716166,0.682781,0.702812
77,1.759801,0.467034,0.725978,0.629771,0.687496
78,1.758853,0.469307,0.729568,0.66914,0.705397
79,1.753436,0.474094,0.730047,0.674644,0.707886
80,1.739448,0.46488,0.723585,0.675841,0.704487
81,1.743761,0.461051,0.729089,0.684097,0.711092
82,1.738353,0.455307,0.716046,0.677755,0.70073
83,1.741942,0.466316,0.728252,0.70085,0.717291
84,1.726087,0.47182,0.732799,0.688166,0.714946
85,1.723071,0.467752,0.712935,0.692114,0.704607
86,1.719459,0.467153,0.723226,0.692952,0.711116
87,1.716303,0.470863,0.734594,0.675841,0.711092
88,1.711252,0.469905,0.722269,0.700012,0.713366
89,1.708897,0.475051,0.727175,0.683858,0.709848
90,1.704201,0.459136,0.722867,0.664952,0.699701
91,1.704666,0.473256,0.727055,0.69379,0.713749
92,1.696169,0.476128,0.735551,0.690918,0.717698
93,1.697097,0.473136,0.730645,0.684097,0.712026
94,1.694472,0.433529,0.717243,0.690678,0.706617
95,1.686405,0.476965,0.733995,0.684815,0.714323
96,1.681993,0.474931,0.738064,0.705277,0.724949
97,1.675463,0.482829,0.741055,0.683738,0.718129
98,1.677951,0.481034,0.741654,0.70408,0.726624
99,1.67277,0.485222,0.734713,0.694388,0.718583
100,1.670234,0.48235,0.742611,0.703123,0.726816
101,1.66272,0.486419,0.738064,0.706952,0.725619
102,1.65858,0.479359,0.725739,0.671054,0.703865
103,1.65057,0.470863,0.738064,0.690319,0.718966
104,1.647384,0.479598,0.74309,0.70767,0.728922
105,1.646788,0.481871,0.741055,0.676439,0.715209
106,1.647578,0.483906,0.743209,0.695226,0.724016
107,1.647206,0.488812,0.743449,0.707551,0.729089
108,1.636124,0.482709,0.738662,0.678353,0.714539
109,1.635863,0.476487,0.73256,0.70085,0.719876
110,1.629854,0.494316,0.751585,0.716166,0.737418
111,1.629067,0.488453,0.738423,0.699773,0.722963
112,1.622104,0.488333,0.749671,0.71126,0.734307
113,1.617888,0.488333,0.742731,0.708508,0.729042
114,1.61131,0.486778,0.742013,0.694388,0.722963
115,1.611781,0.487137,0.739021,0.690319,0.719541
116,1.611719,0.480077,0.745602,0.721551,0.735982
117,1.607614,0.504607,0.761637,0.705995,0.73938
118,1.597896,0.466555,0.731842,0.705516,0.721311
119,1.600109,0.490128,0.758526,0.719756,0.743018
120,1.601661,0.498983,0.762235,0.702525,0.738351
121,1.580181,0.490008,0.754816,0.721192,0.741367
122,1.585558,0.494555,0.754936,0.719038,0.740577
123,1.582714,0.496829,0.74656,0.716286,0.73445
124,1.576955,0.493838,0.754098,0.727773,0.743568
125,1.584026,0.477923,0.734354,0.674046,0.710231
126,1.576096,0.486299,0.745243,0.716166,0.733613
127,1.57728,0.502573,0.752184,0.708747,0.734809
128,1.565951,0.493718,0.752902,0.697499,0.730741
129,1.568902,0.50365,0.756372,0.728132,0.745076
130,1.561217,0.50365,0.753859,0.71126,0.736819
131,1.54987,0.505086,0.756492,0.724303,0.743616
132,1.555063,0.505205,0.756851,0.708628,0.737561
133,1.562096,0.500419,0.766902,0.717482,0.747134
134,1.548299,0.490726,0.753021,0.703362,0.733158
135,1.54607,0.508316,0.759363,0.706833,0.738351
136,1.546121,0.497427,0.754098,0.70061,0.732703
137,1.545912,0.504607,0.763671,0.725141,0.748259
138,1.536922,0.500897,0.758406,0.707311,0.737968
139,1.527558,0.506043,0.761757,0.716645,0.743712
140,1.535102,0.506402,0.75709,0.725141,0.74431
141,1.534489,0.506641,0.762355,0.696661,0.736078
142,1.524348,0.504727,0.764509,0.723824,0.748235
143,1.522828,0.509752,0.765945,0.72538,0.749719
144,1.517986,0.509513,0.762235,0.730406,0.749503
145,1.516898,0.503171,0.766782,0.699414,0.739835
146,1.516481,0.515616,0.768817,0.722029,0.750102
147,1.50791,0.511547,0.764269,0.716286,0.745076
148,1.502667,0.512744,0.764389,0.712337,0.743568
149,1.50747,0.506641,0.759483,0.727893,0.746847
150,1.499725,0.512385,0.765945,0.698337,0.738902
151,1.494793,0.51406,0.7675,0.72179,0.749216
152,1.496356,0.519086,0.769535,0.72167,0.750389
153,1.483602,0.51071,0.764269,0.725021,0.74857
154,1.488794,0.503291,0.765346,0.729927,0.751179
155,1.486372,0.512146,0.773244,0.736269,0.758454
156,1.480243,0.511188,0.768458,0.720474,0.749264
157,1.479009,0.515376,0.775278,0.725859,0.75551
158,1.476801,0.516812,0.764748,0.72873,0.750341
159,1.476677,0.504487,0.764868,0.722029,0.747732
160,1.466639,0.514299,0.760201,0.729688,0.747996
161,1.475424,0.52459,0.770252,0.711619,0.746799
162,1.468434,0.517052,0.768817,0.717722,0.748379
163,1.464447,0.493239,0.762235,0.738782,0.752854
164,1.465179,0.508197,0.773244,0.730645,0.756204
165,1.45867,0.501855,0.766423,0.728012,0.751059
166,1.458628,0.508436,0.765346,0.725021,0.749216
167,1.455603,0.528778,0.778629,0.722987,0.756372
168,1.46223,0.511667,0.765227,0.733517,0.752543
169,1.447353,0.518368,0.769176,0.727175,0.752375
170,1.440568,0.515735,0.769654,0.729209,0.753476
171,1.448428,0.522556,0.775757,0.734354,0.759196
172,1.437126,0.515975,0.762834,0.71114,0.742156
173,1.439912,0.519325,0.77468,0.722269,0.753715
174,1.432508,0.517171,0.769176,0.72526,0.751609
175,1.426403,0.518248,0.770252,0.730884,0.754505
176,1.434749,0.516453,0.763193,0.730166,0.749982
177,1.426218,0.522077,0.771688,0.740457,0.759196
178,1.435353,0.522795,0.778629,0.737944,0.762355
179,1.42438,0.52818,0.770611,0.733876,0.755917
180,1.426435,0.519445,0.775877,0.726577,0.756157
181,1.412044,0.519445,0.77468,0.712217,0.749695
182,1.418722,0.519325,0.77097,0.730765,0.754888
183,1.412023,0.533325,0.781261,0.736389,0.763312
184,1.413554,0.525906,0.776953,0.733995,0.75977
185,1.411156,0.516094,0.772765,0.739141,0.759316
186,1.40399,0.522317,0.775757,0.741773,0.762163
187,1.409044,0.527223,0.775637,0.731961,0.758167
188,1.402488,0.537513,0.785449,0.736628,0.765921
189,1.407001,0.518607,0.772167,0.72873,0.754792
190,1.401174,0.536197,0.777911,0.711499,0.751346
191,1.401,0.524231,0.777791,0.738901,0.762235
192,1.398151,0.532847,0.777432,0.719038,0.754074
193,1.402248,0.512863,0.771808,0.747397,0.762044
194,1.395267,0.53177,0.78521,0.725978,0.761517
195,1.398661,0.518129,0.777432,0.731722,0.759148
196,1.3922,0.531052,0.774441,0.739859,0.760608
197,1.393044,0.537992,0.784492,0.745124,0.768745
198,1.386403,0.534881,0.785569,0.72885,0.762881
199,1.39147,0.530334,0.782936,0.728611,0.761206
200,1.381689,0.530932,0.781381,0.736508,0.763432
201,1.384374,0.529257,0.781381,0.738423,0.764198
202,1.379437,0.530573,0.78162,0.743808,0.766495
203,1.37333,0.527582,0.777073,0.73591,0.760608
204,1.375044,0.535599,0.779586,0.731842,0.760488
205,1.37409,0.532129,0.782936,0.72897,0.76135
206,1.366158,0.535958,0.780424,0.724542,0.758071
207,1.370224,0.535958,0.784851,0.740816,0.767237
208,1.371036,0.526385,0.781022,0.74991,0.768577
209,1.359911,0.533325,0.779586,0.738064,0.762977
210,1.364921,0.530214,0.784731,0.74309,0.768075
211,1.359386,0.54242,0.784731,0.742491,0.767835
212,1.353333,0.518607,0.778748,0.744885,0.765203
213,1.353283,0.522915,0.771569,0.736269,0.757449
214,1.356402,0.516573,0.769654,0.730884,0.754146
215,1.354199,0.53512,0.777193,0.710183,0.750389
216,1.352068,0.531052,0.783774,0.742731,0.767357
217,1.361728,0.526385,0.777791,0.738543,0.762092
218,1.353196,0.530095,0.776714,0.741295,0.762546
219,1.34433,0.532847,0.78174,0.745842,0.767381
220,1.340288,0.526265,0.779706,0.730406,0.759986
221,1.345371,0.529257,0.7748,0.72885,0.75642
222,1.343746,0.539308,0.784372,0.745842,0.76896
223,1.336715,0.521,0.772167,0.745961,0.761685
224,1.336376,0.534522,0.773483,0.742013,0.760895
225,1.338666,0.539069,0.781022,0.742731,0.765705
226,1.342322,0.540625,0.782936,0.747996,0.76896
227,1.33464,0.535479,0.779825,0.742013,0.7647
228,1.335766,0.530813,0.777671,0.734713,0.760488
229,1.337577,0.544813,0.787484,0.740337,0.768625
230,1.325526,0.537872,0.777552,0.741055,0.762953
231,1.321708,0.541702,0.785808,0.748953,0.771066
232,1.327217,0.542061,0.786526,0.734235,0.76561
233,1.32246,0.53883,0.786766,0.748833,0.771593
234,1.326267,0.54912,0.791672,0.743927,0.772574
235,1.327578,0.533565,0.780304,0.753141,0.769439
236,1.318824,0.532966,0.777791,0.747876,0.765825
237,1.317864,0.527821,0.781381,0.731004,0.76123
238,1.319557,0.538949,0.785569,0.759363,0.775087
239,1.317766,0.522197,0.772167,0.738303,0.758622
240,1.316418,0.529377,0.776834,0.747876,0.765251
241,1.315862,0.542778,0.789637,0.755295,0.7759
242,1.311879,0.542539,0.785808,0.744286,0.769199
243,1.305728,0.538351,0.786885,0.748833,0.771664
244,1.310337,0.525547,0.774321,0.748115,0.763839
245,1.303505,0.538231,0.783415,0.750748,0.770348
246,1.30664,0.530095,0.783415,0.744885,0.768003
247,1.310297,0.537753,0.784253,0.752782,0.771664
248,1.305849,0.535838,0.782099,0.752184,0.770133
249,1.302027,0.539428,0.78186,0.741773,0.765825
250,1.299981,0.545291,0.790116,0.75003,0.774082
251,1.306604,0.551873,0.794903,0.753261,0.778246
252,1.294456,0.538112,0.785808,0.764389,0.777241
253,1.301248,0.547326,0.790355,0.7535,0.775613
254,1.297228,0.53524,0.777432,0.7395,0.762259
255,1.29502,0.530932,0.784372,0.752184,0.771497
256,1.293471,0.54218,0.785449,0.75015,0.771329
257,1.292935,0.537035,0.784492,0.749551,0.770516
258,1.290927,0.534881,0.787962,0.736748,0.767476
259,1.295069,0.550796,0.791193,0.761398,0.779275
260,1.284712,0.541343,0.784253,0.727653,0.761613
261,1.290684,0.53512,0.777671,0.745124,0.764652
262,1.288893,0.535838,0.791193,0.758765,0.778222
263,1.284796,0.551753,0.78509,0.736987,0.765849
264,1.286288,0.53883,0.78533,0.755056,0.77322
265,1.279826,0.540266,0.783774,0.75015,0.770324
266,1.286682,0.541223,0.789039,0.753859,0.774967
267,1.278262,0.52483,0.784492,0.75015,0.770755
268,1.279371,0.537753,0.782817,0.754218,0.771377
269,1.282555,0.531052,0.779825,0.758526,0.771305
270,1.283792,0.534881,0.784971,0.756851,0.773723
271,1.279545,0.53536,0.783415,0.754218,0.771736
272,1.265544,0.537513,0.785808,0.755893,0.773842
273,1.27447,0.548762,0.791911,0.751107,0.775589
274,1.267817,0.542539,0.784612,0.746919,0.769535
275,1.266279,0.54565,0.788082,0.763671,0.778318
276,1.263961,0.547326,0.788321,0.747876,0.772143
277,1.263979,0.54242,0.784253,0.758047,0.77377
278,1.263089,0.545291,0.786885,0.754218,0.773818
279,1.269699,0.548044,0.789278,0.755774,0.775877
280,1.266124,0.54589,0.784731,0.754098,0.772478
281,1.26241,0.540385,0.782577,0.760919,0.773914
282,1.261254,0.53883,0.781022,0.757927,0.771784
283,1.26062,0.542778,0.791791,0.758885,0.778629
284,1.25673,0.535479,0.782936,0.755056,0.771784
285,1.263423,0.540266,0.787603,0.753979,0.774153
286,1.259403,0.535958,0.783535,0.756731,0.772813
287,1.25466,0.546488,0.788321,0.729927,0.764964
288,1.256438,0.546129,0.786287,0.767141,0.778629
289,1.25307,0.539907,0.784372,0.743927,0.768194
290,1.255031,0.544813,0.785928,0.759483,0.77535
291,1.25202,0.554864,0.791791,0.76403,0.780687
292,1.250944,0.522436,0.780663,0.746679,0.76707
293,1.251221,0.552232,0.790954,0.752184,0.775446
294,1.244541,0.543018,0.786885,0.749192,0.771808
295,1.253522,0.542778,0.784013,0.745722,0.768697
296,1.252477,0.55295,0.792629,0.757688,0.778653
297,1.244006,0.544573,0.783176,0.761876,0.774656
298,1.24904,0.532966,0.779586,0.752303,0.768673
299,1.245578,0.548403,0.790714,0.762834,0.779562
300,1.240784,0.553907,0.790595,0.758885,0.777911
301,1.243015,0.541223,0.78509,0.751825,0.771784
302,1.24032,0.549958,0.791193,0.745602,0.772957
303,1.248082,0.52459,0.780424,0.751466,0.76884
304,1.236689,0.546608,0.794903,0.761996,0.78174
305,1.237784,0.54577,0.788919,0.756013,0.775757
306,1.229884,0.547086,0.785569,0.745722,0.76963
307,1.245062,0.537753,0.788082,0.763552,0.77827
308,1.237793,0.551633,0.794663,0.75709,0.779634
309,1.233044,0.548403,0.783415,0.757568,0.773076
310,1.233305,0.553668,0.789757,0.768817,0.781381
311,1.237099,0.554984,0.794903,0.758765,0.780448
312,1.231978,0.547565,0.785689,0.75015,0.771473
313,1.222071,0.546009,0.789278,0.756851,0.776307
314,1.235443,0.547924,0.784731,0.761517,0.775446
315,1.228541,0.55295,0.786287,0.75697,0.77456
316,1.230207,0.551753,0.788561,0.757329,0.776068
317,1.229836,0.544573,0.789518,0.755534,0.775924
318,1.23103,0.544214,0.78509,0.756492,0.773651
319,1.219487,0.550317,0.788202,0.763312,0.778246
320,1.22746,0.548283,0.792629,0.760201,0.779658
321,1.229848,0.556898,0.789278,0.765227,0.779658
322,1.219966,0.541941,0.793945,0.752543,0.777384
323,1.21916,0.551873,0.789877,0.75709,0.776762
324,1.219876,0.54912,0.787005,0.770611,0.780448
325,1.21742,0.551394,0.789159,0.765346,0.779634
326,1.21329,0.548881,0.793586,0.765466,0.782338
327,1.220336,0.553668,0.794185,0.761278,0.781022
328,1.215966,0.556659,0.792749,0.765466,0.781836
329,1.217324,0.539069,0.782817,0.754098,0.771329
330,1.214405,0.539787,0.781261,0.752184,0.76963
331,1.217324,0.546368,0.783056,0.755295,0.771952
332,1.212855,0.552591,0.789996,0.755893,0.776355
333,1.209358,0.543975,0.784851,0.752303,0.771832
334,1.211316,0.561924,0.793706,0.765825,0.782554
335,1.200457,0.543616,0.790355,0.770492,0.78241
336,1.216367,0.546488,0.790355,0.75697,0.777001
337,1.208822,0.55642,0.797655,0.759124,0.782242
338,1.207181,0.560369,0.797894,0.768697,0.786215
339,1.206402,0.534043,0.777073,0.742013,0.763049
340,1.202659,0.552591,0.795142,0.760321,0.781213
341,1.207476,0.562403,0.794663,0.759124,0.780448
342,1.203578,0.554984,0.791193,0.750389,0.774871
343,1.202321,0.560488,0.794065,0.751107,0.776882
344,1.200041,0.539308,0.78533,0.771808,0.779921
345,1.198763,0.550078,0.785928,0.763552,0.776977
346,1.202218,0.544334,0.789877,0.748953,0.773507
347,1.205914,0.554745,0.789159,0.766663,0.78016
348,1.1995,0.55642,0.793108,0.760799,0.780184
349,1.19031,0.557856,0.79239,0.765705,0.781716
350,1.198507,0.551394,0.787484,0.771449,0.78107
351,1.197545,0.544573,0.782577,0.766064,0.775972
352,1.190733,0.548762,0.789398,0.761398,0.778198
353,1.19438,0.552112,0.788321,0.76044,0.777169
354,1.198351,0.546847,0.790595,0.756013,0.776762
355,1.193565,0.555343,0.796219,0.759962,0.781716
356,1.196868,0.557616,0.785928,0.762834,0.77669
357,1.191637,0.563719,0.798492,0.766304,0.785617
358,1.184672,0.542659,0.789518,0.763312,0.779036
359,1.19037,0.557616,0.794065,0.763073,0.781668
360,1.18572,0.55295,0.794783,0.766064,0.783295
361,1.188101,0.558334,0.792629,0.759603,0.779418
362,1.186494,0.546488,0.793945,0.762953,0.781548
363,1.184571,0.552112,0.790116,0.766543,0.780687
364,1.183994,0.554386,0.788561,0.76391,0.7787
365,1.184772,0.55283,0.789877,0.756013,0.776331
366,1.187914,0.555343,0.792031,0.762235,0.780112
367,1.179509,0.546608,0.790595,0.758286,0.777671
368,1.174022,0.557736,0.793347,0.761757,0.780711
369,1.181116,0.558813,0.79215,0.747397,0.774249
370,1.182255,0.543975,0.78521,0.760321,0.775254
371,1.18502,0.5563,0.793826,0.761996,0.781094
372,1.182876,0.553907,0.788561,0.764628,0.778988
373,1.185494,0.557616,0.794065,0.759722,0.780328
374,1.174756,0.542778,0.787364,0.757688,0.775494
375,1.176467,0.563121,0.796817,0.766064,0.784516
376,1.16675,0.558693,0.79574,0.769176,0.785114
377,1.179029,0.552232,0.791552,0.767859,0.782075
378,1.172917,0.547565,0.786766,0.763552,0.77748
379,1.170262,0.553428,0.794903,0.762116,0.781788
380,1.171912,0.56001,0.790236,0.762834,0.779275
381,1.170956,0.558095,0.795501,0.759004,0.780902
382,1.170031,0.544932,0.784133,0.76056,0.774704
383,1.164051,0.545052,0.786167,0.758645,0.775159
384,1.170873,0.553428,0.796697,0.76068,0.78229
385,1.173678,0.549958,0.788321,0.763073,0.778222
386,1.161486,0.553189,0.792509,0.759842,0.779442
387,1.173682,0.554266,0.791552,0.753261,0.776235
388,1.162866,0.563121,0.793826,0.763432,0.781668
389,1.163961,0.559411,0.786885,0.771449,0.780711
390,1.170304,0.561445,0.793945,0.759004,0.779969
391,1.161501,0.554146,0.789398,0.767381,0.780591
392,1.167009,0.555223,0.792031,0.748953,0.7748
393,1.167465,0.56336,0.798133,0.754816,0.780807
394,1.169784,0.556898,0.793108,0.763791,0.781381
395,1.162292,0.55642,0.789996,0.763671,0.779466
396,1.169239,0.559411,0.792629,0.759603,0.779418
397,1.164414,0.552351,0.786646,0.761637,0.776642
398,1.156431,0.563001,0.79574,0.763791,0.78296
399,1.155844,0.550317,0.790595,0.748235,0.773651
400,1.157236,0.554386,0.790475,0.771329,0.782817
401,1.161036,0.560728,0.797296,0.761039,0.782793
402,1.160542,0.541343,0.785808,0.759483,0.775278
403,1.158263,0.560369,0.792509,0.761039,0.779921
404,1.150473,0.556898,0.784013,0.756252,0.772909
405,1.159153,0.556898,0.793586,0.751944,0.77693
406,1.156686,0.554864,0.784372,0.752064,0.771449
407,1.15835,0.551873,0.786048,0.765227,0.777719
408,1.157697,0.553787,0.790355,0.764389,0.779969
409,1.150861,0.561445,0.79215,0.7535,0.77669
410,1.150949,0.56001,0.791432,0.761996,0.779658
411,1.152096,0.565634,0.789518,0.752782,0.774823
412,1.150237,0.561924,0.79215,0.756731,0.777983
413,1.151927,0.559411,0.791672,0.761876,0.779753
414,1.149858,0.566471,0.79239,0.759124,0.779083
415,1.154114,0.55271,0.791073,0.754098,0.776283
416,1.14619,0.560369,0.792868,0.762355,0.780663
417,1.140537,0.561087,0.793108,0.755534,0.778078
418,1.142804,0.553309,0.789757,0.756133,0.776307
419,1.14691,0.543616,0.783415,0.75003,0.770061
420,1.144363,0.556659,0.791073,0.767979,0.781836
421,1.141607,0.5563,0.788561,0.764269,0.778844
422,1.14162,0.56324,0.791672,0.763791,0.780519
423,1.14401,0.558215,0.794663,0.75697,0.779586
424,1.139768,0.553668,0.789039,0.751825,0.774153
425,1.143591,0.566352,0.79586,0.764628,0.783367
426,1.138775,0.536197,0.771808,0.767381,0.770037
427,1.141766,0.568984,0.793227,0.761876,0.780687
428,1.139932,0.564198,0.794065,0.767022,0.783248
429,1.139116,0.565275,0.794065,0.754218,0.778126
430,1.140061,0.55283,0.785569,0.762475,0.776331
431,1.130936,0.556061,0.790355,0.753739,0.775709
432,1.13539,0.560488,0.790475,0.757568,0.777312
433,1.128766,0.547445,0.789757,0.764269,0.779562
434,1.134357,0.560369,0.794065,0.753739,0.777935
435,1.132049,0.558933,0.789637,0.7535,0.775182
436,1.132968,0.554505,0.79215,0.76762,0.782338
437,1.132598,0.564676,0.794544,0.761637,0.781381
438,1.137295,0.560728,0.790714,0.758885,0.777983
439,1.138141,0.553309,0.786885,0.766184,0.778605
440,1.132868,0.560608,0.790714,0.763073,0.779658
441,1.123538,0.552471,0.782817,0.764868,0.775637
442,1.129522,0.55618,0.794663,0.759603,0.780639
443,1.133606,0.551155,0.787843,0.761039,0.777121
444,1.135612,0.562163,0.79586,0.758286,0.78083
445,1.13069,0.553309,0.78533,0.763791,0.776714
446,1.135742,0.554745,0.787005,0.761996,0.777001
447,1.134949,0.567429,0.793826,0.762235,0.781189
448,1.131027,0.556779,0.787484,0.761757,0.777193
449,1.121317,0.555582,0.790954,0.761039,0.778988
450,1.1275,0.565275,0.794783,0.762475,0.78186
451,1.126857,0.552351,0.788441,0.757808,0.776188
452,1.125693,0.554266,0.783535,0.76068,0.774393
453,1.123302,0.557497,0.787843,0.768697,0.780184
454,1.121764,0.559052,0.790475,0.766663,0.78095
455,1.119687,0.562044,0.791672,0.758406,0.778365
456,1.123455,0.558813,0.794424,0.755774,0.778964
457,1.120031,0.551514,0.784731,0.759962,0.774824
458,1.119151,0.54936,0.787125,0.754816,0.774201
459,1.120488,0.562642,0.786766,0.762953,0.777241
460,1.121918,0.553907,0.7888,0.759363,0.777025
461,1.122999,0.565155,0.794185,0.759124,0.78016
462,1.117625,0.558334,0.791791,0.765346,0.781213
463,1.120062,0.557377,0.789278,0.759722,0.777456
464,1.117691,0.557975,0.787364,0.762594,0.777456
465,1.117897,0.562762,0.792629,0.758526,0.778988
466,1.113193,0.561087,0.794185,0.756252,0.779012
467,1.112156,0.565514,0.797056,0.75721,0.781118
468,1.120103,0.561804,0.793227,0.757329,0.778868
469,1.113663,0.565873,0.797415,0.76415,0.784109
470,1.116479,0.561087,0.795381,0.756492,0.779825
471,1.117664,0.565873,0.791432,0.758047,0.778078
472,1.119237,0.564676,0.789278,0.766184,0.780041
473,1.115379,0.555582,0.786526,0.755654,0.774177
474,1.114705,0.56001,0.795142,0.764389,0.782841
475,1.106607,0.562283,0.793347,0.754936,0.777983
476,1.116185,0.568505,0.796697,0.755654,0.78028
477,1.113374,0.563599,0.791073,0.75721,0.777528
478,1.112057,0.54936,0.794903,0.767979,0.784133
479,1.106556,0.55642,0.784372,0.761876,0.775374
480,1.112366,0.562403,0.787603,0.754936,0.774536
481,1.105365,0.560369,0.787723,0.76068,0.776906
482,1.101911,0.566591,0.801125,0.762475,0.785665
483,1.107133,0.555941,0.788321,0.759842,0.77693
484,1.109538,0.569223,0.795142,0.766064,0.783511
485,1.099358,0.565394,0.794783,0.772047,0.785689
486,1.107179,0.560608,0.794185,0.761996,0.781309
487,1.104819,0.574608,0.801723,0.766663,0.787699
488,1.108374,0.554625,0.789518,0.766782,0.780424
489,1.104986,0.561565,0.791073,0.760321,0.778772
490,1.107694,0.573292,0.797535,0.751585,0.779155
491,1.102045,0.57401,0.798373,0.758765,0.78253
492,1.101776,0.562403,0.790714,0.763432,0.779801
493,1.102278,0.56324,0.79227,0.756252,0.777863
494,1.10131,0.561565,0.790116,0.762355,0.779012
495,1.098426,0.55977,0.7888,0.756372,0.775829
496,1.094256,0.546129,0.783295,0.770611,0.778222
497,1.097585,0.561206,0.796219,0.769415,0.785497
498,1.102539,0.562163,0.79574,0.762235,0.782338
499,1.098308,0.566471,0.79574,0.764628,0.783295
500,1.100116,0.567907,0.797296,0.757927,0.781548
501,1.099502,0.565514,0.796817,0.757688,0.781166
502,1.102236,0.559292,0.790475,0.763312,0.77961
503,1.098118,0.554505,0.790834,0.753979,0.776092
504,1.100286,0.555343,0.789159,0.765825,0.779825
505,1.095218,0.559411,0.791672,0.764269,0.780711
506,1.093042,0.563958,0.795022,0.76762,0.784061
507,1.092796,0.558454,0.787962,0.761876,0.777528
508,1.092208,0.564317,0.794065,0.756611,0.779083
509,1.092557,0.57042,0.797415,0.758885,0.782003
510,1.095079,0.557856,0.792749,0.761996,0.780448
511,1.094639,0.566591,0.796099,0.759244,0.781357
512,1.10044,0.565275,0.789398,0.757449,0.776618
513,1.093927,0.561087,0.790714,0.761398,0.778988
514,1.092964,0.564437,0.794185,0.75709,0.779347
515,1.089727,0.567668,0.791552,0.772047,0.78375
516,1.094684,0.562642,0.791313,0.771449,0.783367
517,1.088,0.558095,0.789159,0.767141,0.780352
518,1.097767,0.563839,0.79562,0.760919,0.78174
519,1.089767,0.565275,0.793347,0.766184,0.782482
520,1.088711,0.569582,0.796697,0.76415,0.783678
521,1.090212,0.564078,0.79227,0.76391,0.780926
522,1.090453,0.567668,0.79215,0.76774,0.782386
523,1.087101,0.548044,0.786287,0.760799,0.776092
524,1.092378,0.571377,0.800168,0.762235,0.784995
525,1.087556,0.56336,0.796817,0.764269,0.783798
526,1.090197,0.566591,0.795022,0.7535,0.778413
527,1.089285,0.570061,0.795142,0.769774,0.784995
528,1.082397,0.568745,0.793108,0.761278,0.780376
529,1.092535,0.562044,0.794903,0.756492,0.779538
530,1.084197,0.564078,0.794783,0.768338,0.784205
531,1.079142,0.57401,0.79933,0.772526,0.788608
532,1.079267,0.558454,0.78868,0.756252,0.775709
533,1.082994,0.566591,0.794544,0.763671,0.782195
534,1.083271,0.555821,0.791791,0.763552,0.780495
535,1.080082,0.565634,0.794903,0.760799,0.781261
536,1.080884,0.564676,0.790954,0.763671,0.780041
537,1.082239,0.562403,0.791672,0.762355,0.779945
538,1.074696,0.569941,0.793945,0.763791,0.781883
539,1.086979,0.562762,0.794065,0.764628,0.78229
540,1.081585,0.560369,0.794304,0.764868,0.78253
541,1.08028,0.558813,0.79239,0.765586,0.781668
542,1.075212,0.558454,0.789518,0.764509,0.779514
543,1.075569,0.569702,0.794424,0.743808,0.774177
544,1.077266,0.565275,0.797176,0.764509,0.784109
545,1.077299,0.564078,0.794185,0.760201,0.780591
546,1.079973,0.557736,0.786287,0.772406,0.780735
547,1.067484,0.572813,0.795979,0.774441,0.787364
548,1.070453,0.556659,0.790954,0.769295,0.78229
549,1.077589,0.564916,0.794663,0.77097,0.785186
550,1.070074,0.567429,0.79574,0.774321,0.787172
551,1.071066,0.565394,0.79574,0.765586,0.783678
552,1.072318,0.560369,0.790595,0.766064,0.780783
553,1.07651,0.571377,0.797415,0.763671,0.783918
554,1.066726,0.563599,0.790475,0.761517,0.778892
555,1.072379,0.565155,0.794663,0.763671,0.782266
556,1.071143,0.557018,0.793347,0.765227,0.782099
557,1.071269,0.565394,0.802441,0.76415,0.787125
558,1.069742,0.568864,0.797894,0.77109,0.787172
559,1.068145,0.575446,0.802561,0.761039,0.785952
560,1.065059,0.565394,0.792868,0.760201,0.779801
561,1.06551,0.569702,0.794304,0.767979,0.783774
562,1.074751,0.566711,0.796578,0.761637,0.782601
563,1.069434,0.570779,0.798014,0.765825,0.785138
564,1.069193,0.575087,0.801484,0.767979,0.788082
565,1.066524,0.571138,0.798851,0.758645,0.782769
566,1.065128,0.564796,0.795501,0.766184,0.783774
567,1.067591,0.573292,0.79933,0.766064,0.786024
568,1.065826,0.570899,0.796578,0.769415,0.785713
569,1.0709,0.554266,0.787843,0.756133,0.775159
570,1.058729,0.568984,0.799689,0.769774,0.787723
571,1.057342,0.568745,0.798373,0.761039,0.783439
572,1.061538,0.569463,0.795261,0.766543,0.783774
573,1.069252,0.569941,0.79562,0.756372,0.779921
574,1.058966,0.566711,0.800407,0.755175,0.782314
575,1.059316,0.565035,0.798971,0.762116,0.784229
576,1.060622,0.569702,0.801364,0.76391,0.786383
577,1.06446,0.562522,0.796817,0.766184,0.784564
578,1.062113,0.565514,0.802441,0.769774,0.789374
579,1.063982,0.569463,0.800168,0.763552,0.785521
580,1.055556,0.560249,0.793347,0.762594,0.781046
581,1.060486,0.572574,0.794783,0.76068,0.781142
582,1.05993,0.567787,0.799689,0.766184,0.786287
583,1.062077,0.58083,0.802202,0.765346,0.78746
584,1.063936,0.567429,0.795022,0.752184,0.777887
585,1.058408,0.572454,0.800168,0.761278,0.784612
586,1.058024,0.564557,0.796458,0.769415,0.785641
587,1.060078,0.567668,0.797056,0.766064,0.78466
588,1.060523,0.570779,0.798253,0.768577,0.786383
589,1.056226,0.57377,0.801125,0.763193,0.785952
590,1.054292,0.562403,0.797176,0.763791,0.783822
591,1.062503,0.569941,0.797056,0.763671,0.783702
592,1.057929,0.573531,0.802441,0.767859,0.788608
593,1.058958,0.578437,0.801723,0.760321,0.785162
594,1.058214,0.563839,0.793706,0.762834,0.781357
595,1.055842,0.574608,0.799689,0.767261,0.786718
596,1.059583,0.552591,0.787723,0.771329,0.781165
597,1.052066,0.579395,0.801364,0.759962,0.784803
598,1.051503,0.565993,0.793945,0.756851,0.779107
599,1.053572,0.570659,0.797296,0.762475,0.783367
600,1.053629,0.559531,0.791552,0.761278,0.779442
601,1.052962,0.564796,0.795022,0.768458,0.784396
602,1.05699,0.578796,0.79945,0.770252,0.787771
603,1.046364,0.57054,0.79945,0.760321,0.783798
604,1.04801,0.56683,0.798253,0.762475,0.783942
605,1.043712,0.567189,0.798492,0.762714,0.784181
606,1.046178,0.567787,0.797056,0.764748,0.784133
607,1.047803,0.550437,0.78521,0.761278,0.775637
608,1.04979,0.567907,0.794424,0.762475,0.781644
609,1.049124,0.571856,0.801244,0.759004,0.784348
610,1.047644,0.566112,0.792988,0.755175,0.777863
611,1.049233,0.567548,0.793586,0.769415,0.783918
612,1.044416,0.575206,0.801005,0.769295,0.788321
613,1.045525,0.572694,0.804715,0.769176,0.790499
614,1.041601,0.567668,0.803518,0.765227,0.788202
615,1.047269,0.57377,0.806629,0.762834,0.789111
616,1.051478,0.572574,0.801125,0.765705,0.786957
617,1.042013,0.56707,0.801962,0.766423,0.787747
618,1.04884,0.570181,0.795979,0.768458,0.784971
619,1.049828,0.563958,0.793945,0.755774,0.778677
620,1.042796,0.574967,0.801723,0.766663,0.787699
621,1.046319,0.565514,0.796697,0.764868,0.783966
622,1.053843,0.574728,0.79933,0.761876,0.784348
623,1.046016,0.564557,0.793826,0.76044,0.780471
624,1.034895,0.563121,0.792509,0.767261,0.78241
625,1.046703,0.565514,0.798851,0.76762,0.786359
626,1.035328,0.566232,0.794903,0.771329,0.785473
627,1.038733,0.56324,0.796697,0.7675,0.785019
628,1.043658,0.565993,0.79574,0.775398,0.787603
629,1.04167,0.567429,0.795979,0.763432,0.78296
630,1.039136,0.559411,0.792031,0.766064,0.781644
631,1.033333,0.572095,0.792509,0.76056,0.77973
632,1.042159,0.569822,0.798014,0.764389,0.784564
633,1.04127,0.574847,0.79574,0.768577,0.784875
634,1.044878,0.56324,0.797176,0.763552,0.783726
635,1.036088,0.571497,0.800287,0.758167,0.783439
636,1.035635,0.575805,0.797535,0.76415,0.784181
637,1.037266,0.560488,0.790954,0.76044,0.778748
638,1.034571,0.57377,0.801364,0.766663,0.787484
639,1.034773,0.570659,0.797415,0.756731,0.781142
640,1.034204,0.574608,0.799809,0.76415,0.785545
641,1.037223,0.571138,0.796458,0.752423,0.778844
642,1.034754,0.576164,0.80292,0.764748,0.787651
643,1.03547,0.564796,0.796219,0.76762,0.784779
644,1.02769,0.562881,0.794783,0.762235,0.781764
645,1.039885,0.576762,0.801125,0.76415,0.786335
646,1.040163,0.574249,0.796219,0.765227,0.783822
647,1.039412,0.569582,0.79562,0.769774,0.785282
648,1.034136,0.571736,0.799809,0.762834,0.785019
649,1.031253,0.56707,0.798971,0.772526,0.788393
650,1.039741,0.57748,0.797535,0.764868,0.784468
651,1.031323,0.564198,0.794424,0.765586,0.782889
652,1.033624,0.573531,0.798612,0.76774,0.786263
653,1.027883,0.566591,0.802321,0.764269,0.787101
654,1.031637,0.56324,0.796099,0.761996,0.782458
655,1.027205,0.57054,0.796937,0.767859,0.785306
656,1.034504,0.555103,0.790236,0.7675,0.781142
657,1.029472,0.568745,0.798373,0.766663,0.785689
658,1.032414,0.573651,0.796458,0.759842,0.781812
659,1.025429,0.560488,0.791791,0.769176,0.782745
660,1.026855,0.581189,0.799569,0.762953,0.784923
661,1.031765,0.579754,0.803638,0.761278,0.786694
662,1.029862,0.567668,0.793227,0.762953,0.781118
663,1.029832,0.565035,0.798253,0.766304,0.785473
664,1.029139,0.565514,0.795261,0.764269,0.782865
665,1.025713,0.574728,0.79215,0.766304,0.781812
666,1.028328,0.568146,0.797056,0.770013,0.786239
667,1.030783,0.567189,0.790236,0.761876,0.778892
668,1.026358,0.564676,0.793586,0.761996,0.78095
669,1.030232,0.568266,0.798971,0.768099,0.786622
670,1.02697,0.574847,0.796219,0.76056,0.781955
671,1.029886,0.578916,0.799091,0.765945,0.785832
672,1.026281,0.577839,0.798732,0.761876,0.783989
673,1.024136,0.56336,0.791193,0.766782,0.781429
674,1.028318,0.575685,0.797774,0.76391,0.784229
675,1.022508,0.575685,0.800885,0.768099,0.787771
676,1.028238,0.564916,0.795022,0.766184,0.783487
677,1.01911,0.568984,0.794065,0.759363,0.780184
678,1.026239,0.562283,0.793586,0.763073,0.781381
679,1.027755,0.562044,0.793706,0.765107,0.782266
680,1.025333,0.570899,0.798971,0.756013,0.781788
681,1.020072,0.572694,0.799928,0.764748,0.785856
682,1.024093,0.582027,0.804236,0.766902,0.789302
683,1.026735,0.570061,0.79921,0.766064,0.785952
684,1.019242,0.565275,0.792988,0.774082,0.785425
685,1.025917,0.582386,0.804356,0.773124,0.791863
686,1.017123,0.572215,0.796099,0.767859,0.784803
687,1.021477,0.574129,0.794663,0.758286,0.780112
688,1.022067,0.574249,0.797894,0.7748,0.788656
689,1.021206,0.574129,0.798612,0.759842,0.783104
690,1.018644,0.558574,0.789996,0.761398,0.778557
691,1.017779,0.561685,0.794304,0.768458,0.783966
692,1.019177,0.568386,0.795501,0.767022,0.784109
693,1.015618,0.568505,0.792868,0.771569,0.784348
694,1.019717,0.567668,0.801244,0.761158,0.78521
695,1.014095,0.563839,0.798014,0.765586,0.785042
696,1.010502,0.569223,0.798253,0.772167,0.787819
697,1.008864,0.574728,0.798612,0.760799,0.783487
698,1.023919,0.566591,0.797296,0.772885,0.787531
699,1.018202,0.567668,0.796697,0.768936,0.785593
700,1.017533,0.563719,0.798014,0.764748,0.784707
701,1.010619,0.574488,0.800407,0.769894,0.788202
702,1.014463,0.564676,0.790355,0.76415,0.779873
703,1.016322,0.57389,0.798253,0.763671,0.78442
704,1.010396,0.565634,0.798133,0.770252,0.786981
705,1.015201,0.576762,0.797894,0.766663,0.785401
706,1.013962,0.571258,0.800766,0.7675,0.78746
707,1.016832,0.560608,0.797415,0.766423,0.785019
708,1.016168,0.572574,0.798971,0.768218,0.78667
709,1.010107,0.575326,0.794903,0.765227,0.783032
710,1.011546,0.57377,0.79933,0.770372,0.787747
711,1.00701,0.571497,0.799928,0.769056,0.787579
712,1.011646,0.573292,0.798732,0.77097,0.787627
713,1.006648,0.569343,0.798732,0.769056,0.786861
714,1.007528,0.571497,0.798253,0.768458,0.786335
715,1.011794,0.569582,0.801005,0.766663,0.787268
716,1.010376,0.576642,0.804715,0.760919,0.787196
717,1.012724,0.574129,0.798971,0.762116,0.784229
718,1.005328,0.569582,0.795979,0.768817,0.785114
719,1.011845,0.568505,0.795142,0.771688,0.78576
720,1.011135,0.578318,0.799928,0.771449,0.788537
721,1.011034,0.572454,0.796937,0.769056,0.785784
722,1.004972,0.572813,0.800407,0.769774,0.788154
723,1.012648,0.564078,0.795261,0.768338,0.784492
724,1.006373,0.573531,0.798133,0.770372,0.787029
725,1.005473,0.569223,0.794424,0.773723,0.786143
726,1.006771,0.568745,0.801125,0.765825,0.787005
727,1.01144,0.574129,0.799809,0.767141,0.786742
728,1.008964,0.573053,0.797655,0.759004,0.782195
729,1.002557,0.575685,0.799928,0.764509,0.78576
730,1.008745,0.568027,0.798373,0.757568,0.782051
731,1.003459,0.575446,0.795381,0.774919,0.787196
732,1.005469,0.571377,0.798014,0.772406,0.787771
733,1.007221,0.577121,0.801484,0.769415,0.788656
734,1.004747,0.565275,0.797176,0.763073,0.783535
735,1.002687,0.581189,0.79945,0.765945,0.786048
736,1.005973,0.580591,0.800885,0.77097,0.788919
737,1.003697,0.573292,0.79562,0.761398,0.781931
738,1.003178,0.570779,0.798373,0.763193,0.784301
739,0.995346,0.577241,0.803398,0.763791,0.787555
740,1.002645,0.575087,0.799091,0.766902,0.786215
741,1.002483,0.578916,0.802202,0.762116,0.786167
742,1.004418,0.574728,0.801843,0.765107,0.787148
743,0.998168,0.571138,0.798133,0.756252,0.781381
744,1.000661,0.579634,0.805552,0.76415,0.788991
745,1.008508,0.562762,0.792629,0.762714,0.780663
746,0.998942,0.568745,0.795261,0.765825,0.783487
747,1.006065,0.578916,0.801603,0.768697,0.788441
748,0.997375,0.572454,0.793467,0.765466,0.782266
749,1.005647,0.558454,0.789039,0.773842,0.78296
750,1.00128,0.578078,0.800885,0.761039,0.784947
751,0.99704,0.571018,0.797296,0.766902,0.785138
752,0.99853,0.569941,0.796937,0.761039,0.782577
753,0.998761,0.578677,0.799809,0.758885,0.783439
754,1.003995,0.574249,0.796099,0.766902,0.78442
755,0.995113,0.573172,0.801125,0.769774,0.788584
756,0.995995,0.571258,0.798373,0.767859,0.786167
757,1.005842,0.573292,0.802082,0.76762,0.788297
758,0.995246,0.577959,0.803877,0.757927,0.785497
759,1.00037,0.579754,0.803159,0.760919,0.786263
760,0.995048,0.578796,0.79945,0.767141,0.786526
761,0.996173,0.574847,0.795142,0.769056,0.784707
762,0.9972,0.560847,0.790714,0.766423,0.780998
763,0.993033,0.570779,0.796817,0.767141,0.784947
764,0.997778,0.574847,0.794663,0.763671,0.782266
765,0.993995,0.574129,0.802561,0.76762,0.788584
766,0.992499,0.569104,0.79574,0.772047,0.786263
767,0.990302,0.574608,0.798253,0.768577,0.786383
768,0.992944,0.575206,0.79574,0.76415,0.783104
769,0.988799,0.573651,0.797535,0.768218,0.785808
770,0.994556,0.584899,0.804236,0.770252,0.790643
771,0.990224,0.567189,0.794424,0.757927,0.779825
772,0.990869,0.575565,0.797296,0.759962,0.782362
773,0.993496,0.576164,0.801125,0.766304,0.787196
774,0.989023,0.569104,0.793227,0.763671,0.781405
775,0.992214,0.58442,0.800168,0.765107,0.786143
776,0.990579,0.567668,0.797894,0.765107,0.784779
777,0.996251,0.567429,0.796219,0.766064,0.784157
778,0.990971,0.577121,0.799928,0.769774,0.787866
779,0.994104,0.579634,0.800048,0.769654,0.78789
780,0.996032,0.578796,0.803398,0.761876,0.78679
781,0.989704,0.5703,0.794185,0.759603,0.780352
782,0.994076,0.572694,0.79921,0.760201,0.783607
783,0.989986,0.572694,0.798373,0.76403,0.784636
784,0.989579,0.575565,0.800048,0.763791,0.785545
785,0.997529,0.57377,0.79586,0.767979,0.784707
786,0.988774,0.56324,0.796458,0.770492,0.786072
787,0.9891,0.56695,0.801364,0.768936,0.788393
788,0.987598,0.570061,0.797894,0.768817,0.786263
789,0.993812,0.562762,0.792629,0.762355,0.780519
790,0.989579,0.565993,0.796099,0.764868,0.783607
791,0.989832,0.5703,0.792988,0.769535,0.783607
792,0.986871,0.574129,0.801244,0.763432,0.786119
793,0.988174,0.574129,0.795142,0.76774,0.784181
794,0.990713,0.571497,0.796219,0.771808,0.786454
795,0.985907,0.577839,0.798851,0.768338,0.786646
796,0.985752,0.578437,0.797774,0.769176,0.786335
797,0.982793,0.567309,0.798373,0.765346,0.785162
798,0.979801,0.565993,0.794544,0.774441,0.786502
799,0.984429,0.573412,0.797894,0.765945,0.785114
800,0.980615,0.568505,0.79933,0.760081,0.78363
801,0.991875,0.574249,0.79574,0.761398,0.782003
802,0.987602,0.575924,0.799091,0.764868,0.785401
803,0.983263,0.573651,0.796937,0.755534,0.780376
804,0.986518,0.583583,0.805074,0.768577,0.790475
805,0.980885,0.557856,0.794065,0.766902,0.7832
806,0.984965,0.573412,0.796219,0.768338,0.785066
807,0.982938,0.57748,0.79921,0.771569,0.788154
808,0.986584,0.579873,0.802561,0.770013,0.789542
809,0.980958,0.58083,0.800407,0.766782,0.786957
810,0.981571,0.58442,0.800646,0.767859,0.787531
811,0.983181,0.575087,0.800048,0.768936,0.787603
812,0.981033,0.568745,0.795979,0.770851,0.785928
813,0.979646,0.572574,0.798253,0.772885,0.788106
814,0.982786,0.567548,0.798133,0.76056,0.783104
815,0.987204,0.575685,0.799928,0.773124,0.789207
816,0.977354,0.574608,0.799809,0.767141,0.786742
817,0.979031,0.574728,0.799569,0.759363,0.783487
818,0.978297,0.578916,0.803757,0.766782,0.788967
819,0.982896,0.569582,0.798492,0.766663,0.78576
820,0.982723,0.574967,0.800885,0.762714,0.785617
821,0.978092,0.570181,0.793108,0.764868,0.781812
822,0.978273,0.579514,0.79586,0.762714,0.782601
823,0.974818,0.578437,0.799928,0.769176,0.787627
824,0.977542,0.56707,0.794903,0.768218,0.784229
825,0.979765,0.567787,0.798373,0.767261,0.785928
826,0.980497,0.578677,0.800766,0.769295,0.788178
827,0.979121,0.569104,0.789278,0.761996,0.778365
828,0.978271,0.575206,0.798373,0.761637,0.783678
829,0.974958,0.573292,0.798014,0.768458,0.786191
830,0.975258,0.574967,0.80268,0.768577,0.789039
831,0.976454,0.575446,0.797296,0.767022,0.785186
832,0.971514,0.581668,0.802441,0.768458,0.788848
833,0.981552,0.587412,0.803398,0.766304,0.788561
834,0.975305,0.575446,0.799569,0.765586,0.785976
835,0.978893,0.582745,0.8028,0.762834,0.786813
836,0.976753,0.580471,0.797655,0.773244,0.78789
837,0.974028,0.578677,0.800168,0.767979,0.787292
838,0.976832,0.580112,0.796338,0.762953,0.782984
839,0.979994,0.571377,0.800407,0.769535,0.788058
840,0.975494,0.57748,0.800048,0.766064,0.786454
841,0.980113,0.57054,0.798612,0.768218,0.786454
842,0.970966,0.56695,0.794424,0.774082,0.786287
843,0.971638,0.574728,0.79945,0.77121,0.788154
844,0.968414,0.577121,0.804715,0.760081,0.786861
845,0.976928,0.579514,0.798492,0.760799,0.783415
846,0.974378,0.574488,0.79215,0.76403,0.780902
847,0.974707,0.575805,0.798612,0.77109,0.787603
848,0.973556,0.580471,0.79945,0.762594,0.784707
849,0.974872,0.571258,0.798253,0.763312,0.784277
850,0.973007,0.577719,0.798373,0.76403,0.784636
851,0.970109,0.579395,0.79945,0.764509,0.785473
852,0.977328,0.585019,0.803518,0.774919,0.792078
853,0.966664,0.572335,0.796937,0.759842,0.782099
854,0.969171,0.575446,0.798014,0.759722,0.782697
855,0.968406,0.569463,0.79562,0.766902,0.784133
856,0.965803,0.582386,0.798971,0.765705,0.785665
857,0.972082,0.566232,0.788561,0.765227,0.779227
858,0.974164,0.584779,0.802441,0.769535,0.789278
859,0.96269,0.578796,0.79574,0.769894,0.785401
860,0.970006,0.581548,0.798253,0.76774,0.786048
861,0.96322,0.575326,0.797296,0.764389,0.784133
862,0.969423,0.57736,0.805433,0.772526,0.79227
863,0.964075,0.574488,0.797535,0.767859,0.785665
864,0.965787,0.579634,0.798971,0.770492,0.787579
865,0.96654,0.569582,0.792629,0.761278,0.780089
866,0.969985,0.578078,0.795142,0.769654,0.784947
867,0.965902,0.580471,0.803039,0.769056,0.789446
868,0.973003,0.574728,0.801244,0.766782,0.78746
869,0.96493,0.57389,0.796578,0.765346,0.784085
870,0.964474,0.580591,0.804834,0.768936,0.790475
871,0.970856,0.57736,0.798133,0.772526,0.78789
872,0.963127,0.577241,0.797176,0.765586,0.78454
873,0.964198,0.579395,0.799809,0.766304,0.786407
874,0.9662,0.573651,0.800407,0.768936,0.787819
875,0.966295,0.568625,0.792988,0.775996,0.786191
876,0.962857,0.576164,0.797894,0.768099,0.785976
877,0.967111,0.582745,0.800766,0.765705,0.786742
878,0.958379,0.574249,0.79227,0.768218,0.782649
879,0.968623,0.571258,0.796578,0.764509,0.78375
880,0.965825,0.580352,0.79945,0.758765,0.783176
881,0.962551,0.575924,0.799928,0.768577,0.787388
882,0.962536,0.5916,0.805313,0.770851,0.791528
883,0.966516,0.570659,0.796697,0.767979,0.78521
884,0.964395,0.578796,0.79921,0.767261,0.786431
885,0.959276,0.586335,0.797056,0.769056,0.785856
886,0.964029,0.572933,0.79562,0.770133,0.785425
887,0.96291,0.5703,0.798612,0.765466,0.785354
888,0.961663,0.580352,0.801484,0.767261,0.787795
889,0.96108,0.576762,0.797415,0.76762,0.785497
890,0.958035,0.58095,0.798133,0.770492,0.787077
891,0.967987,0.585617,0.797415,0.764389,0.784205
892,0.959738,0.579395,0.801962,0.770133,0.789231
893,0.959278,0.567787,0.793945,0.770372,0.784516
894,0.955465,0.581668,0.800048,0.768577,0.78746
895,0.962057,0.584301,0.8028,0.76762,0.788728
896,0.959157,0.579754,0.798253,0.76774,0.786048
897,0.956703,0.571497,0.798253,0.776594,0.78959
898,0.956678,0.578078,0.794783,0.766423,0.783439
899,0.955331,0.575565,0.798373,0.7675,0.786024
900,0.960756,0.57401,0.797655,0.769176,0.786263
901,0.960459,0.579155,0.798971,0.761637,0.784037
902,0.959775,0.5703,0.798971,0.774321,0.789111
903,0.95611,0.579036,0.79933,0.770133,0.787651
904,0.956346,0.586096,0.79921,0.770133,0.787579
905,0.958578,0.585258,0.798373,0.76391,0.784588
906,0.955417,0.576044,0.798971,0.763552,0.784803
907,0.955055,0.57042,0.792509,0.767859,0.782649
908,0.958323,0.580591,0.801125,0.769415,0.788441
909,0.958629,0.576044,0.796817,0.769056,0.785713
910,0.960019,0.578437,0.798014,0.77456,0.788632
911,0.950362,0.580112,0.796697,0.770252,0.786119
912,0.95594,0.581189,0.80268,0.76044,0.785784
913,0.955969,0.573651,0.799809,0.765825,0.786215
914,0.958246,0.572454,0.796099,0.768697,0.785138
915,0.957835,0.579873,0.796219,0.762475,0.782721
916,0.960759,0.580112,0.800766,0.769295,0.788178
917,0.954636,0.575326,0.79921,0.768218,0.786813
918,0.948953,0.581429,0.803279,0.766782,0.78868
919,0.962444,0.582386,0.797415,0.76774,0.785545
920,0.950868,0.585497,0.800287,0.764868,0.786119
921,0.953399,0.580352,0.79945,0.771808,0.788393
922,0.952718,0.575206,0.796697,0.767022,0.784827
923,0.952427,0.577719,0.797535,0.763432,0.783894
924,0.952915,0.576882,0.80268,0.766663,0.788273
925,0.955917,0.583343,0.803877,0.772526,0.791337
926,0.958835,0.582386,0.800048,0.769176,0.787699
927,0.950794,0.57054,0.795381,0.769894,0.785186
928,0.95349,0.576762,0.796697,0.765945,0.784396
929,0.949369,0.563958,0.792629,0.770492,0.783774
930,0.947647,0.576523,0.79574,0.767141,0.784301
931,0.949801,0.568625,0.792509,0.76415,0.781165
932,0.9509,0.582147,0.803159,0.768218,0.789183
933,0.955832,0.575446,0.794783,0.762594,0.781907
934,0.950714,0.580591,0.802082,0.765107,0.787292
935,0.953333,0.577241,0.79945,0.769535,0.787484
936,0.950702,0.58107,0.801843,0.761757,0.785808
937,0.956218,0.576642,0.794304,0.76762,0.783631
938,0.9455,0.57401,0.796458,0.766423,0.784444
939,0.952096,0.57042,0.795022,0.772047,0.785832
940,0.94736,0.575087,0.795022,0.759603,0.780854
941,0.953794,0.579275,0.800168,0.768099,0.78734
942,0.94867,0.576164,0.803997,0.767859,0.789542
943,0.95149,0.583702,0.80268,0.768338,0.788943
944,0.946714,0.583583,0.800048,0.773244,0.789326
945,0.942461,0.579993,0.801843,0.763073,0.786335
946,0.947186,0.580232,0.800407,0.764628,0.786096
947,0.944684,0.578318,0.799569,0.770611,0.787986
948,0.943255,0.582266,0.798732,0.769894,0.787196
949,0.953899,0.576044,0.797535,0.766543,0.785138
950,0.951086,0.577241,0.79933,0.767859,0.786742
951,0.948118,0.578198,0.799809,0.768338,0.78722
952,0.950495,0.575446,0.797774,0.771569,0.787292
953,0.945112,0.584301,0.801484,0.769295,0.788608
954,0.947485,0.581189,0.799809,0.76762,0.786933
955,0.951261,0.574728,0.794544,0.768817,0.784253
956,0.948112,0.575087,0.796338,0.772287,0.786718
957,0.948422,0.570779,0.795261,0.763073,0.782386
958,0.94646,0.572694,0.798732,0.769894,0.787196
959,0.944346,0.576882,0.798133,0.772526,0.78789
960,0.946027,0.580591,0.799091,0.762355,0.784396
961,0.949343,0.577839,0.798492,0.762355,0.784037
962,0.949223,0.581548,0.798971,0.767141,0.786239
963,0.944825,0.581189,0.802561,0.766782,0.788249
964,0.943724,0.578198,0.800885,0.767979,0.787723
965,0.941349,0.568505,0.798732,0.765227,0.78533
966,0.948116,0.576882,0.798612,0.769056,0.78679
967,0.947526,0.578198,0.801843,0.773244,0.790403
968,0.946086,0.576403,0.796458,0.767979,0.785066
969,0.943094,0.572454,0.797655,0.769415,0.786359
970,0.947215,0.574967,0.793108,0.763312,0.781189
971,0.944702,0.574488,0.79945,0.77456,0.789494
972,0.940377,0.586574,0.800526,0.771928,0.789087
973,0.941002,0.57042,0.795261,0.772287,0.786072
974,0.946688,0.566112,0.791432,0.769654,0.782721
975,0.938881,0.57748,0.799569,0.775518,0.789949
976,0.942961,0.572574,0.792988,0.76762,0.782841
977,0.93985,0.582027,0.800646,0.76415,0.786048
978,0.943509,0.583702,0.80292,0.768577,0.789183
979,0.941755,0.577959,0.802321,0.772406,0.790355
980,0.94154,0.58442,0.800885,0.765586,0.786766
981,0.937546,0.581788,0.803398,0.770252,0.79014
982,0.946211,0.571018,0.797535,0.773005,0.787723
983,0.937793,0.583343,0.79921,0.770731,0.787819
984,0.946852,0.583463,0.801603,0.769535,0.788776
985,0.940821,0.561685,0.789996,0.774919,0.783966
986,0.941749,0.578557,0.798014,0.767859,0.785952
987,0.941435,0.580352,0.79562,0.768218,0.78466
988,0.943831,0.584181,0.802441,0.769535,0.789278
989,0.940196,0.568146,0.7888,0.775159,0.783343
990,0.940716,0.581548,0.79574,0.770851,0.785784
991,0.942764,0.581548,0.800526,0.761278,0.784827
992,0.940172,0.574369,0.797774,0.773244,0.787962
993,0.938788,0.575924,0.795142,0.772047,0.785904
994,0.937229,0.581668,0.798971,0.7675,0.786383
995,0.931813,0.580591,0.798612,0.768577,0.786598
996,0.933499,0.57389,0.800287,0.774082,0.789805
997,0.93547,0.581189,0.796697,0.771329,0.78655
998,0.940956,0.583702,0.800407,0.767859,0.787388
999,0.936946,0.575805,0.796937,0.765466,0.784348
1000,0.938663,0.578437,0.805552,0.768458,0.790714
1001,0.937315,0.575805,0.797056,0.772287,0.787149
1002,0.939254,0.578916,0.797774,0.770492,0.786861
1003,0.936651,0.586694,0.802561,0.768218,0.788824
1004,0.943354,0.578796,0.798133,0.772167,0.787747
1005,0.935929,0.584301,0.800646,0.768338,0.787723
1006,0.93951,0.576762,0.795261,0.773842,0.786694
1007,0.934085,0.580232,0.801723,0.766543,0.787651
1008,0.933205,0.578198,0.796937,0.773603,0.787603
1009,0.935639,0.582506,0.80268,0.768697,0.789087
1010,0.939205,0.578557,0.802082,0.769295,0.788967
1011,0.936517,0.576403,0.796219,0.769295,0.785449
1012,0.937288,0.574129,0.79574,0.770851,0.785784
1013,0.940292,0.579634,0.799091,0.76762,0.786502
1014,0.932145,0.581668,0.79945,0.773483,0.789063
1015,0.932043,0.571856,0.794065,0.774082,0.786072
1016,0.930396,0.577839,0.797415,0.765586,0.784683
1017,0.936588,0.571377,0.797296,0.76391,0.783942
1018,0.93296,0.574488,0.800168,0.769295,0.787819
1019,0.931322,0.58107,0.801843,0.769535,0.788919
1020,0.930201,0.571856,0.796458,0.769056,0.785497
1021,0.937706,0.576044,0.802321,0.77121,0.789877
1022,0.928453,0.576762,0.803159,0.772047,0.790714
1023,0.941302,0.5703,0.798133,0.770252,0.786981
1024,0.930562,0.582027,0.797535,0.766184,0.784995
1025,0.939355,0.580471,0.800287,0.77109,0.788608
1026,0.932291,0.578078,0.798971,0.770611,0.787627
1027,0.933772,0.578916,0.800287,0.772047,0.788991
1028,0.930858,0.574129,0.796099,0.770372,0.785808
1029,0.931156,0.581668,0.796937,0.766902,0.784923
1030,0.930338,0.581548,0.800646,0.763552,0.785808
1031,0.930491,0.574967,0.79586,0.768458,0.784899
1032,0.935052,0.583822,0.79921,0.766663,0.786191
1033,0.930772,0.582266,0.800526,0.771329,0.788848
1034,0.932862,0.580591,0.79574,0.773244,0.786742
1035,0.935152,0.580112,0.798373,0.773244,0.788321
1036,0.927023,0.579754,0.8028,0.774201,0.791361
1037,0.922931,0.574249,0.800168,0.768218,0.787388
1038,0.933617,0.579873,0.79933,0.770252,0.787699
1039,0.933573,0.581788,0.798732,0.772646,0.788297
1040,0.92553,0.575087,0.793347,0.768099,0.783248
1041,0.926001,0.579634,0.797176,0.766304,0.784827
1042,0.930587,0.575446,0.798253,0.768338,0.786287
1043,0.924371,0.578796,0.798133,0.768936,0.786454
1044,0.929504,0.580112,0.798851,0.768936,0.786885
1045,0.928343,0.572335,0.794903,0.767141,0.783798
1046,0.932123,0.58454,0.804116,0.771449,0.791049
1047,0.929847,0.570899,0.797415,0.769774,0.786359
1048,0.925574,0.58083,0.794544,0.773364,0.786072
1049,0.926883,0.575206,0.794424,0.768817,0.784181
1050,0.92203,0.581668,0.803877,0.770133,0.790379
1051,0.926132,0.576283,0.797894,0.773842,0.788273
1052,0.919163,0.581668,0.802441,0.771808,0.790188
1053,0.932438,0.586335,0.802561,0.770492,0.789733
1054,0.933018,0.585856,0.804116,0.77109,0.790906
1055,0.923832,0.582984,0.804475,0.772885,0.791839
1056,0.927764,0.574728,0.797774,0.768936,0.786239
1057,0.928303,0.583463,0.798971,0.769415,0.787148
1058,0.926692,0.578916,0.795381,0.769415,0.784995
1059,0.927231,0.580352,0.799569,0.76403,0.785354
1060,0.930398,0.578796,0.79921,0.766423,0.786095
1061,0.925455,0.578318,0.800526,0.767261,0.78722
1062,0.92631,0.578078,0.801364,0.765586,0.787053
1063,0.924051,0.576403,0.800048,0.765825,0.786359
1064,0.925513,0.57377,0.795381,0.770851,0.785569
1065,0.924277,0.573412,0.794544,0.771808,0.785449
1066,0.923539,0.581907,0.800766,0.770372,0.788608
1067,0.921431,0.582266,0.800287,0.769774,0.788082
1068,0.92436,0.583702,0.800168,0.770731,0.788393
1069,0.921555,0.571497,0.794544,0.768338,0.784061
1070,0.919479,0.584061,0.798373,0.762116,0.78387
1071,0.921848,0.586574,0.801962,0.763791,0.786694
1072,0.927013,0.571856,0.795261,0.768218,0.784444
1073,0.921295,0.577959,0.800407,0.768458,0.787627
1074,0.924575,0.583224,0.798971,0.769535,0.787196
1075,0.922748,0.576164,0.797774,0.77121,0.787148
1076,0.92253,0.578796,0.799569,0.767141,0.786598
1077,0.922667,0.579754,0.797535,0.766064,0.784947
1078,0.923873,0.579634,0.799809,0.773483,0.789278
1079,0.924191,0.577959,0.800885,0.770013,0.788537
1080,0.922571,0.577001,0.801843,0.773483,0.790499
1081,0.925432,0.580232,0.79945,0.769535,0.787484
1082,0.920643,0.579275,0.797176,0.771928,0.787077
1083,0.92341,0.583822,0.801244,0.770851,0.789087
1084,0.921668,0.57736,0.79945,0.77097,0.788058
1085,0.925725,0.573053,0.796817,0.771449,0.78667
1086,0.919667,0.580471,0.801843,0.769535,0.788919
1087,0.916011,0.58083,0.802202,0.771329,0.789853
1088,0.926399,0.571736,0.793945,0.767859,0.783511
1089,0.919365,0.582984,0.800407,0.767859,0.787388
1090,0.918383,0.57401,0.798253,0.773483,0.788345
1091,0.915405,0.58107,0.803398,0.769894,0.789996
1092,0.919768,0.5776,0.796817,0.765586,0.784325
1093,0.917271,0.582506,0.798971,0.766782,0.786095
1094,0.916327,0.577839,0.801603,0.768218,0.788249
1095,0.914125,0.578796,0.797894,0.769894,0.786694
1096,0.916872,0.574488,0.797535,0.766184,0.784995
1097,0.918959,0.582147,0.803638,0.77109,0.790619
1098,0.917626,0.575805,0.800407,0.772646,0.789302
1099,0.916028,0.576762,0.801484,0.769415,0.788656
1100,0.920699,0.569822,0.794663,0.769774,0.784707
1101,0.921207,0.580232,0.799091,0.773483,0.788848
1102,0.922913,0.581309,0.79562,0.773005,0.786574
1103,0.916545,0.584899,0.806151,0.770731,0.791983
1104,0.916277,0.583343,0.801843,0.77097,0.789494
1105,0.917503,0.585976,0.801005,0.772287,0.789518
1106,0.91963,0.578796,0.796219,0.76762,0.784779
1107,0.920874,0.58095,0.799091,0.76391,0.785019
1108,0.920436,0.578677,0.79945,0.773483,0.789063
1109,0.917109,0.578198,0.801723,0.767859,0.788178
1110,0.916567,0.575685,0.79945,0.773364,0.789015
1111,0.915077,0.573412,0.797296,0.77109,0.786813
1112,0.915553,0.573651,0.796219,0.768218,0.785019
