candidate_id,sdf_path,pdbqt_path,log_path,status,returncode
CAND_010738c49b,C:\Users\srira\Desktop\new_plan\EMD_V5_2_Hybrid\06_docking\v5_3_model_guided\ligands_sdf\CAND_010738c49b.sdf,C:\Users\srira\Desktop\new_plan\EMD_V5_2_Hybrid\06_docking\v5_3_model_guided\ligands_pdbqt\CAND_010738c49b.pdbqt,C:\Users\srira\Desktop\new_plan\EMD_V5_2_Hybrid\06_docking\v5_3_model_guided\scores\meeko_ligand_logs\CAND_010738c49b_mk_prepare_ligand.log,prepared,0
CAND_02bca8d718,C:\Users\srira\Desktop\new_plan\EMD_V5_2_Hybrid\06_docking\v5_3_model_guided\ligands_sdf\CAND_02bca8d718.sdf,C:\Users\srira\Desktop\new_plan\EMD_V5_2_Hybrid\06_docking\v5_3_model_guided\ligands_pdbqt\CAND_02bca8d718.pdbqt,C:\Users\srira\Desktop\new_plan\EMD_V5_2_Hybrid\06_docking\v5_3_model_guided\scores\meeko_ligand_logs\CAND_02bca8d718_mk_prepare_ligand.log,prepared,0
CAND_09deb650c1,C:\Users\srira\Desktop\new_plan\EMD_V5_2_Hybrid\06_docking\v5_3_model_guided\ligands_sdf\CAND_09deb650c1.sdf,C:\Users\srira\Desktop\new_plan\EMD_V5_2_Hybrid\06_docking\v5_3_model_guided\ligands_pdbqt\CAND_09deb650c1.pdbqt,C:\Users\srira\Desktop\new_plan\EMD_V5_2_Hybrid\06_docking\v5_3_model_guided\scores\meeko_ligand_logs\CAND_09deb650c1_mk_prepare_ligand.log,prepared,0
CAND_0dab0539d2,C:\Users\srira\Desktop\new_plan\EMD_V5_2_Hybrid\06_docking\v5_3_model_guided\ligands_sdf\CAND_0dab0539d2.sdf,C:\Users\srira\Desktop\new_plan\EMD_V5_2_Hybrid\06_docking\v5_3_model_guided\ligands_pdbqt\CAND_0dab0539d2.pdbqt,C:\Users\srira\Desktop\new_plan\EMD_V5_2_Hybrid\06_docking\v5_3_model_guided\scores\meeko_ligand_logs\CAND_0dab0539d2_mk_prepare_ligand.log,prepared,0
CAND_0e55be250e,C:\Users\srira\Desktop\new_plan\EMD_V5_2_Hybrid\06_docking\v5_3_model_guided\ligands_sdf\CAND_0e55be250e.sdf,C:\Users\srira\Desktop\new_plan\EMD_V5_2_Hybrid\06_docking\v5_3_model_guided\ligands_pdbqt\CAND_0e55be250e.pdbqt,C:\Users\srira\Desktop\new_plan\EMD_V5_2_Hybrid\06_docking\v5_3_model_guided\scores\meeko_ligand_logs\CAND_0e55be250e_mk_prepare_ligand.log,prepared,0
CAND_11be2ba7cd,C:\Users\srira\Desktop\new_plan\EMD_V5_2_Hybrid\06_docking\v5_3_model_guided\ligands_sdf\CAND_11be2ba7cd.sdf,C:\Users\srira\Desktop\new_plan\EMD_V5_2_Hybrid\06_docking\v5_3_model_guided\ligands_pdbqt\CAND_11be2ba7cd.pdbqt,C:\Users\srira\Desktop\new_plan\EMD_V5_2_Hybrid\06_docking\v5_3_model_guided\scores\meeko_ligand_logs\CAND_11be2ba7cd_mk_prepare_ligand.log,prepared,0
CAND_13947fed1a,C:\Users\srira\Desktop\new_plan\EMD_V5_2_Hybrid\06_docking\v5_3_model_guided\ligands_sdf\CAND_13947fed1a.sdf,C:\Users\srira\Desktop\new_plan\EMD_V5_2_Hybrid\06_docking\v5_3_model_guided\ligands_pdbqt\CAND_13947fed1a.pdbqt,C:\Users\srira\Desktop\new_plan\EMD_V5_2_Hybrid\06_docking\v5_3_model_guided\scores\meeko_ligand_logs\CAND_13947fed1a_mk_prepare_ligand.log,prepared,0
CAND_1675c88065,C:\Users\srira\Desktop\new_plan\EMD_V5_2_Hybrid\06_docking\v5_3_model_guided\ligands_sdf\CAND_1675c88065.sdf,C:\Users\srira\Desktop\new_plan\EMD_V5_2_Hybrid\06_docking\v5_3_model_guided\ligands_pdbqt\CAND_1675c88065.pdbqt,C:\Users\srira\Desktop\new_plan\EMD_V5_2_Hybrid\06_docking\v5_3_model_guided\scores\meeko_ligand_logs\CAND_1675c88065_mk_prepare_ligand.log,prepared,0
CAND_1e356c92c8,C:\Users\srira\Desktop\new_plan\EMD_V5_2_Hybrid\06_docking\v5_3_model_guided\ligands_sdf\CAND_1e356c92c8.sdf,C:\Users\srira\Desktop\new_plan\EMD_V5_2_Hybrid\06_docking\v5_3_model_guided\ligands_pdbqt\CAND_1e356c92c8.pdbqt,C:\Users\srira\Desktop\new_plan\EMD_V5_2_Hybrid\06_docking\v5_3_model_guided\scores\meeko_ligand_logs\CAND_1e356c92c8_mk_prepare_ligand.log,prepared,0
CAND_1ec7ae5d21,C:\Users\srira\Desktop\new_plan\EMD_V5_2_Hybrid\06_docking\v5_3_model_guided\ligands_sdf\CAND_1ec7ae5d21.sdf,C:\Users\srira\Desktop\new_plan\EMD_V5_2_Hybrid\06_docking\v5_3_model_guided\ligands_pdbqt\CAND_1ec7ae5d21.pdbqt,C:\Users\srira\Desktop\new_plan\EMD_V5_2_Hybrid\06_docking\v5_3_model_guided\scores\meeko_ligand_logs\CAND_1ec7ae5d21_mk_prepare_ligand.log,prepared,0
CAND_1f4eb01ec0,C:\Users\srira\Desktop\new_plan\EMD_V5_2_Hybrid\06_docking\v5_3_model_guided\ligands_sdf\CAND_1f4eb01ec0.sdf,C:\Users\srira\Desktop\new_plan\EMD_V5_2_Hybrid\06_docking\v5_3_model_guided\ligands_pdbqt\CAND_1f4eb01ec0.pdbqt,C:\Users\srira\Desktop\new_plan\EMD_V5_2_Hybrid\06_docking\v5_3_model_guided\scores\meeko_ligand_logs\CAND_1f4eb01ec0_mk_prepare_ligand.log,prepared,0
CAND_206c165320,C:\Users\srira\Desktop\new_plan\EMD_V5_2_Hybrid\06_docking\v5_3_model_guided\ligands_sdf\CAND_206c165320.sdf,C:\Users\srira\Desktop\new_plan\EMD_V5_2_Hybrid\06_docking\v5_3_model_guided\ligands_pdbqt\CAND_206c165320.pdbqt,C:\Users\srira\Desktop\new_plan\EMD_V5_2_Hybrid\06_docking\v5_3_model_guided\scores\meeko_ligand_logs\CAND_206c165320_mk_prepare_ligand.log,prepared,0
CAND_28874e6ca5,C:\Users\srira\Desktop\new_plan\EMD_V5_2_Hybrid\06_docking\v5_3_model_guided\ligands_sdf\CAND_28874e6ca5.sdf,C:\Users\srira\Desktop\new_plan\EMD_V5_2_Hybrid\06_docking\v5_3_model_guided\ligands_pdbqt\CAND_28874e6ca5.pdbqt,C:\Users\srira\Desktop\new_plan\EMD_V5_2_Hybrid\06_docking\v5_3_model_guided\scores\meeko_ligand_logs\CAND_28874e6ca5_mk_prepare_ligand.log,prepared,0
CAND_2aa8e00931,C:\Users\srira\Desktop\new_plan\EMD_V5_2_Hybrid\06_docking\v5_3_model_guided\ligands_sdf\CAND_2aa8e00931.sdf,C:\Users\srira\Desktop\new_plan\EMD_V5_2_Hybrid\06_docking\v5_3_model_guided\ligands_pdbqt\CAND_2aa8e00931.pdbqt,C:\Users\srira\Desktop\new_plan\EMD_V5_2_Hybrid\06_docking\v5_3_model_guided\scores\meeko_ligand_logs\CAND_2aa8e00931_mk_prepare_ligand.log,prepared,0
CAND_2e11abfe19,C:\Users\srira\Desktop\new_plan\EMD_V5_2_Hybrid\06_docking\v5_3_model_guided\ligands_sdf\CAND_2e11abfe19.sdf,C:\Users\srira\Desktop\new_plan\EMD_V5_2_Hybrid\06_docking\v5_3_model_guided\ligands_pdbqt\CAND_2e11abfe19.pdbqt,C:\Users\srira\Desktop\new_plan\EMD_V5_2_Hybrid\06_docking\v5_3_model_guided\scores\meeko_ligand_logs\CAND_2e11abfe19_mk_prepare_ligand.log,prepared,0
CAND_2f2a0d40fd,C:\Users\srira\Desktop\new_plan\EMD_V5_2_Hybrid\06_docking\v5_3_model_guided\ligands_sdf\CAND_2f2a0d40fd.sdf,C:\Users\srira\Desktop\new_plan\EMD_V5_2_Hybrid\06_docking\v5_3_model_guided\ligands_pdbqt\CAND_2f2a0d40fd.pdbqt,C:\Users\srira\Desktop\new_plan\EMD_V5_2_Hybrid\06_docking\v5_3_model_guided\scores\meeko_ligand_logs\CAND_2f2a0d40fd_mk_prepare_ligand.log,prepared,0
CAND_34ad2a24d8,C:\Users\srira\Desktop\new_plan\EMD_V5_2_Hybrid\06_docking\v5_3_model_guided\ligands_sdf\CAND_34ad2a24d8.sdf,C:\Users\srira\Desktop\new_plan\EMD_V5_2_Hybrid\06_docking\v5_3_model_guided\ligands_pdbqt\CAND_34ad2a24d8.pdbqt,C:\Users\srira\Desktop\new_plan\EMD_V5_2_Hybrid\06_docking\v5_3_model_guided\scores\meeko_ligand_logs\CAND_34ad2a24d8_mk_prepare_ligand.log,prepared,0
CAND_35c4ee0b09,C:\Users\srira\Desktop\new_plan\EMD_V5_2_Hybrid\06_docking\v5_3_model_guided\ligands_sdf\CAND_35c4ee0b09.sdf,C:\Users\srira\Desktop\new_plan\EMD_V5_2_Hybrid\06_docking\v5_3_model_guided\ligands_pdbqt\CAND_35c4ee0b09.pdbqt,C:\Users\srira\Desktop\new_plan\EMD_V5_2_Hybrid\06_docking\v5_3_model_guided\scores\meeko_ligand_logs\CAND_35c4ee0b09_mk_prepare_ligand.log,prepared,0
CAND_38de1fc846,C:\Users\srira\Desktop\new_plan\EMD_V5_2_Hybrid\06_docking\v5_3_model_guided\ligands_sdf\CAND_38de1fc846.sdf,C:\Users\srira\Desktop\new_plan\EMD_V5_2_Hybrid\06_docking\v5_3_model_guided\ligands_pdbqt\CAND_38de1fc846.pdbqt,C:\Users\srira\Desktop\new_plan\EMD_V5_2_Hybrid\06_docking\v5_3_model_guided\scores\meeko_ligand_logs\CAND_38de1fc846_mk_prepare_ligand.log,prepared,0
CAND_396f994be3,C:\Users\srira\Desktop\new_plan\EMD_V5_2_Hybrid\06_docking\v5_3_model_guided\ligands_sdf\CAND_396f994be3.sdf,C:\Users\srira\Desktop\new_plan\EMD_V5_2_Hybrid\06_docking\v5_3_model_guided\ligands_pdbqt\CAND_396f994be3.pdbqt,C:\Users\srira\Desktop\new_plan\EMD_V5_2_Hybrid\06_docking\v5_3_model_guided\scores\meeko_ligand_logs\CAND_396f994be3_mk_prepare_ligand.log,prepared,0
CAND_3b164e0480,C:\Users\srira\Desktop\new_plan\EMD_V5_2_Hybrid\06_docking\v5_3_model_guided\ligands_sdf\CAND_3b164e0480.sdf,C:\Users\srira\Desktop\new_plan\EMD_V5_2_Hybrid\06_docking\v5_3_model_guided\ligands_pdbqt\CAND_3b164e0480.pdbqt,C:\Users\srira\Desktop\new_plan\EMD_V5_2_Hybrid\06_docking\v5_3_model_guided\scores\meeko_ligand_logs\CAND_3b164e0480_mk_prepare_ligand.log,prepared,0
CAND_3c64f44e76,C:\Users\srira\Desktop\new_plan\EMD_V5_2_Hybrid\06_docking\v5_3_model_guided\ligands_sdf\CAND_3c64f44e76.sdf,C:\Users\srira\Desktop\new_plan\EMD_V5_2_Hybrid\06_docking\v5_3_model_guided\ligands_pdbqt\CAND_3c64f44e76.pdbqt,C:\Users\srira\Desktop\new_plan\EMD_V5_2_Hybrid\06_docking\v5_3_model_guided\scores\meeko_ligand_logs\CAND_3c64f44e76_mk_prepare_ligand.log,prepared,0
CAND_3fc0103e7e,C:\Users\srira\Desktop\new_plan\EMD_V5_2_Hybrid\06_docking\v5_3_model_guided\ligands_sdf\CAND_3fc0103e7e.sdf,C:\Users\srira\Desktop\new_plan\EMD_V5_2_Hybrid\06_docking\v5_3_model_guided\ligands_pdbqt\CAND_3fc0103e7e.pdbqt,C:\Users\srira\Desktop\new_plan\EMD_V5_2_Hybrid\06_docking\v5_3_model_guided\scores\meeko_ligand_logs\CAND_3fc0103e7e_mk_prepare_ligand.log,prepared,0
CAND_423486dce5,C:\Users\srira\Desktop\new_plan\EMD_V5_2_Hybrid\06_docking\v5_3_model_guided\ligands_sdf\CAND_423486dce5.sdf,C:\Users\srira\Desktop\new_plan\EMD_V5_2_Hybrid\06_docking\v5_3_model_guided\ligands_pdbqt\CAND_423486dce5.pdbqt,C:\Users\srira\Desktop\new_plan\EMD_V5_2_Hybrid\06_docking\v5_3_model_guided\scores\meeko_ligand_logs\CAND_423486dce5_mk_prepare_ligand.log,prepared,0
CAND_44327fe5a9,C:\Users\srira\Desktop\new_plan\EMD_V5_2_Hybrid\06_docking\v5_3_model_guided\ligands_sdf\CAND_44327fe5a9.sdf,C:\Users\srira\Desktop\new_plan\EMD_V5_2_Hybrid\06_docking\v5_3_model_guided\ligands_pdbqt\CAND_44327fe5a9.pdbqt,C:\Users\srira\Desktop\new_plan\EMD_V5_2_Hybrid\06_docking\v5_3_model_guided\scores\meeko_ligand_logs\CAND_44327fe5a9_mk_prepare_ligand.log,prepared,0
CAND_453a8d70ca,C:\Users\srira\Desktop\new_plan\EMD_V5_2_Hybrid\06_docking\v5_3_model_guided\ligands_sdf\CAND_453a8d70ca.sdf,C:\Users\srira\Desktop\new_plan\EMD_V5_2_Hybrid\06_docking\v5_3_model_guided\ligands_pdbqt\CAND_453a8d70ca.pdbqt,C:\Users\srira\Desktop\new_plan\EMD_V5_2_Hybrid\06_docking\v5_3_model_guided\scores\meeko_ligand_logs\CAND_453a8d70ca_mk_prepare_ligand.log,prepared,0
CAND_454e8d3cd4,C:\Users\srira\Desktop\new_plan\EMD_V5_2_Hybrid\06_docking\v5_3_model_guided\ligands_sdf\CAND_454e8d3cd4.sdf,C:\Users\srira\Desktop\new_plan\EMD_V5_2_Hybrid\06_docking\v5_3_model_guided\ligands_pdbqt\CAND_454e8d3cd4.pdbqt,C:\Users\srira\Desktop\new_plan\EMD_V5_2_Hybrid\06_docking\v5_3_model_guided\scores\meeko_ligand_logs\CAND_454e8d3cd4_mk_prepare_ligand.log,prepared,0
CAND_4791e858cc,C:\Users\srira\Desktop\new_plan\EMD_V5_2_Hybrid\06_docking\v5_3_model_guided\ligands_sdf\CAND_4791e858cc.sdf,C:\Users\srira\Desktop\new_plan\EMD_V5_2_Hybrid\06_docking\v5_3_model_guided\ligands_pdbqt\CAND_4791e858cc.pdbqt,C:\Users\srira\Desktop\new_plan\EMD_V5_2_Hybrid\06_docking\v5_3_model_guided\scores\meeko_ligand_logs\CAND_4791e858cc_mk_prepare_ligand.log,prepared,0
CAND_492981f42f,C:\Users\srira\Desktop\new_plan\EMD_V5_2_Hybrid\06_docking\v5_3_model_guided\ligands_sdf\CAND_492981f42f.sdf,C:\Users\srira\Desktop\new_plan\EMD_V5_2_Hybrid\06_docking\v5_3_model_guided\ligands_pdbqt\CAND_492981f42f.pdbqt,C:\Users\srira\Desktop\new_plan\EMD_V5_2_Hybrid\06_docking\v5_3_model_guided\scores\meeko_ligand_logs\CAND_492981f42f_mk_prepare_ligand.log,prepared,0
CAND_49e76c18fa,C:\Users\srira\Desktop\new_plan\EMD_V5_2_Hybrid\06_docking\v5_3_model_guided\ligands_sdf\CAND_49e76c18fa.sdf,C:\Users\srira\Desktop\new_plan\EMD_V5_2_Hybrid\06_docking\v5_3_model_guided\ligands_pdbqt\CAND_49e76c18fa.pdbqt,C:\Users\srira\Desktop\new_plan\EMD_V5_2_Hybrid\06_docking\v5_3_model_guided\scores\meeko_ligand_logs\CAND_49e76c18fa_mk_prepare_ligand.log,prepared,0
CAND_4b65fa0278,C:\Users\srira\Desktop\new_plan\EMD_V5_2_Hybrid\06_docking\v5_3_model_guided\ligands_sdf\CAND_4b65fa0278.sdf,C:\Users\srira\Desktop\new_plan\EMD_V5_2_Hybrid\06_docking\v5_3_model_guided\ligands_pdbqt\CAND_4b65fa0278.pdbqt,C:\Users\srira\Desktop\new_plan\EMD_V5_2_Hybrid\06_docking\v5_3_model_guided\scores\meeko_ligand_logs\CAND_4b65fa0278_mk_prepare_ligand.log,prepared,0
CAND_4e8257bdee,C:\Users\srira\Desktop\new_plan\EMD_V5_2_Hybrid\06_docking\v5_3_model_guided\ligands_sdf\CAND_4e8257bdee.sdf,C:\Users\srira\Desktop\new_plan\EMD_V5_2_Hybrid\06_docking\v5_3_model_guided\ligands_pdbqt\CAND_4e8257bdee.pdbqt,C:\Users\srira\Desktop\new_plan\EMD_V5_2_Hybrid\06_docking\v5_3_model_guided\scores\meeko_ligand_logs\CAND_4e8257bdee_mk_prepare_ligand.log,prepared,0
CAND_4ea78847f9,C:\Users\srira\Desktop\new_plan\EMD_V5_2_Hybrid\06_docking\v5_3_model_guided\ligands_sdf\CAND_4ea78847f9.sdf,C:\Users\srira\Desktop\new_plan\EMD_V5_2_Hybrid\06_docking\v5_3_model_guided\ligands_pdbqt\CAND_4ea78847f9.pdbqt,C:\Users\srira\Desktop\new_plan\EMD_V5_2_Hybrid\06_docking\v5_3_model_guided\scores\meeko_ligand_logs\CAND_4ea78847f9_mk_prepare_ligand.log,prepared,0
CAND_5152217faa,C:\Users\srira\Desktop\new_plan\EMD_V5_2_Hybrid\06_docking\v5_3_model_guided\ligands_sdf\CAND_5152217faa.sdf,C:\Users\srira\Desktop\new_plan\EMD_V5_2_Hybrid\06_docking\v5_3_model_guided\ligands_pdbqt\CAND_5152217faa.pdbqt,C:\Users\srira\Desktop\new_plan\EMD_V5_2_Hybrid\06_docking\v5_3_model_guided\scores\meeko_ligand_logs\CAND_5152217faa_mk_prepare_ligand.log,prepared,0
CAND_53308bee89,C:\Users\srira\Desktop\new_plan\EMD_V5_2_Hybrid\06_docking\v5_3_model_guided\ligands_sdf\CAND_53308bee89.sdf,C:\Users\srira\Desktop\new_plan\EMD_V5_2_Hybrid\06_docking\v5_3_model_guided\ligands_pdbqt\CAND_53308bee89.pdbqt,C:\Users\srira\Desktop\new_plan\EMD_V5_2_Hybrid\06_docking\v5_3_model_guided\scores\meeko_ligand_logs\CAND_53308bee89_mk_prepare_ligand.log,prepared,0
CAND_5580e1eed5,C:\Users\srira\Desktop\new_plan\EMD_V5_2_Hybrid\06_docking\v5_3_model_guided\ligands_sdf\CAND_5580e1eed5.sdf,C:\Users\srira\Desktop\new_plan\EMD_V5_2_Hybrid\06_docking\v5_3_model_guided\ligands_pdbqt\CAND_5580e1eed5.pdbqt,C:\Users\srira\Desktop\new_plan\EMD_V5_2_Hybrid\06_docking\v5_3_model_guided\scores\meeko_ligand_logs\CAND_5580e1eed5_mk_prepare_ligand.log,prepared,0
CAND_5682a4f941,C:\Users\srira\Desktop\new_plan\EMD_V5_2_Hybrid\06_docking\v5_3_model_guided\ligands_sdf\CAND_5682a4f941.sdf,C:\Users\srira\Desktop\new_plan\EMD_V5_2_Hybrid\06_docking\v5_3_model_guided\ligands_pdbqt\CAND_5682a4f941.pdbqt,C:\Users\srira\Desktop\new_plan\EMD_V5_2_Hybrid\06_docking\v5_3_model_guided\scores\meeko_ligand_logs\CAND_5682a4f941_mk_prepare_ligand.log,prepared,0
CAND_581788b33e,C:\Users\srira\Desktop\new_plan\EMD_V5_2_Hybrid\06_docking\v5_3_model_guided\ligands_sdf\CAND_581788b33e.sdf,C:\Users\srira\Desktop\new_plan\EMD_V5_2_Hybrid\06_docking\v5_3_model_guided\ligands_pdbqt\CAND_581788b33e.pdbqt,C:\Users\srira\Desktop\new_plan\EMD_V5_2_Hybrid\06_docking\v5_3_model_guided\scores\meeko_ligand_logs\CAND_581788b33e_mk_prepare_ligand.log,prepared,0
CAND_584cb6401d,C:\Users\srira\Desktop\new_plan\EMD_V5_2_Hybrid\06_docking\v5_3_model_guided\ligands_sdf\CAND_584cb6401d.sdf,C:\Users\srira\Desktop\new_plan\EMD_V5_2_Hybrid\06_docking\v5_3_model_guided\ligands_pdbqt\CAND_584cb6401d.pdbqt,C:\Users\srira\Desktop\new_plan\EMD_V5_2_Hybrid\06_docking\v5_3_model_guided\scores\meeko_ligand_logs\CAND_584cb6401d_mk_prepare_ligand.log,prepared,0
CAND_598172bd63,C:\Users\srira\Desktop\new_plan\EMD_V5_2_Hybrid\06_docking\v5_3_model_guided\ligands_sdf\CAND_598172bd63.sdf,C:\Users\srira\Desktop\new_plan\EMD_V5_2_Hybrid\06_docking\v5_3_model_guided\ligands_pdbqt\CAND_598172bd63.pdbqt,C:\Users\srira\Desktop\new_plan\EMD_V5_2_Hybrid\06_docking\v5_3_model_guided\scores\meeko_ligand_logs\CAND_598172bd63_mk_prepare_ligand.log,prepared,0
CAND_5a164fb16c,C:\Users\srira\Desktop\new_plan\EMD_V5_2_Hybrid\06_docking\v5_3_model_guided\ligands_sdf\CAND_5a164fb16c.sdf,C:\Users\srira\Desktop\new_plan\EMD_V5_2_Hybrid\06_docking\v5_3_model_guided\ligands_pdbqt\CAND_5a164fb16c.pdbqt,C:\Users\srira\Desktop\new_plan\EMD_V5_2_Hybrid\06_docking\v5_3_model_guided\scores\meeko_ligand_logs\CAND_5a164fb16c_mk_prepare_ligand.log,prepared,0
CAND_5abda62ff8,C:\Users\srira\Desktop\new_plan\EMD_V5_2_Hybrid\06_docking\v5_3_model_guided\ligands_sdf\CAND_5abda62ff8.sdf,C:\Users\srira\Desktop\new_plan\EMD_V5_2_Hybrid\06_docking\v5_3_model_guided\ligands_pdbqt\CAND_5abda62ff8.pdbqt,C:\Users\srira\Desktop\new_plan\EMD_V5_2_Hybrid\06_docking\v5_3_model_guided\scores\meeko_ligand_logs\CAND_5abda62ff8_mk_prepare_ligand.log,prepared,0
CAND_5c64fa89d0,C:\Users\srira\Desktop\new_plan\EMD_V5_2_Hybrid\06_docking\v5_3_model_guided\ligands_sdf\CAND_5c64fa89d0.sdf,C:\Users\srira\Desktop\new_plan\EMD_V5_2_Hybrid\06_docking\v5_3_model_guided\ligands_pdbqt\CAND_5c64fa89d0.pdbqt,C:\Users\srira\Desktop\new_plan\EMD_V5_2_Hybrid\06_docking\v5_3_model_guided\scores\meeko_ligand_logs\CAND_5c64fa89d0_mk_prepare_ligand.log,prepared,0
CAND_5fdf8771a8,C:\Users\srira\Desktop\new_plan\EMD_V5_2_Hybrid\06_docking\v5_3_model_guided\ligands_sdf\CAND_5fdf8771a8.sdf,C:\Users\srira\Desktop\new_plan\EMD_V5_2_Hybrid\06_docking\v5_3_model_guided\ligands_pdbqt\CAND_5fdf8771a8.pdbqt,C:\Users\srira\Desktop\new_plan\EMD_V5_2_Hybrid\06_docking\v5_3_model_guided\scores\meeko_ligand_logs\CAND_5fdf8771a8_mk_prepare_ligand.log,prepared,0
CAND_61168e1ccf,C:\Users\srira\Desktop\new_plan\EMD_V5_2_Hybrid\06_docking\v5_3_model_guided\ligands_sdf\CAND_61168e1ccf.sdf,C:\Users\srira\Desktop\new_plan\EMD_V5_2_Hybrid\06_docking\v5_3_model_guided\ligands_pdbqt\CAND_61168e1ccf.pdbqt,C:\Users\srira\Desktop\new_plan\EMD_V5_2_Hybrid\06_docking\v5_3_model_guided\scores\meeko_ligand_logs\CAND_61168e1ccf_mk_prepare_ligand.log,prepared,0
CAND_637465f4e1,C:\Users\srira\Desktop\new_plan\EMD_V5_2_Hybrid\06_docking\v5_3_model_guided\ligands_sdf\CAND_637465f4e1.sdf,C:\Users\srira\Desktop\new_plan\EMD_V5_2_Hybrid\06_docking\v5_3_model_guided\ligands_pdbqt\CAND_637465f4e1.pdbqt,C:\Users\srira\Desktop\new_plan\EMD_V5_2_Hybrid\06_docking\v5_3_model_guided\scores\meeko_ligand_logs\CAND_637465f4e1_mk_prepare_ligand.log,prepared,0
CAND_661d99e302,C:\Users\srira\Desktop\new_plan\EMD_V5_2_Hybrid\06_docking\v5_3_model_guided\ligands_sdf\CAND_661d99e302.sdf,C:\Users\srira\Desktop\new_plan\EMD_V5_2_Hybrid\06_docking\v5_3_model_guided\ligands_pdbqt\CAND_661d99e302.pdbqt,C:\Users\srira\Desktop\new_plan\EMD_V5_2_Hybrid\06_docking\v5_3_model_guided\scores\meeko_ligand_logs\CAND_661d99e302_mk_prepare_ligand.log,prepared,0
CAND_67bc1f8ccd,C:\Users\srira\Desktop\new_plan\EMD_V5_2_Hybrid\06_docking\v5_3_model_guided\ligands_sdf\CAND_67bc1f8ccd.sdf,C:\Users\srira\Desktop\new_plan\EMD_V5_2_Hybrid\06_docking\v5_3_model_guided\ligands_pdbqt\CAND_67bc1f8ccd.pdbqt,C:\Users\srira\Desktop\new_plan\EMD_V5_2_Hybrid\06_docking\v5_3_model_guided\scores\meeko_ligand_logs\CAND_67bc1f8ccd_mk_prepare_ligand.log,prepared,0
CAND_67e4c4c09b,C:\Users\srira\Desktop\new_plan\EMD_V5_2_Hybrid\06_docking\v5_3_model_guided\ligands_sdf\CAND_67e4c4c09b.sdf,C:\Users\srira\Desktop\new_plan\EMD_V5_2_Hybrid\06_docking\v5_3_model_guided\ligands_pdbqt\CAND_67e4c4c09b.pdbqt,C:\Users\srira\Desktop\new_plan\EMD_V5_2_Hybrid\06_docking\v5_3_model_guided\scores\meeko_ligand_logs\CAND_67e4c4c09b_mk_prepare_ligand.log,prepared,0
CAND_69ce89568d,C:\Users\srira\Desktop\new_plan\EMD_V5_2_Hybrid\06_docking\v5_3_model_guided\ligands_sdf\CAND_69ce89568d.sdf,C:\Users\srira\Desktop\new_plan\EMD_V5_2_Hybrid\06_docking\v5_3_model_guided\ligands_pdbqt\CAND_69ce89568d.pdbqt,C:\Users\srira\Desktop\new_plan\EMD_V5_2_Hybrid\06_docking\v5_3_model_guided\scores\meeko_ligand_logs\CAND_69ce89568d_mk_prepare_ligand.log,prepared,0
CAND_6c9b69bfe2,C:\Users\srira\Desktop\new_plan\EMD_V5_2_Hybrid\06_docking\v5_3_model_guided\ligands_sdf\CAND_6c9b69bfe2.sdf,C:\Users\srira\Desktop\new_plan\EMD_V5_2_Hybrid\06_docking\v5_3_model_guided\ligands_pdbqt\CAND_6c9b69bfe2.pdbqt,C:\Users\srira\Desktop\new_plan\EMD_V5_2_Hybrid\06_docking\v5_3_model_guided\scores\meeko_ligand_logs\CAND_6c9b69bfe2_mk_prepare_ligand.log,prepared,0
CAND_6cb1768675,C:\Users\srira\Desktop\new_plan\EMD_V5_2_Hybrid\06_docking\v5_3_model_guided\ligands_sdf\CAND_6cb1768675.sdf,C:\Users\srira\Desktop\new_plan\EMD_V5_2_Hybrid\06_docking\v5_3_model_guided\ligands_pdbqt\CAND_6cb1768675.pdbqt,C:\Users\srira\Desktop\new_plan\EMD_V5_2_Hybrid\06_docking\v5_3_model_guided\scores\meeko_ligand_logs\CAND_6cb1768675_mk_prepare_ligand.log,prepared,0
CAND_6d30b04ba5,C:\Users\srira\Desktop\new_plan\EMD_V5_2_Hybrid\06_docking\v5_3_model_guided\ligands_sdf\CAND_6d30b04ba5.sdf,C:\Users\srira\Desktop\new_plan\EMD_V5_2_Hybrid\06_docking\v5_3_model_guided\ligands_pdbqt\CAND_6d30b04ba5.pdbqt,C:\Users\srira\Desktop\new_plan\EMD_V5_2_Hybrid\06_docking\v5_3_model_guided\scores\meeko_ligand_logs\CAND_6d30b04ba5_mk_prepare_ligand.log,prepared,0
CAND_6e7e0ee6d7,C:\Users\srira\Desktop\new_plan\EMD_V5_2_Hybrid\06_docking\v5_3_model_guided\ligands_sdf\CAND_6e7e0ee6d7.sdf,C:\Users\srira\Desktop\new_plan\EMD_V5_2_Hybrid\06_docking\v5_3_model_guided\ligands_pdbqt\CAND_6e7e0ee6d7.pdbqt,C:\Users\srira\Desktop\new_plan\EMD_V5_2_Hybrid\06_docking\v5_3_model_guided\scores\meeko_ligand_logs\CAND_6e7e0ee6d7_mk_prepare_ligand.log,prepared,0
CAND_6f5c819abf,C:\Users\srira\Desktop\new_plan\EMD_V5_2_Hybrid\06_docking\v5_3_model_guided\ligands_sdf\CAND_6f5c819abf.sdf,C:\Users\srira\Desktop\new_plan\EMD_V5_2_Hybrid\06_docking\v5_3_model_guided\ligands_pdbqt\CAND_6f5c819abf.pdbqt,C:\Users\srira\Desktop\new_plan\EMD_V5_2_Hybrid\06_docking\v5_3_model_guided\scores\meeko_ligand_logs\CAND_6f5c819abf_mk_prepare_ligand.log,prepared,0
CAND_72609efe2c,C:\Users\srira\Desktop\new_plan\EMD_V5_2_Hybrid\06_docking\v5_3_model_guided\ligands_sdf\CAND_72609efe2c.sdf,C:\Users\srira\Desktop\new_plan\EMD_V5_2_Hybrid\06_docking\v5_3_model_guided\ligands_pdbqt\CAND_72609efe2c.pdbqt,C:\Users\srira\Desktop\new_plan\EMD_V5_2_Hybrid\06_docking\v5_3_model_guided\scores\meeko_ligand_logs\CAND_72609efe2c_mk_prepare_ligand.log,prepared,0
CAND_76774df791,C:\Users\srira\Desktop\new_plan\EMD_V5_2_Hybrid\06_docking\v5_3_model_guided\ligands_sdf\CAND_76774df791.sdf,C:\Users\srira\Desktop\new_plan\EMD_V5_2_Hybrid\06_docking\v5_3_model_guided\ligands_pdbqt\CAND_76774df791.pdbqt,C:\Users\srira\Desktop\new_plan\EMD_V5_2_Hybrid\06_docking\v5_3_model_guided\scores\meeko_ligand_logs\CAND_76774df791_mk_prepare_ligand.log,prepared,0
CAND_79995adf19,C:\Users\srira\Desktop\new_plan\EMD_V5_2_Hybrid\06_docking\v5_3_model_guided\ligands_sdf\CAND_79995adf19.sdf,C:\Users\srira\Desktop\new_plan\EMD_V5_2_Hybrid\06_docking\v5_3_model_guided\ligands_pdbqt\CAND_79995adf19.pdbqt,C:\Users\srira\Desktop\new_plan\EMD_V5_2_Hybrid\06_docking\v5_3_model_guided\scores\meeko_ligand_logs\CAND_79995adf19_mk_prepare_ligand.log,prepared,0
CAND_7f6895293f,C:\Users\srira\Desktop\new_plan\EMD_V5_2_Hybrid\06_docking\v5_3_model_guided\ligands_sdf\CAND_7f6895293f.sdf,C:\Users\srira\Desktop\new_plan\EMD_V5_2_Hybrid\06_docking\v5_3_model_guided\ligands_pdbqt\CAND_7f6895293f.pdbqt,C:\Users\srira\Desktop\new_plan\EMD_V5_2_Hybrid\06_docking\v5_3_model_guided\scores\meeko_ligand_logs\CAND_7f6895293f_mk_prepare_ligand.log,prepared,0
CAND_7f7760bbec,C:\Users\srira\Desktop\new_plan\EMD_V5_2_Hybrid\06_docking\v5_3_model_guided\ligands_sdf\CAND_7f7760bbec.sdf,C:\Users\srira\Desktop\new_plan\EMD_V5_2_Hybrid\06_docking\v5_3_model_guided\ligands_pdbqt\CAND_7f7760bbec.pdbqt,C:\Users\srira\Desktop\new_plan\EMD_V5_2_Hybrid\06_docking\v5_3_model_guided\scores\meeko_ligand_logs\CAND_7f7760bbec_mk_prepare_ligand.log,prepared,0
CAND_7f998a5652,C:\Users\srira\Desktop\new_plan\EMD_V5_2_Hybrid\06_docking\v5_3_model_guided\ligands_sdf\CAND_7f998a5652.sdf,C:\Users\srira\Desktop\new_plan\EMD_V5_2_Hybrid\06_docking\v5_3_model_guided\ligands_pdbqt\CAND_7f998a5652.pdbqt,C:\Users\srira\Desktop\new_plan\EMD_V5_2_Hybrid\06_docking\v5_3_model_guided\scores\meeko_ligand_logs\CAND_7f998a5652_mk_prepare_ligand.log,prepared,0
CAND_826c88beb5,C:\Users\srira\Desktop\new_plan\EMD_V5_2_Hybrid\06_docking\v5_3_model_guided\ligands_sdf\CAND_826c88beb5.sdf,C:\Users\srira\Desktop\new_plan\EMD_V5_2_Hybrid\06_docking\v5_3_model_guided\ligands_pdbqt\CAND_826c88beb5.pdbqt,C:\Users\srira\Desktop\new_plan\EMD_V5_2_Hybrid\06_docking\v5_3_model_guided\scores\meeko_ligand_logs\CAND_826c88beb5_mk_prepare_ligand.log,prepared,0
CAND_893be87c2e,C:\Users\srira\Desktop\new_plan\EMD_V5_2_Hybrid\06_docking\v5_3_model_guided\ligands_sdf\CAND_893be87c2e.sdf,C:\Users\srira\Desktop\new_plan\EMD_V5_2_Hybrid\06_docking\v5_3_model_guided\ligands_pdbqt\CAND_893be87c2e.pdbqt,C:\Users\srira\Desktop\new_plan\EMD_V5_2_Hybrid\06_docking\v5_3_model_guided\scores\meeko_ligand_logs\CAND_893be87c2e_mk_prepare_ligand.log,prepared,0
CAND_8b6de06a0f,C:\Users\srira\Desktop\new_plan\EMD_V5_2_Hybrid\06_docking\v5_3_model_guided\ligands_sdf\CAND_8b6de06a0f.sdf,C:\Users\srira\Desktop\new_plan\EMD_V5_2_Hybrid\06_docking\v5_3_model_guided\ligands_pdbqt\CAND_8b6de06a0f.pdbqt,C:\Users\srira\Desktop\new_plan\EMD_V5_2_Hybrid\06_docking\v5_3_model_guided\scores\meeko_ligand_logs\CAND_8b6de06a0f_mk_prepare_ligand.log,prepared,0
CAND_8f245c542f,C:\Users\srira\Desktop\new_plan\EMD_V5_2_Hybrid\06_docking\v5_3_model_guided\ligands_sdf\CAND_8f245c542f.sdf,C:\Users\srira\Desktop\new_plan\EMD_V5_2_Hybrid\06_docking\v5_3_model_guided\ligands_pdbqt\CAND_8f245c542f.pdbqt,C:\Users\srira\Desktop\new_plan\EMD_V5_2_Hybrid\06_docking\v5_3_model_guided\scores\meeko_ligand_logs\CAND_8f245c542f_mk_prepare_ligand.log,prepared,0
CAND_91833501ec,C:\Users\srira\Desktop\new_plan\EMD_V5_2_Hybrid\06_docking\v5_3_model_guided\ligands_sdf\CAND_91833501ec.sdf,C:\Users\srira\Desktop\new_plan\EMD_V5_2_Hybrid\06_docking\v5_3_model_guided\ligands_pdbqt\CAND_91833501ec.pdbqt,C:\Users\srira\Desktop\new_plan\EMD_V5_2_Hybrid\06_docking\v5_3_model_guided\scores\meeko_ligand_logs\CAND_91833501ec_mk_prepare_ligand.log,prepared,0
CAND_94f502517a,C:\Users\srira\Desktop\new_plan\EMD_V5_2_Hybrid\06_docking\v5_3_model_guided\ligands_sdf\CAND_94f502517a.sdf,C:\Users\srira\Desktop\new_plan\EMD_V5_2_Hybrid\06_docking\v5_3_model_guided\ligands_pdbqt\CAND_94f502517a.pdbqt,C:\Users\srira\Desktop\new_plan\EMD_V5_2_Hybrid\06_docking\v5_3_model_guided\scores\meeko_ligand_logs\CAND_94f502517a_mk_prepare_ligand.log,prepared,0
CAND_956024a173,C:\Users\srira\Desktop\new_plan\EMD_V5_2_Hybrid\06_docking\v5_3_model_guided\ligands_sdf\CAND_956024a173.sdf,C:\Users\srira\Desktop\new_plan\EMD_V5_2_Hybrid\06_docking\v5_3_model_guided\ligands_pdbqt\CAND_956024a173.pdbqt,C:\Users\srira\Desktop\new_plan\EMD_V5_2_Hybrid\06_docking\v5_3_model_guided\scores\meeko_ligand_logs\CAND_956024a173_mk_prepare_ligand.log,prepared,0
CAND_97556b1c56,C:\Users\srira\Desktop\new_plan\EMD_V5_2_Hybrid\06_docking\v5_3_model_guided\ligands_sdf\CAND_97556b1c56.sdf,C:\Users\srira\Desktop\new_plan\EMD_V5_2_Hybrid\06_docking\v5_3_model_guided\ligands_pdbqt\CAND_97556b1c56.pdbqt,C:\Users\srira\Desktop\new_plan\EMD_V5_2_Hybrid\06_docking\v5_3_model_guided\scores\meeko_ligand_logs\CAND_97556b1c56_mk_prepare_ligand.log,prepared,0
CAND_9b2dbc98ed,C:\Users\srira\Desktop\new_plan\EMD_V5_2_Hybrid\06_docking\v5_3_model_guided\ligands_sdf\CAND_9b2dbc98ed.sdf,C:\Users\srira\Desktop\new_plan\EMD_V5_2_Hybrid\06_docking\v5_3_model_guided\ligands_pdbqt\CAND_9b2dbc98ed.pdbqt,C:\Users\srira\Desktop\new_plan\EMD_V5_2_Hybrid\06_docking\v5_3_model_guided\scores\meeko_ligand_logs\CAND_9b2dbc98ed_mk_prepare_ligand.log,prepared,0
CAND_9c6324c16c,C:\Users\srira\Desktop\new_plan\EMD_V5_2_Hybrid\06_docking\v5_3_model_guided\ligands_sdf\CAND_9c6324c16c.sdf,C:\Users\srira\Desktop\new_plan\EMD_V5_2_Hybrid\06_docking\v5_3_model_guided\ligands_pdbqt\CAND_9c6324c16c.pdbqt,C:\Users\srira\Desktop\new_plan\EMD_V5_2_Hybrid\06_docking\v5_3_model_guided\scores\meeko_ligand_logs\CAND_9c6324c16c_mk_prepare_ligand.log,prepared,0
CAND_9d4c5cab6d,C:\Users\srira\Desktop\new_plan\EMD_V5_2_Hybrid\06_docking\v5_3_model_guided\ligands_sdf\CAND_9d4c5cab6d.sdf,C:\Users\srira\Desktop\new_plan\EMD_V5_2_Hybrid\06_docking\v5_3_model_guided\ligands_pdbqt\CAND_9d4c5cab6d.pdbqt,C:\Users\srira\Desktop\new_plan\EMD_V5_2_Hybrid\06_docking\v5_3_model_guided\scores\meeko_ligand_logs\CAND_9d4c5cab6d_mk_prepare_ligand.log,prepared,0
CAND_9f32e71b10,C:\Users\srira\Desktop\new_plan\EMD_V5_2_Hybrid\06_docking\v5_3_model_guided\ligands_sdf\CAND_9f32e71b10.sdf,C:\Users\srira\Desktop\new_plan\EMD_V5_2_Hybrid\06_docking\v5_3_model_guided\ligands_pdbqt\CAND_9f32e71b10.pdbqt,C:\Users\srira\Desktop\new_plan\EMD_V5_2_Hybrid\06_docking\v5_3_model_guided\scores\meeko_ligand_logs\CAND_9f32e71b10_mk_prepare_ligand.log,prepared,0
CAND_a28891a72c,C:\Users\srira\Desktop\new_plan\EMD_V5_2_Hybrid\06_docking\v5_3_model_guided\ligands_sdf\CAND_a28891a72c.sdf,C:\Users\srira\Desktop\new_plan\EMD_V5_2_Hybrid\06_docking\v5_3_model_guided\ligands_pdbqt\CAND_a28891a72c.pdbqt,C:\Users\srira\Desktop\new_plan\EMD_V5_2_Hybrid\06_docking\v5_3_model_guided\scores\meeko_ligand_logs\CAND_a28891a72c_mk_prepare_ligand.log,prepared,0
CAND_a57d09f53c,C:\Users\srira\Desktop\new_plan\EMD_V5_2_Hybrid\06_docking\v5_3_model_guided\ligands_sdf\CAND_a57d09f53c.sdf,C:\Users\srira\Desktop\new_plan\EMD_V5_2_Hybrid\06_docking\v5_3_model_guided\ligands_pdbqt\CAND_a57d09f53c.pdbqt,C:\Users\srira\Desktop\new_plan\EMD_V5_2_Hybrid\06_docking\v5_3_model_guided\scores\meeko_ligand_logs\CAND_a57d09f53c_mk_prepare_ligand.log,prepared,0
CAND_a6e2aca7fb,C:\Users\srira\Desktop\new_plan\EMD_V5_2_Hybrid\06_docking\v5_3_model_guided\ligands_sdf\CAND_a6e2aca7fb.sdf,C:\Users\srira\Desktop\new_plan\EMD_V5_2_Hybrid\06_docking\v5_3_model_guided\ligands_pdbqt\CAND_a6e2aca7fb.pdbqt,C:\Users\srira\Desktop\new_plan\EMD_V5_2_Hybrid\06_docking\v5_3_model_guided\scores\meeko_ligand_logs\CAND_a6e2aca7fb_mk_prepare_ligand.log,prepared,0
CAND_a8632b2da2,C:\Users\srira\Desktop\new_plan\EMD_V5_2_Hybrid\06_docking\v5_3_model_guided\ligands_sdf\CAND_a8632b2da2.sdf,C:\Users\srira\Desktop\new_plan\EMD_V5_2_Hybrid\06_docking\v5_3_model_guided\ligands_pdbqt\CAND_a8632b2da2.pdbqt,C:\Users\srira\Desktop\new_plan\EMD_V5_2_Hybrid\06_docking\v5_3_model_guided\scores\meeko_ligand_logs\CAND_a8632b2da2_mk_prepare_ligand.log,prepared,0
CAND_a8aa3f8065,C:\Users\srira\Desktop\new_plan\EMD_V5_2_Hybrid\06_docking\v5_3_model_guided\ligands_sdf\CAND_a8aa3f8065.sdf,C:\Users\srira\Desktop\new_plan\EMD_V5_2_Hybrid\06_docking\v5_3_model_guided\ligands_pdbqt\CAND_a8aa3f8065.pdbqt,C:\Users\srira\Desktop\new_plan\EMD_V5_2_Hybrid\06_docking\v5_3_model_guided\scores\meeko_ligand_logs\CAND_a8aa3f8065_mk_prepare_ligand.log,prepared,0
CAND_aaa379f29a,C:\Users\srira\Desktop\new_plan\EMD_V5_2_Hybrid\06_docking\v5_3_model_guided\ligands_sdf\CAND_aaa379f29a.sdf,C:\Users\srira\Desktop\new_plan\EMD_V5_2_Hybrid\06_docking\v5_3_model_guided\ligands_pdbqt\CAND_aaa379f29a.pdbqt,C:\Users\srira\Desktop\new_plan\EMD_V5_2_Hybrid\06_docking\v5_3_model_guided\scores\meeko_ligand_logs\CAND_aaa379f29a_mk_prepare_ligand.log,prepared,0
CAND_b3c1e9c6e7,C:\Users\srira\Desktop\new_plan\EMD_V5_2_Hybrid\06_docking\v5_3_model_guided\ligands_sdf\CAND_b3c1e9c6e7.sdf,C:\Users\srira\Desktop\new_plan\EMD_V5_2_Hybrid\06_docking\v5_3_model_guided\ligands_pdbqt\CAND_b3c1e9c6e7.pdbqt,C:\Users\srira\Desktop\new_plan\EMD_V5_2_Hybrid\06_docking\v5_3_model_guided\scores\meeko_ligand_logs\CAND_b3c1e9c6e7_mk_prepare_ligand.log,prepared,0
CAND_b7ff913a58,C:\Users\srira\Desktop\new_plan\EMD_V5_2_Hybrid\06_docking\v5_3_model_guided\ligands_sdf\CAND_b7ff913a58.sdf,C:\Users\srira\Desktop\new_plan\EMD_V5_2_Hybrid\06_docking\v5_3_model_guided\ligands_pdbqt\CAND_b7ff913a58.pdbqt,C:\Users\srira\Desktop\new_plan\EMD_V5_2_Hybrid\06_docking\v5_3_model_guided\scores\meeko_ligand_logs\CAND_b7ff913a58_mk_prepare_ligand.log,prepared,0
CAND_bb18276fcc,C:\Users\srira\Desktop\new_plan\EMD_V5_2_Hybrid\06_docking\v5_3_model_guided\ligands_sdf\CAND_bb18276fcc.sdf,C:\Users\srira\Desktop\new_plan\EMD_V5_2_Hybrid\06_docking\v5_3_model_guided\ligands_pdbqt\CAND_bb18276fcc.pdbqt,C:\Users\srira\Desktop\new_plan\EMD_V5_2_Hybrid\06_docking\v5_3_model_guided\scores\meeko_ligand_logs\CAND_bb18276fcc_mk_prepare_ligand.log,prepared,0
CAND_bfdc82a98a,C:\Users\srira\Desktop\new_plan\EMD_V5_2_Hybrid\06_docking\v5_3_model_guided\ligands_sdf\CAND_bfdc82a98a.sdf,C:\Users\srira\Desktop\new_plan\EMD_V5_2_Hybrid\06_docking\v5_3_model_guided\ligands_pdbqt\CAND_bfdc82a98a.pdbqt,C:\Users\srira\Desktop\new_plan\EMD_V5_2_Hybrid\06_docking\v5_3_model_guided\scores\meeko_ligand_logs\CAND_bfdc82a98a_mk_prepare_ligand.log,prepared,0
CAND_c32c4f2b09,C:\Users\srira\Desktop\new_plan\EMD_V5_2_Hybrid\06_docking\v5_3_model_guided\ligands_sdf\CAND_c32c4f2b09.sdf,C:\Users\srira\Desktop\new_plan\EMD_V5_2_Hybrid\06_docking\v5_3_model_guided\ligands_pdbqt\CAND_c32c4f2b09.pdbqt,C:\Users\srira\Desktop\new_plan\EMD_V5_2_Hybrid\06_docking\v5_3_model_guided\scores\meeko_ligand_logs\CAND_c32c4f2b09_mk_prepare_ligand.log,prepared,0
CAND_c5284988bc,C:\Users\srira\Desktop\new_plan\EMD_V5_2_Hybrid\06_docking\v5_3_model_guided\ligands_sdf\CAND_c5284988bc.sdf,C:\Users\srira\Desktop\new_plan\EMD_V5_2_Hybrid\06_docking\v5_3_model_guided\ligands_pdbqt\CAND_c5284988bc.pdbqt,C:\Users\srira\Desktop\new_plan\EMD_V5_2_Hybrid\06_docking\v5_3_model_guided\scores\meeko_ligand_logs\CAND_c5284988bc_mk_prepare_ligand.log,prepared,0
CAND_c71340cdb2,C:\Users\srira\Desktop\new_plan\EMD_V5_2_Hybrid\06_docking\v5_3_model_guided\ligands_sdf\CAND_c71340cdb2.sdf,C:\Users\srira\Desktop\new_plan\EMD_V5_2_Hybrid\06_docking\v5_3_model_guided\ligands_pdbqt\CAND_c71340cdb2.pdbqt,C:\Users\srira\Desktop\new_plan\EMD_V5_2_Hybrid\06_docking\v5_3_model_guided\scores\meeko_ligand_logs\CAND_c71340cdb2_mk_prepare_ligand.log,prepared,0
CAND_c9a78f3f99,C:\Users\srira\Desktop\new_plan\EMD_V5_2_Hybrid\06_docking\v5_3_model_guided\ligands_sdf\CAND_c9a78f3f99.sdf,C:\Users\srira\Desktop\new_plan\EMD_V5_2_Hybrid\06_docking\v5_3_model_guided\ligands_pdbqt\CAND_c9a78f3f99.pdbqt,C:\Users\srira\Desktop\new_plan\EMD_V5_2_Hybrid\06_docking\v5_3_model_guided\scores\meeko_ligand_logs\CAND_c9a78f3f99_mk_prepare_ligand.log,prepared,0
CAND_ce765fd66c,C:\Users\srira\Desktop\new_plan\EMD_V5_2_Hybrid\06_docking\v5_3_model_guided\ligands_sdf\CAND_ce765fd66c.sdf,C:\Users\srira\Desktop\new_plan\EMD_V5_2_Hybrid\06_docking\v5_3_model_guided\ligands_pdbqt\CAND_ce765fd66c.pdbqt,C:\Users\srira\Desktop\new_plan\EMD_V5_2_Hybrid\06_docking\v5_3_model_guided\scores\meeko_ligand_logs\CAND_ce765fd66c_mk_prepare_ligand.log,prepared,0
CAND_d26b3db662,C:\Users\srira\Desktop\new_plan\EMD_V5_2_Hybrid\06_docking\v5_3_model_guided\ligands_sdf\CAND_d26b3db662.sdf,C:\Users\srira\Desktop\new_plan\EMD_V5_2_Hybrid\06_docking\v5_3_model_guided\ligands_pdbqt\CAND_d26b3db662.pdbqt,C:\Users\srira\Desktop\new_plan\EMD_V5_2_Hybrid\06_docking\v5_3_model_guided\scores\meeko_ligand_logs\CAND_d26b3db662_mk_prepare_ligand.log,prepared,0
CAND_d3037c6bbb,C:\Users\srira\Desktop\new_plan\EMD_V5_2_Hybrid\06_docking\v5_3_model_guided\ligands_sdf\CAND_d3037c6bbb.sdf,C:\Users\srira\Desktop\new_plan\EMD_V5_2_Hybrid\06_docking\v5_3_model_guided\ligands_pdbqt\CAND_d3037c6bbb.pdbqt,C:\Users\srira\Desktop\new_plan\EMD_V5_2_Hybrid\06_docking\v5_3_model_guided\scores\meeko_ligand_logs\CAND_d3037c6bbb_mk_prepare_ligand.log,prepared,0
CAND_d32750a6b3,C:\Users\srira\Desktop\new_plan\EMD_V5_2_Hybrid\06_docking\v5_3_model_guided\ligands_sdf\CAND_d32750a6b3.sdf,C:\Users\srira\Desktop\new_plan\EMD_V5_2_Hybrid\06_docking\v5_3_model_guided\ligands_pdbqt\CAND_d32750a6b3.pdbqt,C:\Users\srira\Desktop\new_plan\EMD_V5_2_Hybrid\06_docking\v5_3_model_guided\scores\meeko_ligand_logs\CAND_d32750a6b3_mk_prepare_ligand.log,prepared,0
CAND_d4292dc600,C:\Users\srira\Desktop\new_plan\EMD_V5_2_Hybrid\06_docking\v5_3_model_guided\ligands_sdf\CAND_d4292dc600.sdf,C:\Users\srira\Desktop\new_plan\EMD_V5_2_Hybrid\06_docking\v5_3_model_guided\ligands_pdbqt\CAND_d4292dc600.pdbqt,C:\Users\srira\Desktop\new_plan\EMD_V5_2_Hybrid\06_docking\v5_3_model_guided\scores\meeko_ligand_logs\CAND_d4292dc600_mk_prepare_ligand.log,prepared,0
CAND_d6e2fc541d,C:\Users\srira\Desktop\new_plan\EMD_V5_2_Hybrid\06_docking\v5_3_model_guided\ligands_sdf\CAND_d6e2fc541d.sdf,C:\Users\srira\Desktop\new_plan\EMD_V5_2_Hybrid\06_docking\v5_3_model_guided\ligands_pdbqt\CAND_d6e2fc541d.pdbqt,C:\Users\srira\Desktop\new_plan\EMD_V5_2_Hybrid\06_docking\v5_3_model_guided\scores\meeko_ligand_logs\CAND_d6e2fc541d_mk_prepare_ligand.log,prepared,0
CAND_d7295004a0,C:\Users\srira\Desktop\new_plan\EMD_V5_2_Hybrid\06_docking\v5_3_model_guided\ligands_sdf\CAND_d7295004a0.sdf,C:\Users\srira\Desktop\new_plan\EMD_V5_2_Hybrid\06_docking\v5_3_model_guided\ligands_pdbqt\CAND_d7295004a0.pdbqt,C:\Users\srira\Desktop\new_plan\EMD_V5_2_Hybrid\06_docking\v5_3_model_guided\scores\meeko_ligand_logs\CAND_d7295004a0_mk_prepare_ligand.log,prepared,0
CAND_d7d5e569e3,C:\Users\srira\Desktop\new_plan\EMD_V5_2_Hybrid\06_docking\v5_3_model_guided\ligands_sdf\CAND_d7d5e569e3.sdf,C:\Users\srira\Desktop\new_plan\EMD_V5_2_Hybrid\06_docking\v5_3_model_guided\ligands_pdbqt\CAND_d7d5e569e3.pdbqt,C:\Users\srira\Desktop\new_plan\EMD_V5_2_Hybrid\06_docking\v5_3_model_guided\scores\meeko_ligand_logs\CAND_d7d5e569e3_mk_prepare_ligand.log,prepared,0
CAND_d905c29100,C:\Users\srira\Desktop\new_plan\EMD_V5_2_Hybrid\06_docking\v5_3_model_guided\ligands_sdf\CAND_d905c29100.sdf,C:\Users\srira\Desktop\new_plan\EMD_V5_2_Hybrid\06_docking\v5_3_model_guided\ligands_pdbqt\CAND_d905c29100.pdbqt,C:\Users\srira\Desktop\new_plan\EMD_V5_2_Hybrid\06_docking\v5_3_model_guided\scores\meeko_ligand_logs\CAND_d905c29100_mk_prepare_ligand.log,prepared,0
CAND_d93664c4b9,C:\Users\srira\Desktop\new_plan\EMD_V5_2_Hybrid\06_docking\v5_3_model_guided\ligands_sdf\CAND_d93664c4b9.sdf,C:\Users\srira\Desktop\new_plan\EMD_V5_2_Hybrid\06_docking\v5_3_model_guided\ligands_pdbqt\CAND_d93664c4b9.pdbqt,C:\Users\srira\Desktop\new_plan\EMD_V5_2_Hybrid\06_docking\v5_3_model_guided\scores\meeko_ligand_logs\CAND_d93664c4b9_mk_prepare_ligand.log,prepared,0
CAND_da006e9e54,C:\Users\srira\Desktop\new_plan\EMD_V5_2_Hybrid\06_docking\v5_3_model_guided\ligands_sdf\CAND_da006e9e54.sdf,C:\Users\srira\Desktop\new_plan\EMD_V5_2_Hybrid\06_docking\v5_3_model_guided\ligands_pdbqt\CAND_da006e9e54.pdbqt,C:\Users\srira\Desktop\new_plan\EMD_V5_2_Hybrid\06_docking\v5_3_model_guided\scores\meeko_ligand_logs\CAND_da006e9e54_mk_prepare_ligand.log,prepared,0
CAND_dbfbb7d1cf,C:\Users\srira\Desktop\new_plan\EMD_V5_2_Hybrid\06_docking\v5_3_model_guided\ligands_sdf\CAND_dbfbb7d1cf.sdf,C:\Users\srira\Desktop\new_plan\EMD_V5_2_Hybrid\06_docking\v5_3_model_guided\ligands_pdbqt\CAND_dbfbb7d1cf.pdbqt,C:\Users\srira\Desktop\new_plan\EMD_V5_2_Hybrid\06_docking\v5_3_model_guided\scores\meeko_ligand_logs\CAND_dbfbb7d1cf_mk_prepare_ligand.log,prepared,0
CAND_e16585ad8a,C:\Users\srira\Desktop\new_plan\EMD_V5_2_Hybrid\06_docking\v5_3_model_guided\ligands_sdf\CAND_e16585ad8a.sdf,C:\Users\srira\Desktop\new_plan\EMD_V5_2_Hybrid\06_docking\v5_3_model_guided\ligands_pdbqt\CAND_e16585ad8a.pdbqt,C:\Users\srira\Desktop\new_plan\EMD_V5_2_Hybrid\06_docking\v5_3_model_guided\scores\meeko_ligand_logs\CAND_e16585ad8a_mk_prepare_ligand.log,prepared,0
CAND_e275a7e3ff,C:\Users\srira\Desktop\new_plan\EMD_V5_2_Hybrid\06_docking\v5_3_model_guided\ligands_sdf\CAND_e275a7e3ff.sdf,C:\Users\srira\Desktop\new_plan\EMD_V5_2_Hybrid\06_docking\v5_3_model_guided\ligands_pdbqt\CAND_e275a7e3ff.pdbqt,C:\Users\srira\Desktop\new_plan\EMD_V5_2_Hybrid\06_docking\v5_3_model_guided\scores\meeko_ligand_logs\CAND_e275a7e3ff_mk_prepare_ligand.log,prepared,0
CAND_e6c0627bb9,C:\Users\srira\Desktop\new_plan\EMD_V5_2_Hybrid\06_docking\v5_3_model_guided\ligands_sdf\CAND_e6c0627bb9.sdf,C:\Users\srira\Desktop\new_plan\EMD_V5_2_Hybrid\06_docking\v5_3_model_guided\ligands_pdbqt\CAND_e6c0627bb9.pdbqt,C:\Users\srira\Desktop\new_plan\EMD_V5_2_Hybrid\06_docking\v5_3_model_guided\scores\meeko_ligand_logs\CAND_e6c0627bb9_mk_prepare_ligand.log,prepared,0
CAND_ebd66c7b75,C:\Users\srira\Desktop\new_plan\EMD_V5_2_Hybrid\06_docking\v5_3_model_guided\ligands_sdf\CAND_ebd66c7b75.sdf,C:\Users\srira\Desktop\new_plan\EMD_V5_2_Hybrid\06_docking\v5_3_model_guided\ligands_pdbqt\CAND_ebd66c7b75.pdbqt,C:\Users\srira\Desktop\new_plan\EMD_V5_2_Hybrid\06_docking\v5_3_model_guided\scores\meeko_ligand_logs\CAND_ebd66c7b75_mk_prepare_ligand.log,prepared,0
CAND_ec7238a2dd,C:\Users\srira\Desktop\new_plan\EMD_V5_2_Hybrid\06_docking\v5_3_model_guided\ligands_sdf\CAND_ec7238a2dd.sdf,C:\Users\srira\Desktop\new_plan\EMD_V5_2_Hybrid\06_docking\v5_3_model_guided\ligands_pdbqt\CAND_ec7238a2dd.pdbqt,C:\Users\srira\Desktop\new_plan\EMD_V5_2_Hybrid\06_docking\v5_3_model_guided\scores\meeko_ligand_logs\CAND_ec7238a2dd_mk_prepare_ligand.log,prepared,0
CAND_ed05fcd36e,C:\Users\srira\Desktop\new_plan\EMD_V5_2_Hybrid\06_docking\v5_3_model_guided\ligands_sdf\CAND_ed05fcd36e.sdf,C:\Users\srira\Desktop\new_plan\EMD_V5_2_Hybrid\06_docking\v5_3_model_guided\ligands_pdbqt\CAND_ed05fcd36e.pdbqt,C:\Users\srira\Desktop\new_plan\EMD_V5_2_Hybrid\06_docking\v5_3_model_guided\scores\meeko_ligand_logs\CAND_ed05fcd36e_mk_prepare_ligand.log,prepared,0
CAND_ee723190bd,C:\Users\srira\Desktop\new_plan\EMD_V5_2_Hybrid\06_docking\v5_3_model_guided\ligands_sdf\CAND_ee723190bd.sdf,C:\Users\srira\Desktop\new_plan\EMD_V5_2_Hybrid\06_docking\v5_3_model_guided\ligands_pdbqt\CAND_ee723190bd.pdbqt,C:\Users\srira\Desktop\new_plan\EMD_V5_2_Hybrid\06_docking\v5_3_model_guided\scores\meeko_ligand_logs\CAND_ee723190bd_mk_prepare_ligand.log,prepared,0
CAND_f01d409d4a,C:\Users\srira\Desktop\new_plan\EMD_V5_2_Hybrid\06_docking\v5_3_model_guided\ligands_sdf\CAND_f01d409d4a.sdf,C:\Users\srira\Desktop\new_plan\EMD_V5_2_Hybrid\06_docking\v5_3_model_guided\ligands_pdbqt\CAND_f01d409d4a.pdbqt,C:\Users\srira\Desktop\new_plan\EMD_V5_2_Hybrid\06_docking\v5_3_model_guided\scores\meeko_ligand_logs\CAND_f01d409d4a_mk_prepare_ligand.log,prepared,0
CAND_f0bd1b6255,C:\Users\srira\Desktop\new_plan\EMD_V5_2_Hybrid\06_docking\v5_3_model_guided\ligands_sdf\CAND_f0bd1b6255.sdf,C:\Users\srira\Desktop\new_plan\EMD_V5_2_Hybrid\06_docking\v5_3_model_guided\ligands_pdbqt\CAND_f0bd1b6255.pdbqt,C:\Users\srira\Desktop\new_plan\EMD_V5_2_Hybrid\06_docking\v5_3_model_guided\scores\meeko_ligand_logs\CAND_f0bd1b6255_mk_prepare_ligand.log,prepared,0
CAND_f134535edd,C:\Users\srira\Desktop\new_plan\EMD_V5_2_Hybrid\06_docking\v5_3_model_guided\ligands_sdf\CAND_f134535edd.sdf,C:\Users\srira\Desktop\new_plan\EMD_V5_2_Hybrid\06_docking\v5_3_model_guided\ligands_pdbqt\CAND_f134535edd.pdbqt,C:\Users\srira\Desktop\new_plan\EMD_V5_2_Hybrid\06_docking\v5_3_model_guided\scores\meeko_ligand_logs\CAND_f134535edd_mk_prepare_ligand.log,prepared,0
CAND_f14ad9ba35,C:\Users\srira\Desktop\new_plan\EMD_V5_2_Hybrid\06_docking\v5_3_model_guided\ligands_sdf\CAND_f14ad9ba35.sdf,C:\Users\srira\Desktop\new_plan\EMD_V5_2_Hybrid\06_docking\v5_3_model_guided\ligands_pdbqt\CAND_f14ad9ba35.pdbqt,C:\Users\srira\Desktop\new_plan\EMD_V5_2_Hybrid\06_docking\v5_3_model_guided\scores\meeko_ligand_logs\CAND_f14ad9ba35_mk_prepare_ligand.log,prepared,0
CAND_f4705e122e,C:\Users\srira\Desktop\new_plan\EMD_V5_2_Hybrid\06_docking\v5_3_model_guided\ligands_sdf\CAND_f4705e122e.sdf,C:\Users\srira\Desktop\new_plan\EMD_V5_2_Hybrid\06_docking\v5_3_model_guided\ligands_pdbqt\CAND_f4705e122e.pdbqt,C:\Users\srira\Desktop\new_plan\EMD_V5_2_Hybrid\06_docking\v5_3_model_guided\scores\meeko_ligand_logs\CAND_f4705e122e_mk_prepare_ligand.log,prepared,0
CAND_fd6a72e89d,C:\Users\srira\Desktop\new_plan\EMD_V5_2_Hybrid\06_docking\v5_3_model_guided\ligands_sdf\CAND_fd6a72e89d.sdf,C:\Users\srira\Desktop\new_plan\EMD_V5_2_Hybrid\06_docking\v5_3_model_guided\ligands_pdbqt\CAND_fd6a72e89d.pdbqt,C:\Users\srira\Desktop\new_plan\EMD_V5_2_Hybrid\06_docking\v5_3_model_guided\scores\meeko_ligand_logs\CAND_fd6a72e89d_mk_prepare_ligand.log,prepared,0
CAND_ff4ec3842f,C:\Users\srira\Desktop\new_plan\EMD_V5_2_Hybrid\06_docking\v5_3_model_guided\ligands_sdf\CAND_ff4ec3842f.sdf,C:\Users\srira\Desktop\new_plan\EMD_V5_2_Hybrid\06_docking\v5_3_model_guided\ligands_pdbqt\CAND_ff4ec3842f.pdbqt,C:\Users\srira\Desktop\new_plan\EMD_V5_2_Hybrid\06_docking\v5_3_model_guided\scores\meeko_ligand_logs\CAND_ff4ec3842f_mk_prepare_ligand.log,prepared,0
CAND_ffa2b05eef,C:\Users\srira\Desktop\new_plan\EMD_V5_2_Hybrid\06_docking\v5_3_model_guided\ligands_sdf\CAND_ffa2b05eef.sdf,C:\Users\srira\Desktop\new_plan\EMD_V5_2_Hybrid\06_docking\v5_3_model_guided\ligands_pdbqt\CAND_ffa2b05eef.pdbqt,C:\Users\srira\Desktop\new_plan\EMD_V5_2_Hybrid\06_docking\v5_3_model_guided\scores\meeko_ligand_logs\CAND_ffa2b05eef_mk_prepare_ligand.log,prepared,0
