candidate_id,pose_file,docking_score,num_ligand_atoms,ligand_centroid_x,ligand_centroid_y,ligand_centroid_z,grid_center_offset,min_protein_distance,contacts_within_4A,contacts_within_5A,unique_contact_residues_5A,contact_residues_5A,hard_clashes_lt_1_8A,pose_score,pose_decision
CAND_3688f8acdc,C:\Users\srira\Desktop\new_plan\EMD_V5_2_Hybrid\06_docking\v5_5_pocket_guided\poses\CAND_3688f8acdc_vina_out.pdbqt,-12.7,288,30.555,13.087,-4.859,2.219,2.636,509,2530,31,ALA:A:880;ARG:A:938;ARG:A:980;ASN:A:859;ASN:A:981;ASP:A:939;ASP:A:976;ASP:A:994;GLU:A:1015;GLU:A:930;GLY:A:856;GLY:A:858;GLY:A:861;GLY:A:935;GLY:A:993;GLY:A:996;LEU:A:855;LEU:A:932;LEU:A:983;LYS:A:857;LYS:A:882;LYS:A:943;MET:A:929;PHE:A:860;PRO:A:933;SER:A:862;SER:A:936;TYR:A:931;TYR:A:934;VAL:A:863,0,1.0,pass
CAND_496377791d,C:\Users\srira\Desktop\new_plan\EMD_V5_2_Hybrid\06_docking\v5_5_pocket_guided\poses\CAND_496377791d_vina_out.pdbqt,-10.7,240,30.43,14.109,-4.941,2.505,2.115,526,2048,29,ALA:A:880;ARG:A:938;ARG:A:980;ASN:A:981;ASP:A:939;ASP:A:976;ASP:A:994;GLN:A:853;GLN:A:854;GLU:A:1015;GLU:A:930;GLY:A:856;GLY:A:858;GLY:A:861;GLY:A:935;GLY:A:993;LEU:A:855;LEU:A:932;LEU:A:983;LYS:A:857;LYS:A:882;LYS:A:883;MET:A:929;PHE:A:860;SER:A:862;SER:A:936;TYR:A:931;VAL:A:863;VAL:A:911,0,1.0,pass
CAND_2d29a49cf1,C:\Users\srira\Desktop\new_plan\EMD_V5_2_Hybrid\06_docking\v5_5_pocket_guided\poses\CAND_2d29a49cf1_vina_out.pdbqt,-11.4,306,31.499,13.767,-4.24,1.204,2.019,783,2949,27,ALA:A:880;ARG:A:938;ARG:A:980;ASN:A:859;ASN:A:981;ASP:A:939;ASP:A:976;ASP:A:994;GLU:A:1015;GLU:A:930;GLY:A:856;GLY:A:858;GLY:A:861;GLY:A:935;GLY:A:993;LEU:A:855;LEU:A:932;LEU:A:983;LYS:A:857;LYS:A:882;MET:A:929;PRO:A:933;SER:A:862;SER:A:936;TYR:A:931;VAL:A:863;VAL:A:911,0,1.0,pass
CAND_6a1a769c80,C:\Users\srira\Desktop\new_plan\EMD_V5_2_Hybrid\06_docking\v5_5_pocket_guided\poses\CAND_6a1a769c80_vina_out.pdbqt,-11.4,280,29.907,13.867,-5.096,2.959,2.052,559,2226,28,ALA:A:880;ARG:A:938;ARG:A:980;ASN:A:859;ASN:A:981;ASP:A:939;ASP:A:976;ASP:A:994;GLN:A:853;GLN:A:854;GLU:A:1015;GLU:A:930;GLY:A:856;GLY:A:858;GLY:A:935;GLY:A:993;LEU:A:855;LEU:A:932;LEU:A:983;LYS:A:857;LYS:A:882;MET:A:929;PRO:A:933;SER:A:936;TYR:A:931;TYR:A:934;VAL:A:863;VAL:A:911,0,1.0,pass
CAND_0fcbc91443,C:\Users\srira\Desktop\new_plan\EMD_V5_2_Hybrid\06_docking\v5_5_pocket_guided\poses\CAND_0fcbc91443_vina_out.pdbqt,-11.3,324,30.062,13.344,-5.054,2.742,1.75,664,2604,32,ALA:A:880;ARG:A:938;ARG:A:980;ASN:A:981;ASP:A:939;ASP:A:976;ASP:A:994;GLN:A:853;GLN:A:854;GLU:A:1015;GLU:A:930;GLY:A:856;GLY:A:858;GLY:A:861;GLY:A:935;GLY:A:993;GLY:A:996;LEU:A:855;LEU:A:932;LEU:A:983;LEU:A:997;LYS:A:857;LYS:A:882;LYS:A:943;MET:A:929;PHE:A:860;PRO:A:933;SER:A:936;TYR:A:931;TYR:A:934,1,0.92,pass
CAND_35b54cf2d0,C:\Users\srira\Desktop\new_plan\EMD_V5_2_Hybrid\06_docking\v5_5_pocket_guided\poses\CAND_35b54cf2d0_vina_out.pdbqt,-11.2,185,29.739,13.957,-5.787,3.458,1.988,382,1498,31,ALA:A:880;ARG:A:938;ARG:A:980;ASN:A:859;ASN:A:981;ASP:A:939;ASP:A:976;ASP:A:994;GLN:A:853;GLN:A:854;GLN:A:885;GLU:A:1015;GLY:A:856;GLY:A:858;GLY:A:861;GLY:A:935;GLY:A:993;GLY:A:996;LEU:A:855;LEU:A:932;LEU:A:983;LYS:A:857;LYS:A:882;MET:A:929;PHE:A:860;PRO:A:933;SER:A:862;SER:A:936;TYR:A:931;TYR:A:934,0,1.0,pass
CAND_3198f64aca,C:\Users\srira\Desktop\new_plan\EMD_V5_2_Hybrid\06_docking\v5_5_pocket_guided\poses\CAND_3198f64aca_vina_out.pdbqt,-10.8,315,31.297,14.299,-4.516,1.733,2.107,749,2938,31,ALA:A:880;ARG:A:938;ARG:A:980;ASN:A:859;ASN:A:981;ASP:A:939;ASP:A:976;ASP:A:994;GLU:A:1015;GLU:A:930;GLY:A:856;GLY:A:858;GLY:A:861;GLY:A:935;GLY:A:993;GLY:A:996;ILE:A:982;LEU:A:855;LEU:A:932;LEU:A:983;LEU:A:997;LYS:A:857;LYS:A:882;MET:A:929;PRO:A:933;SER:A:862;SER:A:936;TYR:A:931;TYR:A:934;VAL:A:863,0,1.0,pass
CAND_3ea11f7096,C:\Users\srira\Desktop\new_plan\EMD_V5_2_Hybrid\06_docking\v5_5_pocket_guided\poses\CAND_3ea11f7096_vina_out.pdbqt,-11.0,304,29.849,13.912,-5.482,3.197,2.404,564,2358,30,ALA:A:880;ARG:A:938;ARG:A:980;ASN:A:859;ASN:A:981;ASP:A:939;ASP:A:976;ASP:A:994;GLN:A:853;GLN:A:854;GLU:A:1015;GLY:A:856;GLY:A:858;GLY:A:861;GLY:A:935;GLY:A:993;GLY:A:996;LEU:A:855;LEU:A:932;LEU:A:983;LEU:A:997;LYS:A:857;LYS:A:882;LYS:A:943;MET:A:929;PRO:A:933;SER:A:936;TYR:A:931;TYR:A:934;VAL:A:863,0,1.0,pass
CAND_677ee4400c,C:\Users\srira\Desktop\new_plan\EMD_V5_2_Hybrid\06_docking\v5_5_pocket_guided\poses\CAND_677ee4400c_vina_out.pdbqt,-10.6,256,30.337,14.874,-5.121,2.994,2.205,534,2121,27,ALA:A:880;ARG:A:938;ARG:A:980;ASN:A:859;ASN:A:981;ASP:A:939;ASP:A:976;ASP:A:994;GLN:A:854;GLU:A:1015;GLU:A:930;GLY:A:856;GLY:A:858;GLY:A:861;GLY:A:935;GLY:A:993;LEU:A:855;LEU:A:932;LEU:A:983;LYS:A:857;LYS:A:882;MET:A:929;SER:A:862;SER:A:936;TYR:A:931;VAL:A:863;VAL:A:911,0,1.0,pass
CAND_5069130231,C:\Users\srira\Desktop\new_plan\EMD_V5_2_Hybrid\06_docking\v5_5_pocket_guided\poses\CAND_5069130231_vina_out.pdbqt,-10.8,333,29.741,12.652,-5.197,3.153,2.076,608,2509,32,ALA:A:880;ARG:A:938;ARG:A:980;ASN:A:859;ASN:A:981;ASP:A:939;ASP:A:976;ASP:A:994;GLN:A:853;GLN:A:854;GLU:A:1015;GLU:A:930;GLY:A:856;GLY:A:858;GLY:A:861;GLY:A:935;GLY:A:993;GLY:A:996;ILE:A:982;LEU:A:855;LEU:A:932;LEU:A:983;LYS:A:857;LYS:A:882;MET:A:929;PHE:A:860;PRO:A:933;SER:A:936;TYR:A:931;TYR:A:934,0,1.0,pass
CAND_5eea81b5b7,C:\Users\srira\Desktop\new_plan\EMD_V5_2_Hybrid\06_docking\v5_5_pocket_guided\poses\CAND_5eea81b5b7_vina_out.pdbqt,-10.6,315,29.053,13.406,-6.048,4.109,1.693,680,2541,30,ALA:A:880;ARG:A:938;ARG:A:980;ASN:A:859;ASN:A:981;ASP:A:939;ASP:A:976;ASP:A:994;GLN:A:853;GLN:A:854;GLU:A:1015;GLU:A:930;GLY:A:856;GLY:A:858;GLY:A:861;GLY:A:935;GLY:A:993;LEU:A:855;LEU:A:932;LEU:A:983;LYS:A:857;LYS:A:882;MET:A:929;PRO:A:933;SER:A:862;SER:A:936;THR:A:979;TYR:A:931;TYR:A:934;VAL:A:863,2,0.84,pass
CAND_f8a36e8c1d,C:\Users\srira\Desktop\new_plan\EMD_V5_2_Hybrid\06_docking\v5_5_pocket_guided\poses\CAND_f8a36e8c1d_vina_out.pdbqt,-10.3,315,30.717,14.455,-4.883,2.394,1.843,788,2723,34,ALA:A:880;ARG:A:938;ARG:A:980;ASN:A:859;ASN:A:981;ASP:A:939;ASP:A:976;ASP:A:994;GLN:A:853;GLN:A:854;GLU:A:1015;GLU:A:930;GLY:A:856;GLY:A:858;GLY:A:861;GLY:A:935;GLY:A:993;GLY:A:996;ILE:A:982;LEU:A:855;LEU:A:932;LEU:A:983;LEU:A:997;LYS:A:857;LYS:A:882;MET:A:929;PHE:A:860;PRO:A:933;SER:A:862;SER:A:936,0,1.0,pass
CAND_b4ba46fa09,C:\Users\srira\Desktop\new_plan\EMD_V5_2_Hybrid\06_docking\v5_5_pocket_guided\poses\CAND_b4ba46fa09_vina_out.pdbqt,-10.2,238,30.403,14.64,-5.035,2.787,2.0,584,2095,31,ALA:A:880;ARG:A:938;ARG:A:980;ASN:A:859;ASN:A:981;ASP:A:939;ASP:A:976;ASP:A:994;GLN:A:853;GLN:A:854;GLU:A:1015;GLU:A:930;GLY:A:856;GLY:A:858;GLY:A:861;GLY:A:935;GLY:A:993;GLY:A:996;LEU:A:855;LEU:A:932;LEU:A:983;LYS:A:857;LYS:A:882;MET:A:929;PHE:A:860;PRO:A:933;SER:A:862;SER:A:936;TYR:A:931;VAL:A:863,0,1.0,pass
CAND_7e8acdf14b,C:\Users\srira\Desktop\new_plan\EMD_V5_2_Hybrid\06_docking\v5_5_pocket_guided\poses\CAND_7e8acdf14b_vina_out.pdbqt,-10.6,252,30.356,12.73,-4.898,2.468,2.139,590,2240,23,ALA:A:880;ARG:A:938;ARG:A:980;ASN:A:981;ASP:A:939;ASP:A:994;GLU:A:930;GLY:A:856;GLY:A:858;GLY:A:935;GLY:A:993;LEU:A:855;LEU:A:932;LEU:A:983;LYS:A:857;LYS:A:882;MET:A:929;PRO:A:933;SER:A:936;TYR:A:931;TYR:A:934;VAL:A:863;VAL:A:911,0,1.0,pass
CAND_02b810108f,C:\Users\srira\Desktop\new_plan\EMD_V5_2_Hybrid\06_docking\v5_5_pocket_guided\poses\CAND_02b810108f_vina_out.pdbqt,-10.4,165,29.342,12.997,-5.644,3.662,2.329,293,1173,19,ALA:A:880;ARG:A:938;ARG:A:980;ASN:A:981;ASP:A:939;ASP:A:994;GLN:A:853;GLN:A:854;GLY:A:856;GLY:A:935;GLY:A:993;LEU:A:855;LEU:A:932;LEU:A:983;LYS:A:857;SER:A:936;TYR:A:931;TYR:A:934;VAL:A:863,0,1.0,pass
CAND_220efee5d2,C:\Users\srira\Desktop\new_plan\EMD_V5_2_Hybrid\06_docking\v5_5_pocket_guided\poses\CAND_220efee5d2_vina_out.pdbqt,-10.5,210,30.429,14.941,-5.009,2.919,1.947,500,1886,28,ALA:A:880;ARG:A:938;ARG:A:980;ASN:A:859;ASN:A:981;ASP:A:939;ASP:A:976;ASP:A:994;GLN:A:854;GLU:A:1015;GLY:A:856;GLY:A:858;GLY:A:861;GLY:A:935;GLY:A:993;LEU:A:855;LEU:A:932;LEU:A:983;LYS:A:857;LYS:A:882;MET:A:929;PHE:A:860;PRO:A:933;SER:A:862;SER:A:936;TYR:A:931;TYR:A:934;VAL:A:863,0,1.0,pass
CAND_6c9f919126,C:\Users\srira\Desktop\new_plan\EMD_V5_2_Hybrid\06_docking\v5_5_pocket_guided\poses\CAND_6c9f919126_vina_out.pdbqt,-10.6,333,29.406,14.425,-5.805,3.855,2.087,605,2414,33,ALA:A:880;ARG:A:938;ARG:A:980;ASN:A:859;ASN:A:981;ASP:A:939;ASP:A:976;ASP:A:994;GLN:A:853;GLN:A:854;GLU:A:1015;GLU:A:930;GLY:A:856;GLY:A:858;GLY:A:861;GLY:A:935;GLY:A:993;GLY:A:996;ILE:A:982;LEU:A:855;LEU:A:932;LEU:A:983;LEU:A:997;LYS:A:857;LYS:A:882;MET:A:929;PRO:A:933;SER:A:862;SER:A:936;TYR:A:931,0,1.0,pass
CAND_b0c98b44b7,C:\Users\srira\Desktop\new_plan\EMD_V5_2_Hybrid\06_docking\v5_5_pocket_guided\poses\CAND_b0c98b44b7_vina_out.pdbqt,-10.4,231,29.991,15.348,-5.403,3.624,2.297,470,1889,27,ALA:A:880;ARG:A:938;ARG:A:980;ASN:A:859;ASN:A:981;ASP:A:939;ASP:A:976;ASP:A:994;GLU:A:1015;GLU:A:930;GLY:A:856;GLY:A:858;GLY:A:861;GLY:A:935;GLY:A:993;ILE:A:982;LEU:A:855;LEU:A:932;LEU:A:983;LYS:A:857;LYS:A:882;MET:A:929;SER:A:862;SER:A:936;TYR:A:931;VAL:A:863;VAL:A:911,0,1.0,pass
CAND_cd7232c3e5,C:\Users\srira\Desktop\new_plan\EMD_V5_2_Hybrid\06_docking\v5_5_pocket_guided\poses\CAND_cd7232c3e5_vina_out.pdbqt,-11.6,387,29.929,14.431,-5.261,3.173,2.279,811,3244,29,ALA:A:880;ARG:A:938;ARG:A:980;ASN:A:859;ASN:A:981;ASP:A:939;ASP:A:976;ASP:A:994;GLU:A:1015;GLU:A:930;GLY:A:856;GLY:A:858;GLY:A:861;GLY:A:935;GLY:A:993;GLY:A:996;LEU:A:855;LEU:A:932;LEU:A:983;LEU:A:997;LYS:A:857;LYS:A:882;MET:A:929;PRO:A:933;SER:A:936;TYR:A:931;TYR:A:934;VAL:A:863;VAL:A:911,0,1.0,pass
CAND_8dcd0c2abd,C:\Users\srira\Desktop\new_plan\EMD_V5_2_Hybrid\06_docking\v5_5_pocket_guided\poses\CAND_8dcd0c2abd_vina_out.pdbqt,-9.7,217,30.179,14.692,-5.203,3.056,2.172,493,1919,32,ALA:A:880;ARG:A:938;ARG:A:980;ASN:A:859;ASN:A:981;ASP:A:939;ASP:A:976;ASP:A:994;GLN:A:853;GLN:A:854;GLU:A:1015;GLU:A:930;GLY:A:856;GLY:A:858;GLY:A:861;GLY:A:935;GLY:A:993;GLY:A:996;ILE:A:982;LEU:A:855;LEU:A:932;LEU:A:983;LEU:A:997;LYS:A:857;LYS:A:882;MET:A:929;PHE:A:860;SER:A:862;SER:A:936;TYR:A:931,0,1.0,pass
