ligand_id,input_path,output_path,num_atoms,num_branches,num_replacements,replacements,status
CAND_010738c49b,/content/EMD_V5_3_vina_gpu_extract/06_docking/v5_3_model_guided/ligands_pdbqt/CAND_010738c49b.pdbqt,/content/EMD_V5_3_vina_gpu_extract/06_docking/v5_3_model_guided/ligands_pdbqt_vina_gpu_clean/CAND_010738c49b.pdbqt,36,9,4,CG->C:2;G0->C:2,cleaned
CAND_02bca8d718,/content/EMD_V5_3_vina_gpu_extract/06_docking/v5_3_model_guided/ligands_pdbqt/CAND_02bca8d718.pdbqt,/content/EMD_V5_3_vina_gpu_extract/06_docking/v5_3_model_guided/ligands_pdbqt_vina_gpu_clean/CAND_02bca8d718.pdbqt,35,9,4,CG->C:2;G0->C:2,cleaned
CAND_09deb650c1,/content/EMD_V5_3_vina_gpu_extract/06_docking/v5_3_model_guided/ligands_pdbqt/CAND_09deb650c1.pdbqt,/content/EMD_V5_3_vina_gpu_extract/06_docking/v5_3_model_guided/ligands_pdbqt_vina_gpu_clean/CAND_09deb650c1.pdbqt,39,10,4,CG->C:2;G0->C:2,cleaned
CAND_0dab0539d2,/content/EMD_V5_3_vina_gpu_extract/06_docking/v5_3_model_guided/ligands_pdbqt/CAND_0dab0539d2.pdbqt,/content/EMD_V5_3_vina_gpu_extract/06_docking/v5_3_model_guided/ligands_pdbqt_vina_gpu_clean/CAND_0dab0539d2.pdbqt,40,11,4,CG->C:2;G0->C:2,cleaned
CAND_0e55be250e,/content/EMD_V5_3_vina_gpu_extract/06_docking/v5_3_model_guided/ligands_pdbqt/CAND_0e55be250e.pdbqt,/content/EMD_V5_3_vina_gpu_extract/06_docking/v5_3_model_guided/ligands_pdbqt_vina_gpu_clean/CAND_0e55be250e.pdbqt,38,12,4,CG->C:2;G0->C:2,cleaned
CAND_11be2ba7cd,/content/EMD_V5_3_vina_gpu_extract/06_docking/v5_3_model_guided/ligands_pdbqt/CAND_11be2ba7cd.pdbqt,/content/EMD_V5_3_vina_gpu_extract/06_docking/v5_3_model_guided/ligands_pdbqt_vina_gpu_clean/CAND_11be2ba7cd.pdbqt,42,17,8,CG->C:4;G0->C:2;G1->C:2,cleaned
CAND_13947fed1a,/content/EMD_V5_3_vina_gpu_extract/06_docking/v5_3_model_guided/ligands_pdbqt/CAND_13947fed1a.pdbqt,/content/EMD_V5_3_vina_gpu_extract/06_docking/v5_3_model_guided/ligands_pdbqt_vina_gpu_clean/CAND_13947fed1a.pdbqt,42,8,4,CG->C:2;G0->C:2,cleaned
CAND_1675c88065,/content/EMD_V5_3_vina_gpu_extract/06_docking/v5_3_model_guided/ligands_pdbqt/CAND_1675c88065.pdbqt,/content/EMD_V5_3_vina_gpu_extract/06_docking/v5_3_model_guided/ligands_pdbqt_vina_gpu_clean/CAND_1675c88065.pdbqt,43,8,4,CG->C:2;G0->C:2,cleaned
CAND_1e356c92c8,/content/EMD_V5_3_vina_gpu_extract/06_docking/v5_3_model_guided/ligands_pdbqt/CAND_1e356c92c8.pdbqt,/content/EMD_V5_3_vina_gpu_extract/06_docking/v5_3_model_guided/ligands_pdbqt_vina_gpu_clean/CAND_1e356c92c8.pdbqt,35,9,4,CG->C:2;G0->C:2,cleaned
CAND_1ec7ae5d21,/content/EMD_V5_3_vina_gpu_extract/06_docking/v5_3_model_guided/ligands_pdbqt/CAND_1ec7ae5d21.pdbqt,/content/EMD_V5_3_vina_gpu_extract/06_docking/v5_3_model_guided/ligands_pdbqt_vina_gpu_clean/CAND_1ec7ae5d21.pdbqt,48,10,4,CG->C:2;G0->C:2,cleaned
CAND_1f4eb01ec0,/content/EMD_V5_3_vina_gpu_extract/06_docking/v5_3_model_guided/ligands_pdbqt/CAND_1f4eb01ec0.pdbqt,/content/EMD_V5_3_vina_gpu_extract/06_docking/v5_3_model_guided/ligands_pdbqt_vina_gpu_clean/CAND_1f4eb01ec0.pdbqt,44,17,8,CG->C:4;G0->C:2;G1->C:2,cleaned
CAND_206c165320,/content/EMD_V5_3_vina_gpu_extract/06_docking/v5_3_model_guided/ligands_pdbqt/CAND_206c165320.pdbqt,/content/EMD_V5_3_vina_gpu_extract/06_docking/v5_3_model_guided/ligands_pdbqt_vina_gpu_clean/CAND_206c165320.pdbqt,43,17,8,CG->C:4;G0->C:2;G1->C:2,cleaned
CAND_28874e6ca5,/content/EMD_V5_3_vina_gpu_extract/06_docking/v5_3_model_guided/ligands_pdbqt/CAND_28874e6ca5.pdbqt,/content/EMD_V5_3_vina_gpu_extract/06_docking/v5_3_model_guided/ligands_pdbqt_vina_gpu_clean/CAND_28874e6ca5.pdbqt,44,17,8,CG->C:4;G0->C:2;G1->C:2,cleaned
CAND_2aa8e00931,/content/EMD_V5_3_vina_gpu_extract/06_docking/v5_3_model_guided/ligands_pdbqt/CAND_2aa8e00931.pdbqt,/content/EMD_V5_3_vina_gpu_extract/06_docking/v5_3_model_guided/ligands_pdbqt_vina_gpu_clean/CAND_2aa8e00931.pdbqt,43,17,8,CG->C:4;G0->C:2;G1->C:2,cleaned
CAND_2e11abfe19,/content/EMD_V5_3_vina_gpu_extract/06_docking/v5_3_model_guided/ligands_pdbqt/CAND_2e11abfe19.pdbqt,/content/EMD_V5_3_vina_gpu_extract/06_docking/v5_3_model_guided/ligands_pdbqt_vina_gpu_clean/CAND_2e11abfe19.pdbqt,39,10,4,CG->C:2;G0->C:2,cleaned
CAND_2f2a0d40fd,/content/EMD_V5_3_vina_gpu_extract/06_docking/v5_3_model_guided/ligands_pdbqt/CAND_2f2a0d40fd.pdbqt,/content/EMD_V5_3_vina_gpu_extract/06_docking/v5_3_model_guided/ligands_pdbqt_vina_gpu_clean/CAND_2f2a0d40fd.pdbqt,48,10,4,CG->C:2;G0->C:2,cleaned
CAND_34ad2a24d8,/content/EMD_V5_3_vina_gpu_extract/06_docking/v5_3_model_guided/ligands_pdbqt/CAND_34ad2a24d8.pdbqt,/content/EMD_V5_3_vina_gpu_extract/06_docking/v5_3_model_guided/ligands_pdbqt_vina_gpu_clean/CAND_34ad2a24d8.pdbqt,41,11,4,CG->C:2;G0->C:2,cleaned
CAND_35c4ee0b09,/content/EMD_V5_3_vina_gpu_extract/06_docking/v5_3_model_guided/ligands_pdbqt/CAND_35c4ee0b09.pdbqt,/content/EMD_V5_3_vina_gpu_extract/06_docking/v5_3_model_guided/ligands_pdbqt_vina_gpu_clean/CAND_35c4ee0b09.pdbqt,48,10,4,CG->C:2;G0->C:2,cleaned
CAND_38de1fc846,/content/EMD_V5_3_vina_gpu_extract/06_docking/v5_3_model_guided/ligands_pdbqt/CAND_38de1fc846.pdbqt,/content/EMD_V5_3_vina_gpu_extract/06_docking/v5_3_model_guided/ligands_pdbqt_vina_gpu_clean/CAND_38de1fc846.pdbqt,35,9,4,CG->C:2;G0->C:2,cleaned
CAND_396f994be3,/content/EMD_V5_3_vina_gpu_extract/06_docking/v5_3_model_guided/ligands_pdbqt/CAND_396f994be3.pdbqt,/content/EMD_V5_3_vina_gpu_extract/06_docking/v5_3_model_guided/ligands_pdbqt_vina_gpu_clean/CAND_396f994be3.pdbqt,45,8,4,CG->C:2;G0->C:2,cleaned
CAND_3b164e0480,/content/EMD_V5_3_vina_gpu_extract/06_docking/v5_3_model_guided/ligands_pdbqt/CAND_3b164e0480.pdbqt,/content/EMD_V5_3_vina_gpu_extract/06_docking/v5_3_model_guided/ligands_pdbqt_vina_gpu_clean/CAND_3b164e0480.pdbqt,43,8,4,CG->C:2;G0->C:2,cleaned
CAND_3c64f44e76,/content/EMD_V5_3_vina_gpu_extract/06_docking/v5_3_model_guided/ligands_pdbqt/CAND_3c64f44e76.pdbqt,/content/EMD_V5_3_vina_gpu_extract/06_docking/v5_3_model_guided/ligands_pdbqt_vina_gpu_clean/CAND_3c64f44e76.pdbqt,45,8,4,CG->C:2;G0->C:2,cleaned
CAND_3fc0103e7e,/content/EMD_V5_3_vina_gpu_extract/06_docking/v5_3_model_guided/ligands_pdbqt/CAND_3fc0103e7e.pdbqt,/content/EMD_V5_3_vina_gpu_extract/06_docking/v5_3_model_guided/ligands_pdbqt_vina_gpu_clean/CAND_3fc0103e7e.pdbqt,45,17,8,CG->C:4;G0->C:2;G1->C:2,cleaned
CAND_423486dce5,/content/EMD_V5_3_vina_gpu_extract/06_docking/v5_3_model_guided/ligands_pdbqt/CAND_423486dce5.pdbqt,/content/EMD_V5_3_vina_gpu_extract/06_docking/v5_3_model_guided/ligands_pdbqt_vina_gpu_clean/CAND_423486dce5.pdbqt,36,10,4,CG->C:2;G0->C:2,cleaned
CAND_44327fe5a9,/content/EMD_V5_3_vina_gpu_extract/06_docking/v5_3_model_guided/ligands_pdbqt/CAND_44327fe5a9.pdbqt,/content/EMD_V5_3_vina_gpu_extract/06_docking/v5_3_model_guided/ligands_pdbqt_vina_gpu_clean/CAND_44327fe5a9.pdbqt,35,9,4,CG->C:2;G0->C:2,cleaned
CAND_453a8d70ca,/content/EMD_V5_3_vina_gpu_extract/06_docking/v5_3_model_guided/ligands_pdbqt/CAND_453a8d70ca.pdbqt,/content/EMD_V5_3_vina_gpu_extract/06_docking/v5_3_model_guided/ligands_pdbqt_vina_gpu_clean/CAND_453a8d70ca.pdbqt,40,10,4,CG->C:2;G0->C:2,cleaned
CAND_454e8d3cd4,/content/EMD_V5_3_vina_gpu_extract/06_docking/v5_3_model_guided/ligands_pdbqt/CAND_454e8d3cd4.pdbqt,/content/EMD_V5_3_vina_gpu_extract/06_docking/v5_3_model_guided/ligands_pdbqt_vina_gpu_clean/CAND_454e8d3cd4.pdbqt,43,8,4,CG->C:2;G0->C:2,cleaned
CAND_4791e858cc,/content/EMD_V5_3_vina_gpu_extract/06_docking/v5_3_model_guided/ligands_pdbqt/CAND_4791e858cc.pdbqt,/content/EMD_V5_3_vina_gpu_extract/06_docking/v5_3_model_guided/ligands_pdbqt_vina_gpu_clean/CAND_4791e858cc.pdbqt,37,12,4,CG->C:2;G0->C:2,cleaned
CAND_492981f42f,/content/EMD_V5_3_vina_gpu_extract/06_docking/v5_3_model_guided/ligands_pdbqt/CAND_492981f42f.pdbqt,/content/EMD_V5_3_vina_gpu_extract/06_docking/v5_3_model_guided/ligands_pdbqt_vina_gpu_clean/CAND_492981f42f.pdbqt,36,9,4,CG->C:2;G0->C:2,cleaned
CAND_49e76c18fa,/content/EMD_V5_3_vina_gpu_extract/06_docking/v5_3_model_guided/ligands_pdbqt/CAND_49e76c18fa.pdbqt,/content/EMD_V5_3_vina_gpu_extract/06_docking/v5_3_model_guided/ligands_pdbqt_vina_gpu_clean/CAND_49e76c18fa.pdbqt,35,9,4,CG->C:2;G0->C:2,cleaned
CAND_4b65fa0278,/content/EMD_V5_3_vina_gpu_extract/06_docking/v5_3_model_guided/ligands_pdbqt/CAND_4b65fa0278.pdbqt,/content/EMD_V5_3_vina_gpu_extract/06_docking/v5_3_model_guided/ligands_pdbqt_vina_gpu_clean/CAND_4b65fa0278.pdbqt,44,17,8,CG->C:4;G0->C:2;G1->C:2,cleaned
CAND_4e8257bdee,/content/EMD_V5_3_vina_gpu_extract/06_docking/v5_3_model_guided/ligands_pdbqt/CAND_4e8257bdee.pdbqt,/content/EMD_V5_3_vina_gpu_extract/06_docking/v5_3_model_guided/ligands_pdbqt_vina_gpu_clean/CAND_4e8257bdee.pdbqt,39,12,4,CG->C:2;G0->C:2,cleaned
CAND_4ea78847f9,/content/EMD_V5_3_vina_gpu_extract/06_docking/v5_3_model_guided/ligands_pdbqt/CAND_4ea78847f9.pdbqt,/content/EMD_V5_3_vina_gpu_extract/06_docking/v5_3_model_guided/ligands_pdbqt_vina_gpu_clean/CAND_4ea78847f9.pdbqt,35,9,4,CG->C:2;G0->C:2,cleaned
CAND_5152217faa,/content/EMD_V5_3_vina_gpu_extract/06_docking/v5_3_model_guided/ligands_pdbqt/CAND_5152217faa.pdbqt,/content/EMD_V5_3_vina_gpu_extract/06_docking/v5_3_model_guided/ligands_pdbqt_vina_gpu_clean/CAND_5152217faa.pdbqt,42,8,4,CG->C:2;G0->C:2,cleaned
CAND_53308bee89,/content/EMD_V5_3_vina_gpu_extract/06_docking/v5_3_model_guided/ligands_pdbqt/CAND_53308bee89.pdbqt,/content/EMD_V5_3_vina_gpu_extract/06_docking/v5_3_model_guided/ligands_pdbqt_vina_gpu_clean/CAND_53308bee89.pdbqt,37,10,4,CG->C:2;G0->C:2,cleaned
CAND_5580e1eed5,/content/EMD_V5_3_vina_gpu_extract/06_docking/v5_3_model_guided/ligands_pdbqt/CAND_5580e1eed5.pdbqt,/content/EMD_V5_3_vina_gpu_extract/06_docking/v5_3_model_guided/ligands_pdbqt_vina_gpu_clean/CAND_5580e1eed5.pdbqt,42,8,4,CG->C:2;G0->C:2,cleaned
CAND_5682a4f941,/content/EMD_V5_3_vina_gpu_extract/06_docking/v5_3_model_guided/ligands_pdbqt/CAND_5682a4f941.pdbqt,/content/EMD_V5_3_vina_gpu_extract/06_docking/v5_3_model_guided/ligands_pdbqt_vina_gpu_clean/CAND_5682a4f941.pdbqt,49,10,4,CG->C:2;G0->C:2,cleaned
CAND_581788b33e,/content/EMD_V5_3_vina_gpu_extract/06_docking/v5_3_model_guided/ligands_pdbqt/CAND_581788b33e.pdbqt,/content/EMD_V5_3_vina_gpu_extract/06_docking/v5_3_model_guided/ligands_pdbqt_vina_gpu_clean/CAND_581788b33e.pdbqt,42,17,8,CG->C:4;G0->C:2;G1->C:2,cleaned
CAND_584cb6401d,/content/EMD_V5_3_vina_gpu_extract/06_docking/v5_3_model_guided/ligands_pdbqt/CAND_584cb6401d.pdbqt,/content/EMD_V5_3_vina_gpu_extract/06_docking/v5_3_model_guided/ligands_pdbqt_vina_gpu_clean/CAND_584cb6401d.pdbqt,35,9,4,CG->C:2;G0->C:2,cleaned
CAND_598172bd63,/content/EMD_V5_3_vina_gpu_extract/06_docking/v5_3_model_guided/ligands_pdbqt/CAND_598172bd63.pdbqt,/content/EMD_V5_3_vina_gpu_extract/06_docking/v5_3_model_guided/ligands_pdbqt_vina_gpu_clean/CAND_598172bd63.pdbqt,42,8,4,CG->C:2;G0->C:2,cleaned
CAND_5a164fb16c,/content/EMD_V5_3_vina_gpu_extract/06_docking/v5_3_model_guided/ligands_pdbqt/CAND_5a164fb16c.pdbqt,/content/EMD_V5_3_vina_gpu_extract/06_docking/v5_3_model_guided/ligands_pdbqt_vina_gpu_clean/CAND_5a164fb16c.pdbqt,35,9,4,CG->C:2;G0->C:2,cleaned
CAND_5abda62ff8,/content/EMD_V5_3_vina_gpu_extract/06_docking/v5_3_model_guided/ligands_pdbqt/CAND_5abda62ff8.pdbqt,/content/EMD_V5_3_vina_gpu_extract/06_docking/v5_3_model_guided/ligands_pdbqt_vina_gpu_clean/CAND_5abda62ff8.pdbqt,44,17,8,CG->C:4;G0->C:2;G1->C:2,cleaned
CAND_5c64fa89d0,/content/EMD_V5_3_vina_gpu_extract/06_docking/v5_3_model_guided/ligands_pdbqt/CAND_5c64fa89d0.pdbqt,/content/EMD_V5_3_vina_gpu_extract/06_docking/v5_3_model_guided/ligands_pdbqt_vina_gpu_clean/CAND_5c64fa89d0.pdbqt,42,17,8,CG->C:4;G0->C:2;G1->C:2,cleaned
CAND_5fdf8771a8,/content/EMD_V5_3_vina_gpu_extract/06_docking/v5_3_model_guided/ligands_pdbqt/CAND_5fdf8771a8.pdbqt,/content/EMD_V5_3_vina_gpu_extract/06_docking/v5_3_model_guided/ligands_pdbqt_vina_gpu_clean/CAND_5fdf8771a8.pdbqt,38,12,4,CG->C:2;G0->C:2,cleaned
CAND_61168e1ccf,/content/EMD_V5_3_vina_gpu_extract/06_docking/v5_3_model_guided/ligands_pdbqt/CAND_61168e1ccf.pdbqt,/content/EMD_V5_3_vina_gpu_extract/06_docking/v5_3_model_guided/ligands_pdbqt_vina_gpu_clean/CAND_61168e1ccf.pdbqt,44,17,8,CG->C:4;G0->C:2;G1->C:2,cleaned
CAND_637465f4e1,/content/EMD_V5_3_vina_gpu_extract/06_docking/v5_3_model_guided/ligands_pdbqt/CAND_637465f4e1.pdbqt,/content/EMD_V5_3_vina_gpu_extract/06_docking/v5_3_model_guided/ligands_pdbqt_vina_gpu_clean/CAND_637465f4e1.pdbqt,48,10,4,CG->C:2;G0->C:2,cleaned
CAND_661d99e302,/content/EMD_V5_3_vina_gpu_extract/06_docking/v5_3_model_guided/ligands_pdbqt/CAND_661d99e302.pdbqt,/content/EMD_V5_3_vina_gpu_extract/06_docking/v5_3_model_guided/ligands_pdbqt_vina_gpu_clean/CAND_661d99e302.pdbqt,35,9,4,CG->C:2;G0->C:2,cleaned
CAND_67bc1f8ccd,/content/EMD_V5_3_vina_gpu_extract/06_docking/v5_3_model_guided/ligands_pdbqt/CAND_67bc1f8ccd.pdbqt,/content/EMD_V5_3_vina_gpu_extract/06_docking/v5_3_model_guided/ligands_pdbqt_vina_gpu_clean/CAND_67bc1f8ccd.pdbqt,43,17,8,CG->C:4;G0->C:2;G1->C:2,cleaned
CAND_67e4c4c09b,/content/EMD_V5_3_vina_gpu_extract/06_docking/v5_3_model_guided/ligands_pdbqt/CAND_67e4c4c09b.pdbqt,/content/EMD_V5_3_vina_gpu_extract/06_docking/v5_3_model_guided/ligands_pdbqt_vina_gpu_clean/CAND_67e4c4c09b.pdbqt,37,12,4,CG->C:2;G0->C:2,cleaned
CAND_69ce89568d,/content/EMD_V5_3_vina_gpu_extract/06_docking/v5_3_model_guided/ligands_pdbqt/CAND_69ce89568d.pdbqt,/content/EMD_V5_3_vina_gpu_extract/06_docking/v5_3_model_guided/ligands_pdbqt_vina_gpu_clean/CAND_69ce89568d.pdbqt,42,17,8,CG->C:4;G0->C:2;G1->C:2,cleaned
CAND_6c9b69bfe2,/content/EMD_V5_3_vina_gpu_extract/06_docking/v5_3_model_guided/ligands_pdbqt/CAND_6c9b69bfe2.pdbqt,/content/EMD_V5_3_vina_gpu_extract/06_docking/v5_3_model_guided/ligands_pdbqt_vina_gpu_clean/CAND_6c9b69bfe2.pdbqt,35,9,4,CG->C:2;G0->C:2,cleaned
CAND_6cb1768675,/content/EMD_V5_3_vina_gpu_extract/06_docking/v5_3_model_guided/ligands_pdbqt/CAND_6cb1768675.pdbqt,/content/EMD_V5_3_vina_gpu_extract/06_docking/v5_3_model_guided/ligands_pdbqt_vina_gpu_clean/CAND_6cb1768675.pdbqt,37,10,4,CG->C:2;G0->C:2,cleaned
CAND_6d30b04ba5,/content/EMD_V5_3_vina_gpu_extract/06_docking/v5_3_model_guided/ligands_pdbqt/CAND_6d30b04ba5.pdbqt,/content/EMD_V5_3_vina_gpu_extract/06_docking/v5_3_model_guided/ligands_pdbqt_vina_gpu_clean/CAND_6d30b04ba5.pdbqt,35,9,4,CG->C:2;G0->C:2,cleaned
CAND_6e7e0ee6d7,/content/EMD_V5_3_vina_gpu_extract/06_docking/v5_3_model_guided/ligands_pdbqt/CAND_6e7e0ee6d7.pdbqt,/content/EMD_V5_3_vina_gpu_extract/06_docking/v5_3_model_guided/ligands_pdbqt_vina_gpu_clean/CAND_6e7e0ee6d7.pdbqt,44,17,8,CG->C:4;G0->C:2;G1->C:2,cleaned
CAND_6f5c819abf,/content/EMD_V5_3_vina_gpu_extract/06_docking/v5_3_model_guided/ligands_pdbqt/CAND_6f5c819abf.pdbqt,/content/EMD_V5_3_vina_gpu_extract/06_docking/v5_3_model_guided/ligands_pdbqt_vina_gpu_clean/CAND_6f5c819abf.pdbqt,35,9,4,CG->C:2;G0->C:2,cleaned
CAND_72609efe2c,/content/EMD_V5_3_vina_gpu_extract/06_docking/v5_3_model_guided/ligands_pdbqt/CAND_72609efe2c.pdbqt,/content/EMD_V5_3_vina_gpu_extract/06_docking/v5_3_model_guided/ligands_pdbqt_vina_gpu_clean/CAND_72609efe2c.pdbqt,42,17,8,CG->C:4;G0->C:2;G1->C:2,cleaned
CAND_76774df791,/content/EMD_V5_3_vina_gpu_extract/06_docking/v5_3_model_guided/ligands_pdbqt/CAND_76774df791.pdbqt,/content/EMD_V5_3_vina_gpu_extract/06_docking/v5_3_model_guided/ligands_pdbqt_vina_gpu_clean/CAND_76774df791.pdbqt,35,9,4,CG->C:2;G0->C:2,cleaned
CAND_79995adf19,/content/EMD_V5_3_vina_gpu_extract/06_docking/v5_3_model_guided/ligands_pdbqt/CAND_79995adf19.pdbqt,/content/EMD_V5_3_vina_gpu_extract/06_docking/v5_3_model_guided/ligands_pdbqt_vina_gpu_clean/CAND_79995adf19.pdbqt,48,10,4,CG->C:2;G0->C:2,cleaned
CAND_7f6895293f,/content/EMD_V5_3_vina_gpu_extract/06_docking/v5_3_model_guided/ligands_pdbqt/CAND_7f6895293f.pdbqt,/content/EMD_V5_3_vina_gpu_extract/06_docking/v5_3_model_guided/ligands_pdbqt_vina_gpu_clean/CAND_7f6895293f.pdbqt,48,10,4,CG->C:2;G0->C:2,cleaned
CAND_7f7760bbec,/content/EMD_V5_3_vina_gpu_extract/06_docking/v5_3_model_guided/ligands_pdbqt/CAND_7f7760bbec.pdbqt,/content/EMD_V5_3_vina_gpu_extract/06_docking/v5_3_model_guided/ligands_pdbqt_vina_gpu_clean/CAND_7f7760bbec.pdbqt,35,9,4,CG->C:2;G0->C:2,cleaned
CAND_7f998a5652,/content/EMD_V5_3_vina_gpu_extract/06_docking/v5_3_model_guided/ligands_pdbqt/CAND_7f998a5652.pdbqt,/content/EMD_V5_3_vina_gpu_extract/06_docking/v5_3_model_guided/ligands_pdbqt_vina_gpu_clean/CAND_7f998a5652.pdbqt,38,12,4,CG->C:2;G0->C:2,cleaned
CAND_826c88beb5,/content/EMD_V5_3_vina_gpu_extract/06_docking/v5_3_model_guided/ligands_pdbqt/CAND_826c88beb5.pdbqt,/content/EMD_V5_3_vina_gpu_extract/06_docking/v5_3_model_guided/ligands_pdbqt_vina_gpu_clean/CAND_826c88beb5.pdbqt,35,9,4,CG->C:2;G0->C:2,cleaned
CAND_893be87c2e,/content/EMD_V5_3_vina_gpu_extract/06_docking/v5_3_model_guided/ligands_pdbqt/CAND_893be87c2e.pdbqt,/content/EMD_V5_3_vina_gpu_extract/06_docking/v5_3_model_guided/ligands_pdbqt_vina_gpu_clean/CAND_893be87c2e.pdbqt,49,10,4,CG->C:2;G0->C:2,cleaned
CAND_8b6de06a0f,/content/EMD_V5_3_vina_gpu_extract/06_docking/v5_3_model_guided/ligands_pdbqt/CAND_8b6de06a0f.pdbqt,/content/EMD_V5_3_vina_gpu_extract/06_docking/v5_3_model_guided/ligands_pdbqt_vina_gpu_clean/CAND_8b6de06a0f.pdbqt,36,10,4,CG->C:2;G0->C:2,cleaned
CAND_8f245c542f,/content/EMD_V5_3_vina_gpu_extract/06_docking/v5_3_model_guided/ligands_pdbqt/CAND_8f245c542f.pdbqt,/content/EMD_V5_3_vina_gpu_extract/06_docking/v5_3_model_guided/ligands_pdbqt_vina_gpu_clean/CAND_8f245c542f.pdbqt,48,10,4,CG->C:2;G0->C:2,cleaned
CAND_91833501ec,/content/EMD_V5_3_vina_gpu_extract/06_docking/v5_3_model_guided/ligands_pdbqt/CAND_91833501ec.pdbqt,/content/EMD_V5_3_vina_gpu_extract/06_docking/v5_3_model_guided/ligands_pdbqt_vina_gpu_clean/CAND_91833501ec.pdbqt,38,12,4,CG->C:2;G0->C:2,cleaned
CAND_94f502517a,/content/EMD_V5_3_vina_gpu_extract/06_docking/v5_3_model_guided/ligands_pdbqt/CAND_94f502517a.pdbqt,/content/EMD_V5_3_vina_gpu_extract/06_docking/v5_3_model_guided/ligands_pdbqt_vina_gpu_clean/CAND_94f502517a.pdbqt,41,11,4,CG->C:2;G0->C:2,cleaned
CAND_956024a173,/content/EMD_V5_3_vina_gpu_extract/06_docking/v5_3_model_guided/ligands_pdbqt/CAND_956024a173.pdbqt,/content/EMD_V5_3_vina_gpu_extract/06_docking/v5_3_model_guided/ligands_pdbqt_vina_gpu_clean/CAND_956024a173.pdbqt,35,9,4,CG->C:2;G0->C:2,cleaned
CAND_97556b1c56,/content/EMD_V5_3_vina_gpu_extract/06_docking/v5_3_model_guided/ligands_pdbqt/CAND_97556b1c56.pdbqt,/content/EMD_V5_3_vina_gpu_extract/06_docking/v5_3_model_guided/ligands_pdbqt_vina_gpu_clean/CAND_97556b1c56.pdbqt,34,8,4,CG->C:2;G0->C:2,cleaned
CAND_9b2dbc98ed,/content/EMD_V5_3_vina_gpu_extract/06_docking/v5_3_model_guided/ligands_pdbqt/CAND_9b2dbc98ed.pdbqt,/content/EMD_V5_3_vina_gpu_extract/06_docking/v5_3_model_guided/ligands_pdbqt_vina_gpu_clean/CAND_9b2dbc98ed.pdbqt,45,8,4,CG->C:2;G0->C:2,cleaned
CAND_9c6324c16c,/content/EMD_V5_3_vina_gpu_extract/06_docking/v5_3_model_guided/ligands_pdbqt/CAND_9c6324c16c.pdbqt,/content/EMD_V5_3_vina_gpu_extract/06_docking/v5_3_model_guided/ligands_pdbqt_vina_gpu_clean/CAND_9c6324c16c.pdbqt,43,8,4,CG->C:2;G0->C:2,cleaned
CAND_9d4c5cab6d,/content/EMD_V5_3_vina_gpu_extract/06_docking/v5_3_model_guided/ligands_pdbqt/CAND_9d4c5cab6d.pdbqt,/content/EMD_V5_3_vina_gpu_extract/06_docking/v5_3_model_guided/ligands_pdbqt_vina_gpu_clean/CAND_9d4c5cab6d.pdbqt,36,9,4,CG->C:2;G0->C:2,cleaned
CAND_9f32e71b10,/content/EMD_V5_3_vina_gpu_extract/06_docking/v5_3_model_guided/ligands_pdbqt/CAND_9f32e71b10.pdbqt,/content/EMD_V5_3_vina_gpu_extract/06_docking/v5_3_model_guided/ligands_pdbqt_vina_gpu_clean/CAND_9f32e71b10.pdbqt,42,8,4,CG->C:2;G0->C:2,cleaned
CAND_a28891a72c,/content/EMD_V5_3_vina_gpu_extract/06_docking/v5_3_model_guided/ligands_pdbqt/CAND_a28891a72c.pdbqt,/content/EMD_V5_3_vina_gpu_extract/06_docking/v5_3_model_guided/ligands_pdbqt_vina_gpu_clean/CAND_a28891a72c.pdbqt,36,9,4,CG->C:2;G0->C:2,cleaned
CAND_a57d09f53c,/content/EMD_V5_3_vina_gpu_extract/06_docking/v5_3_model_guided/ligands_pdbqt/CAND_a57d09f53c.pdbqt,/content/EMD_V5_3_vina_gpu_extract/06_docking/v5_3_model_guided/ligands_pdbqt_vina_gpu_clean/CAND_a57d09f53c.pdbqt,44,17,8,CG->C:4;G0->C:2;G1->C:2,cleaned
CAND_a6e2aca7fb,/content/EMD_V5_3_vina_gpu_extract/06_docking/v5_3_model_guided/ligands_pdbqt/CAND_a6e2aca7fb.pdbqt,/content/EMD_V5_3_vina_gpu_extract/06_docking/v5_3_model_guided/ligands_pdbqt_vina_gpu_clean/CAND_a6e2aca7fb.pdbqt,35,9,4,CG->C:2;G0->C:2,cleaned
CAND_a8632b2da2,/content/EMD_V5_3_vina_gpu_extract/06_docking/v5_3_model_guided/ligands_pdbqt/CAND_a8632b2da2.pdbqt,/content/EMD_V5_3_vina_gpu_extract/06_docking/v5_3_model_guided/ligands_pdbqt_vina_gpu_clean/CAND_a8632b2da2.pdbqt,42,17,8,CG->C:4;G0->C:2;G1->C:2,cleaned
CAND_a8aa3f8065,/content/EMD_V5_3_vina_gpu_extract/06_docking/v5_3_model_guided/ligands_pdbqt/CAND_a8aa3f8065.pdbqt,/content/EMD_V5_3_vina_gpu_extract/06_docking/v5_3_model_guided/ligands_pdbqt_vina_gpu_clean/CAND_a8aa3f8065.pdbqt,44,8,4,CG->C:2;G0->C:2,cleaned
CAND_aaa379f29a,/content/EMD_V5_3_vina_gpu_extract/06_docking/v5_3_model_guided/ligands_pdbqt/CAND_aaa379f29a.pdbqt,/content/EMD_V5_3_vina_gpu_extract/06_docking/v5_3_model_guided/ligands_pdbqt_vina_gpu_clean/CAND_aaa379f29a.pdbqt,35,9,4,CG->C:2;G0->C:2,cleaned
CAND_b3c1e9c6e7,/content/EMD_V5_3_vina_gpu_extract/06_docking/v5_3_model_guided/ligands_pdbqt/CAND_b3c1e9c6e7.pdbqt,/content/EMD_V5_3_vina_gpu_extract/06_docking/v5_3_model_guided/ligands_pdbqt_vina_gpu_clean/CAND_b3c1e9c6e7.pdbqt,39,10,4,CG->C:2;G0->C:2,cleaned
CAND_b7ff913a58,/content/EMD_V5_3_vina_gpu_extract/06_docking/v5_3_model_guided/ligands_pdbqt/CAND_b7ff913a58.pdbqt,/content/EMD_V5_3_vina_gpu_extract/06_docking/v5_3_model_guided/ligands_pdbqt_vina_gpu_clean/CAND_b7ff913a58.pdbqt,37,12,4,CG->C:2;G0->C:2,cleaned
CAND_bb18276fcc,/content/EMD_V5_3_vina_gpu_extract/06_docking/v5_3_model_guided/ligands_pdbqt/CAND_bb18276fcc.pdbqt,/content/EMD_V5_3_vina_gpu_extract/06_docking/v5_3_model_guided/ligands_pdbqt_vina_gpu_clean/CAND_bb18276fcc.pdbqt,35,9,4,CG->C:2;G0->C:2,cleaned
CAND_bfdc82a98a,/content/EMD_V5_3_vina_gpu_extract/06_docking/v5_3_model_guided/ligands_pdbqt/CAND_bfdc82a98a.pdbqt,/content/EMD_V5_3_vina_gpu_extract/06_docking/v5_3_model_guided/ligands_pdbqt_vina_gpu_clean/CAND_bfdc82a98a.pdbqt,36,10,4,CG->C:2;G0->C:2,cleaned
CAND_c32c4f2b09,/content/EMD_V5_3_vina_gpu_extract/06_docking/v5_3_model_guided/ligands_pdbqt/CAND_c32c4f2b09.pdbqt,/content/EMD_V5_3_vina_gpu_extract/06_docking/v5_3_model_guided/ligands_pdbqt_vina_gpu_clean/CAND_c32c4f2b09.pdbqt,42,8,4,CG->C:2;G0->C:2,cleaned
CAND_c5284988bc,/content/EMD_V5_3_vina_gpu_extract/06_docking/v5_3_model_guided/ligands_pdbqt/CAND_c5284988bc.pdbqt,/content/EMD_V5_3_vina_gpu_extract/06_docking/v5_3_model_guided/ligands_pdbqt_vina_gpu_clean/CAND_c5284988bc.pdbqt,42,8,4,CG->C:2;G0->C:2,cleaned
CAND_c71340cdb2,/content/EMD_V5_3_vina_gpu_extract/06_docking/v5_3_model_guided/ligands_pdbqt/CAND_c71340cdb2.pdbqt,/content/EMD_V5_3_vina_gpu_extract/06_docking/v5_3_model_guided/ligands_pdbqt_vina_gpu_clean/CAND_c71340cdb2.pdbqt,35,9,4,CG->C:2;G0->C:2,cleaned
CAND_c9a78f3f99,/content/EMD_V5_3_vina_gpu_extract/06_docking/v5_3_model_guided/ligands_pdbqt/CAND_c9a78f3f99.pdbqt,/content/EMD_V5_3_vina_gpu_extract/06_docking/v5_3_model_guided/ligands_pdbqt_vina_gpu_clean/CAND_c9a78f3f99.pdbqt,40,11,4,CG->C:2;G0->C:2,cleaned
CAND_ce765fd66c,/content/EMD_V5_3_vina_gpu_extract/06_docking/v5_3_model_guided/ligands_pdbqt/CAND_ce765fd66c.pdbqt,/content/EMD_V5_3_vina_gpu_extract/06_docking/v5_3_model_guided/ligands_pdbqt_vina_gpu_clean/CAND_ce765fd66c.pdbqt,44,17,8,CG->C:4;G0->C:2;G1->C:2,cleaned
CAND_d26b3db662,/content/EMD_V5_3_vina_gpu_extract/06_docking/v5_3_model_guided/ligands_pdbqt/CAND_d26b3db662.pdbqt,/content/EMD_V5_3_vina_gpu_extract/06_docking/v5_3_model_guided/ligands_pdbqt_vina_gpu_clean/CAND_d26b3db662.pdbqt,42,8,4,CG->C:2;G0->C:2,cleaned
CAND_d3037c6bbb,/content/EMD_V5_3_vina_gpu_extract/06_docking/v5_3_model_guided/ligands_pdbqt/CAND_d3037c6bbb.pdbqt,/content/EMD_V5_3_vina_gpu_extract/06_docking/v5_3_model_guided/ligands_pdbqt_vina_gpu_clean/CAND_d3037c6bbb.pdbqt,43,8,4,CG->C:2;G0->C:2,cleaned
CAND_d32750a6b3,/content/EMD_V5_3_vina_gpu_extract/06_docking/v5_3_model_guided/ligands_pdbqt/CAND_d32750a6b3.pdbqt,/content/EMD_V5_3_vina_gpu_extract/06_docking/v5_3_model_guided/ligands_pdbqt_vina_gpu_clean/CAND_d32750a6b3.pdbqt,42,17,8,CG->C:4;G0->C:2;G1->C:2,cleaned
CAND_d4292dc600,/content/EMD_V5_3_vina_gpu_extract/06_docking/v5_3_model_guided/ligands_pdbqt/CAND_d4292dc600.pdbqt,/content/EMD_V5_3_vina_gpu_extract/06_docking/v5_3_model_guided/ligands_pdbqt_vina_gpu_clean/CAND_d4292dc600.pdbqt,36,9,4,CG->C:2;G0->C:2,cleaned
CAND_d6e2fc541d,/content/EMD_V5_3_vina_gpu_extract/06_docking/v5_3_model_guided/ligands_pdbqt/CAND_d6e2fc541d.pdbqt,/content/EMD_V5_3_vina_gpu_extract/06_docking/v5_3_model_guided/ligands_pdbqt_vina_gpu_clean/CAND_d6e2fc541d.pdbqt,36,9,4,CG->C:2;G0->C:2,cleaned
CAND_d7295004a0,/content/EMD_V5_3_vina_gpu_extract/06_docking/v5_3_model_guided/ligands_pdbqt/CAND_d7295004a0.pdbqt,/content/EMD_V5_3_vina_gpu_extract/06_docking/v5_3_model_guided/ligands_pdbqt_vina_gpu_clean/CAND_d7295004a0.pdbqt,36,9,4,CG->C:2;G0->C:2,cleaned
CAND_d7d5e569e3,/content/EMD_V5_3_vina_gpu_extract/06_docking/v5_3_model_guided/ligands_pdbqt/CAND_d7d5e569e3.pdbqt,/content/EMD_V5_3_vina_gpu_extract/06_docking/v5_3_model_guided/ligands_pdbqt_vina_gpu_clean/CAND_d7d5e569e3.pdbqt,48,10,4,CG->C:2;G0->C:2,cleaned
CAND_d905c29100,/content/EMD_V5_3_vina_gpu_extract/06_docking/v5_3_model_guided/ligands_pdbqt/CAND_d905c29100.pdbqt,/content/EMD_V5_3_vina_gpu_extract/06_docking/v5_3_model_guided/ligands_pdbqt_vina_gpu_clean/CAND_d905c29100.pdbqt,45,17,8,CG->C:4;G0->C:2;G1->C:2,cleaned
CAND_d93664c4b9,/content/EMD_V5_3_vina_gpu_extract/06_docking/v5_3_model_guided/ligands_pdbqt/CAND_d93664c4b9.pdbqt,/content/EMD_V5_3_vina_gpu_extract/06_docking/v5_3_model_guided/ligands_pdbqt_vina_gpu_clean/CAND_d93664c4b9.pdbqt,35,9,4,CG->C:2;G0->C:2,cleaned
CAND_da006e9e54,/content/EMD_V5_3_vina_gpu_extract/06_docking/v5_3_model_guided/ligands_pdbqt/CAND_da006e9e54.pdbqt,/content/EMD_V5_3_vina_gpu_extract/06_docking/v5_3_model_guided/ligands_pdbqt_vina_gpu_clean/CAND_da006e9e54.pdbqt,49,10,4,CG->C:2;G0->C:2,cleaned
CAND_dbfbb7d1cf,/content/EMD_V5_3_vina_gpu_extract/06_docking/v5_3_model_guided/ligands_pdbqt/CAND_dbfbb7d1cf.pdbqt,/content/EMD_V5_3_vina_gpu_extract/06_docking/v5_3_model_guided/ligands_pdbqt_vina_gpu_clean/CAND_dbfbb7d1cf.pdbqt,43,8,4,CG->C:2;G0->C:2,cleaned
CAND_e16585ad8a,/content/EMD_V5_3_vina_gpu_extract/06_docking/v5_3_model_guided/ligands_pdbqt/CAND_e16585ad8a.pdbqt,/content/EMD_V5_3_vina_gpu_extract/06_docking/v5_3_model_guided/ligands_pdbqt_vina_gpu_clean/CAND_e16585ad8a.pdbqt,38,12,4,CG->C:2;G0->C:2,cleaned
CAND_e275a7e3ff,/content/EMD_V5_3_vina_gpu_extract/06_docking/v5_3_model_guided/ligands_pdbqt/CAND_e275a7e3ff.pdbqt,/content/EMD_V5_3_vina_gpu_extract/06_docking/v5_3_model_guided/ligands_pdbqt_vina_gpu_clean/CAND_e275a7e3ff.pdbqt,44,17,8,CG->C:4;G0->C:2;G1->C:2,cleaned
CAND_e6c0627bb9,/content/EMD_V5_3_vina_gpu_extract/06_docking/v5_3_model_guided/ligands_pdbqt/CAND_e6c0627bb9.pdbqt,/content/EMD_V5_3_vina_gpu_extract/06_docking/v5_3_model_guided/ligands_pdbqt_vina_gpu_clean/CAND_e6c0627bb9.pdbqt,39,12,4,CG->C:2;G0->C:2,cleaned
CAND_ebd66c7b75,/content/EMD_V5_3_vina_gpu_extract/06_docking/v5_3_model_guided/ligands_pdbqt/CAND_ebd66c7b75.pdbqt,/content/EMD_V5_3_vina_gpu_extract/06_docking/v5_3_model_guided/ligands_pdbqt_vina_gpu_clean/CAND_ebd66c7b75.pdbqt,40,10,4,CG->C:2;G0->C:2,cleaned
CAND_ec7238a2dd,/content/EMD_V5_3_vina_gpu_extract/06_docking/v5_3_model_guided/ligands_pdbqt/CAND_ec7238a2dd.pdbqt,/content/EMD_V5_3_vina_gpu_extract/06_docking/v5_3_model_guided/ligands_pdbqt_vina_gpu_clean/CAND_ec7238a2dd.pdbqt,42,17,8,CG->C:4;G0->C:2;G1->C:2,cleaned
CAND_ed05fcd36e,/content/EMD_V5_3_vina_gpu_extract/06_docking/v5_3_model_guided/ligands_pdbqt/CAND_ed05fcd36e.pdbqt,/content/EMD_V5_3_vina_gpu_extract/06_docking/v5_3_model_guided/ligands_pdbqt_vina_gpu_clean/CAND_ed05fcd36e.pdbqt,42,17,8,CG->C:4;G0->C:2;G1->C:2,cleaned
CAND_ee723190bd,/content/EMD_V5_3_vina_gpu_extract/06_docking/v5_3_model_guided/ligands_pdbqt/CAND_ee723190bd.pdbqt,/content/EMD_V5_3_vina_gpu_extract/06_docking/v5_3_model_guided/ligands_pdbqt_vina_gpu_clean/CAND_ee723190bd.pdbqt,45,17,8,CG->C:4;G0->C:2;G1->C:2,cleaned
CAND_f01d409d4a,/content/EMD_V5_3_vina_gpu_extract/06_docking/v5_3_model_guided/ligands_pdbqt/CAND_f01d409d4a.pdbqt,/content/EMD_V5_3_vina_gpu_extract/06_docking/v5_3_model_guided/ligands_pdbqt_vina_gpu_clean/CAND_f01d409d4a.pdbqt,42,8,4,CG->C:2;G0->C:2,cleaned
CAND_f0bd1b6255,/content/EMD_V5_3_vina_gpu_extract/06_docking/v5_3_model_guided/ligands_pdbqt/CAND_f0bd1b6255.pdbqt,/content/EMD_V5_3_vina_gpu_extract/06_docking/v5_3_model_guided/ligands_pdbqt_vina_gpu_clean/CAND_f0bd1b6255.pdbqt,48,10,4,CG->C:2;G0->C:2,cleaned
CAND_f134535edd,/content/EMD_V5_3_vina_gpu_extract/06_docking/v5_3_model_guided/ligands_pdbqt/CAND_f134535edd.pdbqt,/content/EMD_V5_3_vina_gpu_extract/06_docking/v5_3_model_guided/ligands_pdbqt_vina_gpu_clean/CAND_f134535edd.pdbqt,46,8,4,CG->C:2;G0->C:2,cleaned
CAND_f14ad9ba35,/content/EMD_V5_3_vina_gpu_extract/06_docking/v5_3_model_guided/ligands_pdbqt/CAND_f14ad9ba35.pdbqt,/content/EMD_V5_3_vina_gpu_extract/06_docking/v5_3_model_guided/ligands_pdbqt_vina_gpu_clean/CAND_f14ad9ba35.pdbqt,35,9,4,CG->C:2;G0->C:2,cleaned
CAND_f4705e122e,/content/EMD_V5_3_vina_gpu_extract/06_docking/v5_3_model_guided/ligands_pdbqt/CAND_f4705e122e.pdbqt,/content/EMD_V5_3_vina_gpu_extract/06_docking/v5_3_model_guided/ligands_pdbqt_vina_gpu_clean/CAND_f4705e122e.pdbqt,40,11,4,CG->C:2;G0->C:2,cleaned
CAND_fd6a72e89d,/content/EMD_V5_3_vina_gpu_extract/06_docking/v5_3_model_guided/ligands_pdbqt/CAND_fd6a72e89d.pdbqt,/content/EMD_V5_3_vina_gpu_extract/06_docking/v5_3_model_guided/ligands_pdbqt_vina_gpu_clean/CAND_fd6a72e89d.pdbqt,36,9,4,CG->C:2;G0->C:2,cleaned
CAND_ff4ec3842f,/content/EMD_V5_3_vina_gpu_extract/06_docking/v5_3_model_guided/ligands_pdbqt/CAND_ff4ec3842f.pdbqt,/content/EMD_V5_3_vina_gpu_extract/06_docking/v5_3_model_guided/ligands_pdbqt_vina_gpu_clean/CAND_ff4ec3842f.pdbqt,35,9,4,CG->C:2;G0->C:2,cleaned
CAND_ffa2b05eef,/content/EMD_V5_3_vina_gpu_extract/06_docking/v5_3_model_guided/ligands_pdbqt/CAND_ffa2b05eef.pdbqt,/content/EMD_V5_3_vina_gpu_extract/06_docking/v5_3_model_guided/ligands_pdbqt_vina_gpu_clean/CAND_ffa2b05eef.pdbqt,35,8,4,CG->C:2;G0->C:2,cleaned
