epoch,train_loss,val_loss,train_f1,val_f1,val_precision,val_recall
1,1.3314697742462158,1.3314446210861206,0.076068,0.15301,0.086987,0.634899
2,1.3245158195495605,1.3247954845428467,0.118204,0.127525,0.068105,1.0
3,1.3179380893707275,1.3184213638305664,0.117242,0.127525,0.068105,1.0
4,1.3115782737731934,1.3122549057006836,0.11468,0.127525,0.068105,1.0
5,1.3054351806640625,1.3062405586242676,0.114749,0.127525,0.068105,1.0
6,1.2994914054870605,1.3003296852111816,0.117213,0.127525,0.068105,1.0
7,1.2935220003128052,1.2944782972335815,0.120634,0.127525,0.068105,1.0
8,1.2876888513565063,1.2886475324630737,0.123871,0.164524,0.102097,0.423437
9,1.2819230556488037,1.2828031778335571,0.143477,0.15301,0.086987,0.634899
10,1.2760196924209595,1.2769153118133545,0.153119,0.15301,0.086987,0.634899
11,1.2700542211532593,1.2709579467773438,0.155302,0.15301,0.086987,0.634899
12,1.2641388177871704,1.264910101890564,0.157687,0.15301,0.086987,0.634899
13,1.258028268814087,1.2587536573410034,0.161035,0.161673,0.089725,0.816006
14,1.2518755197525024,1.2524744272232056,0.163507,0.162549,0.089423,0.891927
15,1.2454737424850464,1.246061086654663,0.165455,0.165732,0.090513,0.980811
16,1.239077091217041,1.239505648612976,0.16635,0.165732,0.090513,0.980811
17,1.2325091361999512,1.232802391052246,0.166685,0.165732,0.090513,0.980811
18,1.225711464881897,1.2259479761123657,0.167276,0.165732,0.090513,0.980811
19,1.2187589406967163,1.218941330909729,0.167521,0.165732,0.090513,0.980811
20,1.211680293083191,1.2117831707000732,0.167699,0.165732,0.090513,0.980811
21,1.2044938802719116,1.204475998878479,0.167826,0.165732,0.090513,0.980811
22,1.1971404552459717,1.1970235109329224,0.167798,0.165732,0.090513,0.980811
23,1.1894950866699219,1.189429521560669,0.16774,0.165732,0.090513,0.980811
24,1.1818208694458008,1.1816991567611694,0.167759,0.165732,0.090513,0.980811
25,1.1740570068359375,1.1738380193710327,0.167915,0.165732,0.090513,0.980811
26,1.166068196296692,1.1658514738082886,0.168003,0.165732,0.090513,0.980811
27,1.1580753326416016,1.1577459573745728,0.168082,0.165732,0.090513,0.980811
28,1.1499199867248535,1.1495280265808105,0.168384,0.165732,0.090513,0.980811
29,1.1415737867355347,1.1412053108215332,0.168499,0.165732,0.090513,0.980811
30,1.1332091093063354,1.132786750793457,0.168542,0.165732,0.090513,0.980811
31,1.1248177289962769,1.1242831945419312,0.168565,0.165732,0.090513,0.980811
32,1.116206407546997,1.1157071590423584,0.168574,0.165732,0.090513,0.980811
33,1.1075947284698486,1.1070735454559326,0.168578,0.165732,0.090513,0.980811
34,1.0988086462020874,1.0983989238739014,0.168582,0.165732,0.090513,0.980811
35,1.0902689695358276,1.0897020101547241,0.168581,0.165732,0.090513,0.980811
36,1.0813007354736328,1.0810025930404663,0.168581,0.165732,0.090513,0.980811
37,1.0727564096450806,1.0723217725753784,0.168581,0.165732,0.090513,0.980811
38,1.063931941986084,1.0636799335479736,0.168582,0.165732,0.090513,0.980811
39,1.0552465915679932,1.0550975799560547,0.168581,0.165732,0.090513,0.980811
40,1.0465537309646606,1.0465939044952393,0.168582,0.165732,0.090513,0.980811
41,1.0380644798278809,1.0381879806518555,0.168582,0.165732,0.090513,0.980811
42,1.0296605825424194,1.029897689819336,0.168582,0.165732,0.090513,0.980811
43,1.021217703819275,1.0217405557632446,0.16858,0.165732,0.090513,0.980811
44,1.0133061408996582,1.0137349367141724,0.168583,0.165732,0.090513,0.980811
45,1.005139946937561,1.005898118019104,0.168582,0.165732,0.090513,0.980811
46,0.9972227811813354,0.9982472658157349,0.168583,0.165732,0.090513,0.980811
47,0.9894055128097534,0.9907992482185364,0.16858,0.165732,0.090513,0.980811
48,0.9817672967910767,0.9835699796676636,0.168583,0.165732,0.090513,0.980811
49,0.9749581217765808,0.9765758514404297,0.168583,0.165732,0.090513,0.980811
50,0.9680023193359375,0.9698299169540405,0.168581,0.165732,0.090513,0.980811
51,0.9612072110176086,0.9633427858352661,0.168583,0.165732,0.090513,0.980811
52,0.9546309113502502,0.9571242928504944,0.168582,0.165732,0.090513,0.980811
53,0.9484073519706726,0.9511818885803223,0.168581,0.166887,0.09636,0.622513
54,0.9426369071006775,0.945523202419281,0.168582,0.167893,0.095813,0.677833
55,0.9370532035827637,0.9401511549949646,0.168583,0.167893,0.095813,0.677833
56,0.9317084550857544,0.9350685477256775,0.168583,0.167893,0.095813,0.677833
57,0.9264582395553589,0.9302734732627869,0.168582,0.167893,0.095813,0.677833
58,0.9216212034225464,0.9257628321647644,0.168598,0.167893,0.095813,0.677833
59,0.9175481796264648,0.9215331077575684,0.168583,0.167893,0.095813,0.677833
60,0.9131839275360107,0.9175775647163391,0.168583,0.167893,0.095813,0.677833
61,0.9096056818962097,0.9138908386230469,0.168583,0.167893,0.095813,0.677833
62,0.9056907296180725,0.9104642271995544,0.168582,0.167893,0.095813,0.677833
63,0.9025905132293701,0.9072922468185425,0.168609,0.167893,0.095813,0.677833
64,0.8991444110870361,0.9043649435043335,0.168605,0.167893,0.095813,0.677833
65,0.896277129650116,0.9016739726066589,0.168747,0.167893,0.095813,0.677833
66,0.8940145373344421,0.8992100954055786,0.168588,0.167893,0.095813,0.677833
67,0.8913993835449219,0.8969592452049255,0.168789,0.169475,0.094843,0.795277
68,0.8893503546714783,0.8949111700057983,0.168585,0.169475,0.094843,0.795277
69,0.8874645829200745,0.893050491809845,0.168598,0.169475,0.094843,0.795277
70,0.8859720230102539,0.8913629055023193,0.16861,0.169475,0.094843,0.795277
71,0.8838918805122375,0.8898261785507202,0.168588,0.169475,0.094843,0.795277
72,0.8823813199996948,0.8884225487709045,0.168818,0.169475,0.094843,0.795277
73,0.8809067010879517,0.8871380090713501,0.168762,0.169475,0.094843,0.795277
74,0.8799594044685364,0.8859671354293823,0.168587,0.169475,0.094843,0.795277
75,0.8786245584487915,0.8848985433578491,0.168665,0.169475,0.094843,0.795277
76,0.8778718113899231,0.8839288353919983,0.168643,0.169475,0.094843,0.795277
77,0.8774029016494751,0.8830541968345642,0.16865,0.169475,0.094843,0.795277
78,0.8761340379714966,0.8822613954544067,0.168709,0.169475,0.094843,0.795277
79,0.875275731086731,0.8815382122993469,0.168916,0.169475,0.094843,0.795277
80,0.8748518228530884,0.8808733224868774,0.168665,0.169475,0.094843,0.795277
81,0.8745047450065613,0.8802598714828491,0.168702,0.169475,0.094843,0.795277
82,0.8736001253128052,0.8796848654747009,0.168766,0.169475,0.094843,0.795277
83,0.8731167912483215,0.8791417479515076,0.168639,0.169475,0.094843,0.795277
84,0.8725683093070984,0.8786306381225586,0.168657,0.167893,0.095813,0.677833
85,0.8727424144744873,0.8781547546386719,0.168671,0.167893,0.095813,0.677833
86,0.8718715906143188,0.8777083158493042,0.168586,0.167893,0.095813,0.677833
87,0.8712224364280701,0.8772836327552795,0.168786,0.167893,0.095813,0.677833
88,0.8714457154273987,0.8768875598907471,0.168585,0.167893,0.095813,0.677833
89,0.870674192905426,0.8765115737915039,0.168607,0.167893,0.095813,0.677833
90,0.8705922961235046,0.8761513233184814,0.168584,0.167893,0.095813,0.677833
91,0.870006263256073,0.8758026361465454,0.168648,0.167893,0.095813,0.677833
92,0.8697628378868103,0.8754647374153137,0.168674,0.168024,0.096359,0.655628
93,0.8692871928215027,0.8751351833343506,0.168703,0.168024,0.096359,0.655628
94,0.869001030921936,0.8748177886009216,0.168666,0.168024,0.096359,0.655628
95,0.8688358068466187,0.8745220899581909,0.168655,0.168024,0.096359,0.655628
96,0.8685658574104309,0.8742376565933228,0.168649,0.165807,0.094334,0.684187
97,0.8683985471725464,0.8739690780639648,0.168671,0.165807,0.094334,0.684187
98,0.8678648471832275,0.8737099170684814,0.168786,0.165807,0.094334,0.684187
99,0.8674243688583374,0.8734551668167114,0.168762,0.165807,0.094334,0.684187
100,0.8669394850730896,0.873203694820404,0.16878,0.165807,0.094334,0.684187
101,0.8671554327011108,0.8729674220085144,0.168612,0.165807,0.094334,0.684187
102,0.8670273423194885,0.8727491497993469,0.168588,0.165807,0.094334,0.684187
103,0.8666275143623352,0.8725412487983704,0.168726,0.165807,0.094334,0.684187
104,0.8665008544921875,0.8723471164703369,0.168623,0.165807,0.094334,0.684187
105,0.865962564945221,0.8721581697463989,0.168877,0.165807,0.094334,0.684187
106,0.8658295273780823,0.8719741702079773,0.168672,0.165807,0.094334,0.684187
107,0.8655951619148254,0.8717949986457825,0.168617,0.165807,0.094334,0.684187
108,0.8653569221496582,0.8716239929199219,0.169071,0.173993,0.099742,0.680786
109,0.8650056719779968,0.8714604377746582,0.168841,0.173993,0.099742,0.680786
110,0.8652471303939819,0.8713087439537048,0.169211,0.173993,0.099742,0.680786
111,0.8654890060424805,0.8711743950843811,0.168595,0.173993,0.099742,0.680786
112,0.8647949695587158,0.8710440397262573,0.169157,0.173993,0.099742,0.680786
113,0.8645685911178589,0.8709145188331604,0.169306,0.173993,0.099742,0.680786
114,0.8643178343772888,0.870779275894165,0.169442,0.173993,0.099742,0.680786
115,0.8646113872528076,0.8706463575363159,0.169119,0.173968,0.099733,0.680465
116,0.8640331029891968,0.8705180287361145,0.16943,0.173968,0.099733,0.680465
117,0.864153265953064,0.8703982830047607,0.16938,0.177173,0.100114,0.769349
118,0.8638512492179871,0.8702892661094666,0.169434,0.177173,0.100114,0.769349
119,0.8635954856872559,0.8701872825622559,0.169796,0.177173,0.100114,0.769349
120,0.8637023568153381,0.8700834512710571,0.169481,0.177173,0.100114,0.769349
121,0.8635120987892151,0.8699776530265808,0.16984,0.177173,0.100114,0.769349
122,0.8634682893753052,0.8698715567588806,0.169738,0.177173,0.100114,0.769349
123,0.8631812930107117,0.8697646260261536,0.169734,0.177173,0.100114,0.769349
124,0.863121509552002,0.8696562647819519,0.170089,0.177173,0.100114,0.769349
125,0.8632655739784241,0.8695564866065979,0.169929,0.177173,0.100114,0.769349
126,0.8630361557006836,0.8694652915000916,0.170191,0.177173,0.100114,0.769349
127,0.8630221486091614,0.8693788051605225,0.169948,0.177173,0.100114,0.769349
128,0.862936794757843,0.8692936301231384,0.17033,0.177173,0.100114,0.769349
129,0.8626295328140259,0.8692023158073425,0.170389,0.177173,0.100114,0.769349
130,0.8626000285148621,0.8691080808639526,0.170622,0.177173,0.100114,0.769349
131,0.8627068400382996,0.869010329246521,0.170372,0.177173,0.100114,0.769349
132,0.8623149394989014,0.8689138889312744,0.170559,0.177173,0.100114,0.769349
133,0.8621118664741516,0.8688192963600159,0.170905,0.177173,0.100114,0.769349
134,0.8621127605438232,0.8687334060668945,0.170701,0.177173,0.100114,0.769349
135,0.8620859980583191,0.8686542510986328,0.170582,0.177173,0.100114,0.769349
136,0.8619455695152283,0.8685809969902039,0.170878,0.177173,0.100114,0.769349
137,0.8621506094932556,0.8685091137886047,0.170603,0.177173,0.100114,0.769349
138,0.861748456954956,0.8684290647506714,0.170873,0.177173,0.100114,0.769349
139,0.8611910343170166,0.8683362007141113,0.171307,0.177173,0.100114,0.769349
140,0.8614221811294556,0.8682411313056946,0.170824,0.177173,0.100114,0.769349
141,0.8613712191581726,0.8681500554084778,0.171177,0.174532,0.099264,0.721987
142,0.8609580993652344,0.868071973323822,0.171612,0.174532,0.099264,0.721987
143,0.861372172832489,0.8680066466331482,0.171334,0.174532,0.099264,0.721987
144,0.8607186675071716,0.8679426908493042,0.17183,0.174532,0.099264,0.721987
145,0.860912024974823,0.8678804636001587,0.171328,0.174532,0.099264,0.721987
146,0.8605402112007141,0.8678067922592163,0.171679,0.174532,0.099264,0.721987
147,0.8604657053947449,0.8677278161048889,0.17158,0.174532,0.099264,0.721987
148,0.860958456993103,0.8676541447639465,0.171267,0.174532,0.099264,0.721987
149,0.8607610464096069,0.8675821423530579,0.171573,0.174532,0.099264,0.721987
150,0.8604704737663269,0.8675152659416199,0.171736,0.174532,0.099264,0.721987
151,0.8604342341423035,0.8674551844596863,0.171992,0.174532,0.099264,0.721987
152,0.8607445955276489,0.8674007058143616,0.171655,0.174532,0.099264,0.721987
153,0.8606581091880798,0.8673458099365234,0.172025,0.174532,0.099264,0.721987
154,0.8602160215377808,0.8672829270362854,0.171736,0.174532,0.099264,0.721987
155,0.8601642847061157,0.8672147393226624,0.171826,0.174532,0.099264,0.721987
156,0.8602139949798584,0.8671472072601318,0.171771,0.174532,0.099264,0.721987
157,0.8598269820213318,0.8670799732208252,0.172088,0.174532,0.099264,0.721987
158,0.8600024580955505,0.8670202493667603,0.172161,0.174532,0.099264,0.721987
159,0.8600227236747742,0.8669676780700684,0.172123,0.174532,0.099264,0.721987
160,0.860058605670929,0.8669227957725525,0.172154,0.174532,0.099264,0.721987
161,0.8601605892181396,0.8668805360794067,0.172408,0.174532,0.099264,0.721987
162,0.859906017780304,0.8668306469917297,0.172352,0.174532,0.099264,0.721987
163,0.8599072694778442,0.8667712211608887,0.172115,0.174532,0.099264,0.721987
164,0.859741747379303,0.8667060732841492,0.172366,0.173758,0.098969,0.711205
165,0.859428882598877,0.866642951965332,0.172587,0.173758,0.098969,0.711205
166,0.8591764569282532,0.8665856122970581,0.172607,0.173758,0.098969,0.711205
167,0.8590320944786072,0.8665366172790527,0.1729,0.174175,0.09924,0.711205
168,0.8595113754272461,0.8665027618408203,0.172507,0.174175,0.09924,0.711205
169,0.8594878911972046,0.8664766550064087,0.172504,0.174175,0.09924,0.711205
170,0.8594397306442261,0.8664420247077942,0.172546,0.174175,0.09924,0.711205
171,0.8593594431877136,0.8663901090621948,0.172808,0.174175,0.09924,0.711205
172,0.8591693043708801,0.8663296103477478,0.172709,0.174175,0.09924,0.711205
173,0.8596068024635315,0.8662689924240112,0.17263,0.174175,0.09924,0.711205
174,0.8591135740280151,0.8662159442901611,0.172553,0.1716,0.09417,0.965345
175,0.8590012192726135,0.8661760091781616,0.17282,0.1716,0.09417,0.965345
176,0.858757495880127,0.8661450147628784,0.173067,0.1716,0.09417,0.965345
177,0.8589822053909302,0.8661166429519653,0.173029,0.174175,0.09924,0.711205
178,0.8589104413986206,0.8660815358161926,0.172923,0.174175,0.09924,0.711205
179,0.8586305379867554,0.8660296201705933,0.173131,0.174175,0.09924,0.711205
180,0.8590807914733887,0.8659793734550476,0.172806,0.171519,0.094219,0.955205
181,0.8587127923965454,0.8659294843673706,0.17306,0.171519,0.094219,0.955205
182,0.8584654927253723,0.865885317325592,0.173247,0.171519,0.094219,0.955205
183,0.8583356738090515,0.8658491969108582,0.173426,0.171519,0.094219,0.955205
184,0.8584303259849548,0.8658210635185242,0.17322,0.171519,0.094219,0.955205
185,0.8585283160209656,0.8657953143119812,0.172554,0.171519,0.094219,0.955205
186,0.8584569096565247,0.8657601475715637,0.173172,0.171519,0.094219,0.955205
187,0.8581656813621521,0.8657122254371643,0.17336,0.171519,0.094219,0.955205
188,0.8581074476242065,0.8656571507453918,0.1734,0.171519,0.094219,0.955205
189,0.8584131002426147,0.8656110763549805,0.173099,0.171519,0.094219,0.955205
190,0.8577772378921509,0.8655757904052734,0.173603,0.171519,0.094219,0.955205
191,0.8584679365158081,0.8655529022216797,0.173237,0.171519,0.094219,0.955205
192,0.8580877780914307,0.8655322790145874,0.173443,0.171519,0.094219,0.955205
193,0.8580218553543091,0.8655000329017639,0.173385,0.171519,0.094219,0.955205
194,0.857563316822052,0.8654530048370361,0.17347,0.171519,0.094219,0.955205
195,0.8581166863441467,0.8654080629348755,0.173437,0.171519,0.094219,0.955205
196,0.8576873540878296,0.8653677701950073,0.173745,0.171519,0.094219,0.955205
197,0.8577352166175842,0.8653312921524048,0.17367,0.171519,0.094219,0.955205
198,0.8576903939247131,0.8652989268302917,0.173791,0.171519,0.094219,0.955205
199,0.8576458096504211,0.8652768135070801,0.173536,0.171519,0.094219,0.955205
200,0.857618510723114,0.8652520179748535,0.173477,0.171519,0.094219,0.955205
201,0.8580606579780579,0.8652233481407166,0.173433,0.171519,0.094219,0.955205
202,0.8572882413864136,0.8651793003082275,0.173579,0.171519,0.094219,0.955205
203,0.8571882247924805,0.865128755569458,0.173635,0.171519,0.094219,0.955205
204,0.857657253742218,0.8650864362716675,0.173693,0.171519,0.094219,0.955205
205,0.857537031173706,0.8650575876235962,0.173532,0.171519,0.094219,0.955205
206,0.8570866584777832,0.8650339245796204,0.173926,0.171519,0.094219,0.955205
207,0.8570623397827148,0.8650087714195251,0.173827,0.171519,0.094219,0.955205
208,0.8572325706481934,0.8649784326553345,0.173694,0.171519,0.094219,0.955205
209,0.8569799661636353,0.8649422526359558,0.173962,0.171519,0.094219,0.955205
210,0.8573489189147949,0.8649060726165771,0.173496,0.171519,0.094219,0.955205
211,0.8566211462020874,0.8648661971092224,0.174143,0.1716,0.09417,0.965345
212,0.8565550446510315,0.8648300170898438,0.174274,0.1716,0.09417,0.965345
213,0.8568270206451416,0.8648062944412231,0.174104,0.1716,0.09417,0.965345
214,0.8570154905319214,0.8647899627685547,0.173971,0.1716,0.09417,0.965345
215,0.8572053909301758,0.8647739291191101,0.173496,0.1716,0.09417,0.965345
216,0.8567001223564148,0.8647439479827881,0.173849,0.1716,0.09417,0.965345
217,0.8567669987678528,0.864700198173523,0.174026,0.1716,0.09417,0.965345
218,0.8565496206283569,0.8646522164344788,0.174124,0.1716,0.09417,0.965345
219,0.8565068244934082,0.8646112680435181,0.174437,0.1716,0.09417,0.965345
220,0.8563764095306396,0.8645827174186707,0.174032,0.1716,0.09417,0.965345
221,0.8561762571334839,0.8645633459091187,0.174199,0.1716,0.09417,0.965345
222,0.8565353155136108,0.8645503520965576,0.173511,0.1716,0.09417,0.965345
223,0.8562737703323364,0.8645264506340027,0.173908,0.1716,0.09417,0.965345
224,0.8564571738243103,0.864492654800415,0.173895,0.1716,0.09417,0.965345
225,0.8563681244850159,0.8644519448280334,0.173789,0.1716,0.09417,0.965345
226,0.8561493158340454,0.8644126057624817,0.174111,0.1716,0.09417,0.965345
227,0.8560502529144287,0.8643764853477478,0.174087,0.1716,0.09417,0.965345
228,0.8558418154716492,0.8643514513969421,0.174328,0.1716,0.09417,0.965345
229,0.8562441468238831,0.8643374443054199,0.174133,0.1716,0.09417,0.965345
230,0.856192946434021,0.8643216490745544,0.173961,0.1716,0.09417,0.965345
231,0.8565836548805237,0.8643032312393188,0.174118,0.1716,0.09417,0.965345
232,0.8556573987007141,0.8642648458480835,0.174185,0.1716,0.09417,0.965345
233,0.8557805418968201,0.8642170429229736,0.174369,0.1716,0.09417,0.965345
234,0.8559669852256775,0.8641777634620667,0.173996,0.1716,0.09417,0.965345
235,0.8558770418167114,0.8641520142555237,0.17412,0.1716,0.09417,0.965345
236,0.8559628129005432,0.8641420006752014,0.173729,0.1716,0.09417,0.965345
237,0.8555118441581726,0.8641284108161926,0.174254,0.1716,0.09417,0.965345
238,0.8553953170776367,0.8640992045402527,0.17433,0.1716,0.09417,0.965345
239,0.8555120229721069,0.8640578985214233,0.174145,0.1716,0.09417,0.965345
240,0.8557430505752563,0.8640186786651611,0.174065,0.1716,0.09417,0.965345
241,0.8557059168815613,0.8639872670173645,0.174023,0.1716,0.09417,0.965345
242,0.8557223081588745,0.8639714121818542,0.174095,0.1716,0.09417,0.965345
243,0.8557099103927612,0.863964855670929,0.174064,0.1716,0.09417,0.965345
244,0.855475127696991,0.8639456033706665,0.174381,0.1716,0.09417,0.965345
245,0.8551025390625,0.8639085292816162,0.174346,0.1716,0.09417,0.965345
246,0.8558469414710999,0.8638684749603271,0.174151,0.1716,0.09417,0.965345
247,0.8552351593971252,0.8638371229171753,0.174236,0.1716,0.09417,0.965345
248,0.8551688194274902,0.8638142943382263,0.174051,0.1716,0.09417,0.965345
249,0.8554445505142212,0.8637984395027161,0.174152,0.1716,0.09417,0.965345
250,0.8554354310035706,0.863777756690979,0.173924,0.1716,0.09417,0.965345
251,0.8550580739974976,0.8637465834617615,0.174457,0.1716,0.09417,0.965345
252,0.8550093173980713,0.8637087345123291,0.174547,0.1716,0.09417,0.965345
253,0.8549067378044128,0.8636747002601624,0.174286,0.1716,0.09417,0.965345
254,0.8547977805137634,0.8636485934257507,0.17454,0.1716,0.09417,0.965345
255,0.855096697807312,0.8636338114738464,0.174341,0.1716,0.09417,0.965345
256,0.8549382090568542,0.8636175394058228,0.174173,0.1716,0.09417,0.965345
257,0.8547945618629456,0.863592267036438,0.174171,0.1716,0.09417,0.965345
258,0.8551412224769592,0.863558828830719,0.174361,0.1716,0.09417,0.965345
259,0.8548014760017395,0.8635253310203552,0.174149,0.1716,0.09417,0.965345
260,0.8548685908317566,0.8634981513023376,0.174188,0.1716,0.09417,0.965345
261,0.8544298410415649,0.8634727597236633,0.174618,0.1716,0.09417,0.965345
262,0.854808509349823,0.8634496927261353,0.174303,0.1716,0.09417,0.965345
263,0.8548797965049744,0.8634352087974548,0.174385,0.1716,0.09417,0.965345
264,0.8546090722084045,0.8634136319160461,0.174288,0.1716,0.09417,0.965345
265,0.8546169996261597,0.8633857369422913,0.174385,0.1716,0.09417,0.965345
266,0.854675829410553,0.8633503317832947,0.174451,0.1716,0.09417,0.965345
267,0.8545833230018616,0.8633183836936951,0.174452,0.1716,0.09417,0.965345
268,0.8543580174446106,0.8632913827896118,0.174103,0.1716,0.09417,0.965345
269,0.8545424342155457,0.8632734417915344,0.174146,0.1716,0.09417,0.965345
270,0.8545069694519043,0.8632559180259705,0.174205,0.1716,0.09417,0.965345
271,0.8538746237754822,0.8632235527038574,0.174554,0.1716,0.09417,0.965345
272,0.8543747663497925,0.8631917834281921,0.174276,0.1716,0.09417,0.965345
273,0.8542630076408386,0.8631636500358582,0.174284,0.1716,0.09417,0.965345
274,0.854580283164978,0.8631410598754883,0.174326,0.1716,0.09417,0.965345
275,0.854289174079895,0.863123893737793,0.174521,0.1716,0.09417,0.965345
276,0.8539626598358154,0.8631031513214111,0.174584,0.1716,0.09417,0.965345
277,0.8540947437286377,0.8630726337432861,0.174448,0.1716,0.09417,0.965345
278,0.8540825247764587,0.8630405068397522,0.174426,0.1716,0.09417,0.965345
279,0.8537868857383728,0.8630098104476929,0.174584,0.1716,0.09417,0.965345
280,0.8541567325592041,0.8629846572875977,0.174284,0.1716,0.09417,0.965345
281,0.8541579842567444,0.862968385219574,0.174059,0.1716,0.09417,0.965345
282,0.8538883328437805,0.8629522323608398,0.174368,0.1716,0.09417,0.965345
283,0.8539431691169739,0.8629294037818909,0.174148,0.1716,0.09417,0.965345
284,0.85403972864151,0.8628961443901062,0.174302,0.1716,0.09417,0.965345
285,0.8539162874221802,0.8628613948822021,0.17419,0.1716,0.09417,0.965345
286,0.8538088202476501,0.8628337979316711,0.174409,0.1716,0.09417,0.965345
287,0.8538663387298584,0.8628178238868713,0.174156,0.1716,0.09417,0.965345
288,0.8533446788787842,0.8627970218658447,0.174408,0.1716,0.09417,0.965345
289,0.853707492351532,0.8627721071243286,0.174131,0.1716,0.09417,0.965345
290,0.8536044359207153,0.8627453446388245,0.174404,0.1716,0.09417,0.965345
291,0.8539520502090454,0.8627216219902039,0.174248,0.1716,0.09417,0.965345
292,0.8537452220916748,0.8626996278762817,0.174461,0.1716,0.09417,0.965345
293,0.8535826802253723,0.8626729249954224,0.174434,0.1716,0.09417,0.965345
294,0.853516697883606,0.8626474738121033,0.174335,0.1716,0.09417,0.965345
295,0.853456974029541,0.8626217246055603,0.1744,0.1716,0.09417,0.965345
296,0.8535632491111755,0.8625973463058472,0.174152,0.1716,0.09417,0.965345
297,0.8535743951797485,0.8625798225402832,0.174334,0.1716,0.09417,0.965345
298,0.8530977964401245,0.8625541925430298,0.174174,0.1716,0.09417,0.965345
299,0.8533356785774231,0.8625249862670898,0.174491,0.1716,0.09417,0.965345
300,0.8531680107116699,0.8624909520149231,0.174379,0.1716,0.09417,0.965345
301,0.8530883193016052,0.8624609112739563,0.174275,0.1716,0.09417,0.965345
302,0.8531025052070618,0.8624407649040222,0.174399,0.1716,0.09417,0.965345
303,0.8528741002082825,0.8624199032783508,0.174662,0.1716,0.09417,0.965345
304,0.8528689742088318,0.8623960614204407,0.174896,0.1716,0.09417,0.965345
305,0.853029727935791,0.8623719811439514,0.174312,0.1716,0.09417,0.965345
306,0.8533326387405396,0.8623533844947815,0.174198,0.1716,0.09417,0.965345
307,0.8530195355415344,0.8623294234275818,0.174442,0.1716,0.09417,0.965345
308,0.8530014753341675,0.8622985482215881,0.174432,0.1716,0.09417,0.965345
309,0.8529213666915894,0.8622687458992004,0.174291,0.1716,0.09417,0.965345
310,0.8528401851654053,0.8622453808784485,0.174329,0.1716,0.09417,0.965345
311,0.852642834186554,0.8622210621833801,0.17442,0.1716,0.09417,0.965345
312,0.852818489074707,0.8621939420700073,0.174774,0.1716,0.09417,0.965345
313,0.8526415228843689,0.8621634840965271,0.174391,0.1716,0.09417,0.965345
314,0.8525204658508301,0.862136721611023,0.174339,0.1716,0.09417,0.965345
315,0.8531674146652222,0.8621239066123962,0.174357,0.1716,0.09417,0.965345
316,0.8525449633598328,0.8621072173118591,0.174362,0.1716,0.09417,0.965345
317,0.8524415493011475,0.8620797395706177,0.174067,0.1716,0.09417,0.965345
318,0.8527587056159973,0.8620481491088867,0.17449,0.1716,0.09417,0.965345
319,0.8521897792816162,0.8620135188102722,0.174823,0.1716,0.09417,0.965345
320,0.8528184294700623,0.8619911074638367,0.174362,0.1716,0.09417,0.965345
321,0.8522911071777344,0.8619669675827026,0.174542,0.1716,0.09417,0.965345
322,0.8525736927986145,0.861948549747467,0.174551,0.1716,0.09417,0.965345
323,0.8525040149688721,0.8619310259819031,0.174318,0.1716,0.09417,0.965345
324,0.8519601821899414,0.8618991374969482,0.174685,0.1716,0.09417,0.965345
325,0.8524208068847656,0.86186683177948,0.174486,0.1716,0.09417,0.965345
326,0.8527275323867798,0.8618423342704773,0.174246,0.1716,0.09417,0.965345
327,0.8521436452865601,0.861815869808197,0.174265,0.1716,0.09417,0.965345
328,0.8524808287620544,0.8617945313453674,0.174326,0.1716,0.09417,0.965345
329,0.8524101972579956,0.8617770671844482,0.174353,0.1716,0.09417,0.965345
330,0.8519085645675659,0.861749529838562,0.174391,0.1716,0.09417,0.965345
331,0.8520306944847107,0.8617209792137146,0.174329,0.1716,0.09417,0.965345
332,0.852225124835968,0.8616943955421448,0.174284,0.1716,0.09417,0.965345
333,0.8519207835197449,0.8616676926612854,0.174319,0.1716,0.09417,0.965345
334,0.8523638844490051,0.8616493344306946,0.174172,0.1716,0.09417,0.965345
335,0.852088987827301,0.8616285920143127,0.174358,0.1716,0.09417,0.965345
336,0.852131724357605,0.8616030216217041,0.174382,0.1716,0.09417,0.965345
337,0.8517677187919617,0.8615753054618835,0.174531,0.17324,0.101405,0.594083
338,0.8519059419631958,0.861548125743866,0.174312,0.17324,0.101405,0.594083
339,0.8518029451370239,0.8615241646766663,0.174392,0.17324,0.101405,0.594083
340,0.851690411567688,0.8614997267723083,0.174402,0.17324,0.101405,0.594083
341,0.8517078757286072,0.8614729046821594,0.174598,0.17324,0.101405,0.594083
342,0.8518643975257874,0.8614534139633179,0.174436,0.17324,0.101405,0.594083
343,0.851495623588562,0.861430823802948,0.174552,0.17324,0.101405,0.594083
344,0.8515689969062805,0.8614023923873901,0.174489,0.17324,0.101405,0.594083
345,0.8519502282142639,0.8613751530647278,0.174123,0.17324,0.101405,0.594083
346,0.8519184589385986,0.8613542914390564,0.174215,0.17324,0.101405,0.594083
347,0.8517908453941345,0.8613350987434387,0.174109,0.17324,0.101405,0.594083
348,0.851283609867096,0.8613066673278809,0.174676,0.17324,0.101405,0.594083
349,0.8513946533203125,0.861271858215332,0.174257,0.17324,0.101405,0.594083
350,0.851362943649292,0.8612402677536011,0.17433,0.17324,0.101405,0.594083
351,0.851334273815155,0.86121666431427,0.174157,0.17324,0.101405,0.594083
352,0.8514354228973389,0.8612004518508911,0.174288,0.17324,0.101405,0.594083
353,0.8515657186508179,0.8611882328987122,0.174184,0.17324,0.101405,0.594083
354,0.8513035178184509,0.8611591458320618,0.174267,0.17324,0.101405,0.594083
355,0.8511485457420349,0.8611202836036682,0.174465,0.17324,0.101405,0.594083
356,0.8512163758277893,0.8610838651657104,0.174213,0.17324,0.101405,0.594083
357,0.8511853814125061,0.8610587120056152,0.17417,0.17324,0.101405,0.594083
358,0.8514184355735779,0.8610513210296631,0.174329,0.17324,0.101405,0.594083
359,0.8511641621589661,0.8610402941703796,0.174195,0.17324,0.101405,0.594083
360,0.8509870767593384,0.861011266708374,0.174494,0.17324,0.101405,0.594083
361,0.8510949611663818,0.8609719276428223,0.174464,0.17324,0.101405,0.594083
362,0.8507964611053467,0.8609281182289124,0.174509,0.17324,0.101405,0.594083
363,0.8511180281639099,0.8609011769294739,0.174486,0.17324,0.101405,0.594083
364,0.8507019281387329,0.8608879446983337,0.174368,0.17324,0.101405,0.594083
365,0.8509017825126648,0.8608757853507996,0.174386,0.17324,0.101405,0.594083
366,0.8508305549621582,0.8608553409576416,0.174251,0.17324,0.101405,0.594083
367,0.8506172299385071,0.8608177900314331,0.174701,0.17324,0.101405,0.594083
368,0.850881040096283,0.8607834577560425,0.174253,0.17324,0.101405,0.594083
369,0.8509499430656433,0.8607563376426697,0.174269,0.17324,0.101405,0.594083
370,0.8506033420562744,0.8607397079467773,0.174424,0.17324,0.101405,0.594083
371,0.8511666655540466,0.8607289791107178,0.174281,0.17324,0.101405,0.594083
372,0.8504031896591187,0.8607023358345032,0.174476,0.17324,0.101405,0.594083
373,0.8509300351142883,0.8606688976287842,0.17422,0.17324,0.101405,0.594083
374,0.8507311940193176,0.8606330156326294,0.174449,0.17324,0.101405,0.594083
375,0.850736141204834,0.8606055974960327,0.174476,0.17324,0.101405,0.594083
376,0.8504579663276672,0.8605836629867554,0.174247,0.17324,0.101405,0.594083
377,0.8503336906433105,0.8605629801750183,0.174496,0.17324,0.101405,0.594083
378,0.8506803512573242,0.8605411648750305,0.1744,0.17324,0.101405,0.594083
379,0.850531280040741,0.8605131506919861,0.174323,0.17324,0.101405,0.594083
380,0.8503983020782471,0.8604822158813477,0.174401,0.17324,0.101405,0.594083
381,0.8505237698554993,0.8604538440704346,0.174245,0.17324,0.101405,0.594083
382,0.850346565246582,0.8604261875152588,0.174289,0.17324,0.101405,0.594083
383,0.8503344655036926,0.8604011535644531,0.174311,0.17324,0.101405,0.594083
384,0.850176215171814,0.8603812456130981,0.174576,0.17324,0.101405,0.594083
385,0.8504021763801575,0.8603624701499939,0.174242,0.17324,0.101405,0.594083
386,0.8504320383071899,0.8603405952453613,0.174456,0.17324,0.101405,0.594083
387,0.8501485586166382,0.8603049516677856,0.174412,0.17324,0.101405,0.594083
388,0.850315511226654,0.8602701425552368,0.174575,0.17324,0.101405,0.594083
389,0.8502157330513,0.8602439165115356,0.174344,0.17324,0.101405,0.594083
390,0.8500971794128418,0.8602263927459717,0.174314,0.17324,0.101405,0.594083
391,0.8502353429794312,0.8602094054222107,0.174552,0.17324,0.101405,0.594083
392,0.849932074546814,0.8601860404014587,0.174537,0.17324,0.101405,0.594083
393,0.8498445153236389,0.8601483702659607,0.174582,0.17324,0.101405,0.594083
394,0.8497667908668518,0.8601082563400269,0.174648,0.17324,0.101405,0.594083
395,0.8496779799461365,0.86008220911026,0.174464,0.17324,0.101405,0.594083
396,0.8499866724014282,0.8600687980651855,0.174286,0.17324,0.101405,0.594083
397,0.8498108386993408,0.8600521087646484,0.174303,0.17324,0.101405,0.594083
398,0.8498757481575012,0.860029935836792,0.174402,0.17324,0.101405,0.594083
399,0.8499155640602112,0.8599966168403625,0.174472,0.17324,0.101405,0.594083
400,0.849528968334198,0.8599596619606018,0.174442,0.17324,0.101405,0.594083
401,0.8496257066726685,0.8599309325218201,0.17437,0.17324,0.101405,0.594083
402,0.8496392965316772,0.8599118590354919,0.17441,0.17324,0.101405,0.594083
403,0.8496079444885254,0.8598926067352295,0.174466,0.17324,0.101405,0.594083
404,0.8496772646903992,0.8598716855049133,0.174378,0.17324,0.101405,0.594083
405,0.8497726321220398,0.8598437309265137,0.174394,0.17324,0.101405,0.594083
406,0.8495423793792725,0.859805166721344,0.17454,0.17324,0.101405,0.594083
407,0.8494392037391663,0.8597699403762817,0.174336,0.17324,0.101405,0.594083
408,0.8492994904518127,0.859743058681488,0.174348,0.17324,0.101405,0.594083
409,0.8494806289672852,0.8597272038459778,0.174538,0.17324,0.101405,0.594083
410,0.8494261503219604,0.859714925289154,0.174279,0.17324,0.101405,0.594083
411,0.8493065237998962,0.8596882820129395,0.174454,0.17324,0.101405,0.594083
412,0.8492774367332458,0.8596506714820862,0.174322,0.17324,0.101405,0.594083
413,0.8492579460144043,0.8596150279045105,0.174431,0.17324,0.101405,0.594083
414,0.8489822745323181,0.8595836162567139,0.174568,0.17324,0.101405,0.594083
415,0.8490148186683655,0.8595596551895142,0.174528,0.17324,0.101405,0.594083
416,0.8489839434623718,0.859539806842804,0.174506,0.17324,0.101405,0.594083
417,0.8493701219558716,0.859525740146637,0.174418,0.17324,0.101405,0.594083
418,0.84920334815979,0.8595020771026611,0.174326,0.17324,0.101405,0.594083
419,0.8489986062049866,0.8594695925712585,0.174407,0.17324,0.101405,0.594083
420,0.8490312695503235,0.8594321012496948,0.174443,0.17324,0.101405,0.594083
421,0.8490875363349915,0.8593974113464355,0.174406,0.17324,0.101405,0.594083
422,0.8487653136253357,0.8593699932098389,0.174583,0.17324,0.101405,0.594083
423,0.8488950729370117,0.8593504428863525,0.174364,0.17324,0.101405,0.594083
424,0.8488205075263977,0.8593301177024841,0.174469,0.17324,0.101405,0.594083
425,0.848945140838623,0.8593104481697083,0.174511,0.17324,0.101405,0.594083
426,0.8486829996109009,0.8592789769172668,0.174268,0.17324,0.101405,0.594083
427,0.8486977815628052,0.8592391610145569,0.174429,0.17324,0.101405,0.594083
428,0.848750114440918,0.8592078685760498,0.174384,0.17324,0.101405,0.594083
429,0.849025309085846,0.8591911792755127,0.174384,0.17324,0.101405,0.594083
430,0.8487674593925476,0.8591744899749756,0.174402,0.17324,0.101405,0.594083
431,0.8489108085632324,0.8591549396514893,0.174359,0.17324,0.101405,0.594083
432,0.8488180041313171,0.8591246604919434,0.174316,0.17324,0.101405,0.594083
433,0.8487136960029602,0.85908442735672,0.174326,0.17324,0.101405,0.594083
434,0.8483734130859375,0.8590441942214966,0.174434,0.17324,0.101405,0.594083
435,0.8485183119773865,0.8590171337127686,0.17443,0.17324,0.101405,0.594083
436,0.848396897315979,0.8590027093887329,0.174636,0.17324,0.101405,0.594083
437,0.8483007550239563,0.858986496925354,0.174454,0.17324,0.101405,0.594083
438,0.8484947681427002,0.8589602112770081,0.174723,0.17324,0.101405,0.594083
439,0.8482122421264648,0.8589234948158264,0.174525,0.17324,0.101405,0.594083
440,0.8483009338378906,0.8588875532150269,0.174352,0.17324,0.101405,0.594083
441,0.8483530282974243,0.8588557243347168,0.17438,0.17324,0.101405,0.594083
442,0.8482725620269775,0.8588282465934753,0.174437,0.17324,0.101405,0.594083
443,0.8484224677085876,0.8588124513626099,0.174473,0.17324,0.101405,0.594083
444,0.8482656478881836,0.8587948083877563,0.174296,0.17324,0.101405,0.594083
445,0.8481588363647461,0.8587651252746582,0.174363,0.17324,0.101405,0.594083
446,0.8482951521873474,0.8587235808372498,0.174445,0.17324,0.101405,0.594083
447,0.8482514023780823,0.8586863875389099,0.17435,0.17324,0.101405,0.594083
448,0.8481773138046265,0.8586609959602356,0.174543,0.17324,0.101405,0.594083
449,0.8480668067932129,0.8586475253105164,0.174403,0.17324,0.101405,0.594083
450,0.8479673266410828,0.8586273789405823,0.174373,0.17324,0.101405,0.594083
451,0.8479896187782288,0.8585970997810364,0.174505,0.17324,0.101405,0.594083
452,0.8480452299118042,0.8585622906684875,0.17432,0.17324,0.101405,0.594083
453,0.8479326963424683,0.8585286140441895,0.174426,0.17324,0.101405,0.594083
454,0.8481791615486145,0.8585001230239868,0.174446,0.17324,0.101405,0.594083
455,0.8477892875671387,0.8584771752357483,0.174369,0.17324,0.101405,0.594083
456,0.8477895855903625,0.8584515452384949,0.174373,0.17324,0.101405,0.594083
457,0.8476254940032959,0.85841965675354,0.174397,0.17324,0.101405,0.594083
458,0.8480440378189087,0.8583890795707703,0.174412,0.17324,0.101405,0.594083
459,0.8478710055351257,0.8583623170852661,0.174369,0.17324,0.101405,0.594083
460,0.8479359149932861,0.8583371043205261,0.174331,0.17324,0.101405,0.594083
461,0.84781813621521,0.8583102226257324,0.174313,0.17324,0.101405,0.594083
462,0.8476344347000122,0.8582820296287537,0.174601,0.17324,0.101405,0.594083
463,0.8476709723472595,0.8582467436790466,0.17442,0.17324,0.101405,0.594083
464,0.8474377393722534,0.8582178950309753,0.174389,0.17324,0.101405,0.594083
465,0.8478190302848816,0.8581936955451965,0.174367,0.17324,0.101405,0.594083
466,0.8476356863975525,0.8581715822219849,0.174432,0.17324,0.101405,0.594083
467,0.8474127054214478,0.8581451177597046,0.174486,0.17324,0.101405,0.594083
468,0.8475013971328735,0.8581116199493408,0.174362,0.17324,0.101405,0.594083
469,0.8474472165107727,0.8580781817436218,0.174362,0.17324,0.101405,0.594083
470,0.8472397327423096,0.8580435514450073,0.174356,0.17324,0.101405,0.594083
471,0.8472990989685059,0.8580212593078613,0.174352,0.17324,0.101405,0.594083
472,0.8470689654350281,0.8579986095428467,0.174389,0.17324,0.101405,0.594083
473,0.8472623825073242,0.8579742312431335,0.174432,0.17324,0.101405,0.594083
474,0.8472108244895935,0.8579439520835876,0.17442,0.17324,0.101405,0.594083
475,0.8472186923027039,0.857908308506012,0.174382,0.17324,0.101405,0.594083
476,0.8474168181419373,0.8578771948814392,0.174373,0.17324,0.101405,0.594083
477,0.8472055792808533,0.8578502535820007,0.174347,0.17324,0.101405,0.594083
478,0.8470190763473511,0.8578262329101562,0.174468,0.17324,0.101405,0.594083
479,0.847065269947052,0.8578007221221924,0.174422,0.17324,0.101405,0.594083
480,0.8467820286750793,0.8577662706375122,0.174391,0.17324,0.101405,0.594083
481,0.8470905423164368,0.8577350974082947,0.17442,0.17324,0.101405,0.594083
482,0.847143292427063,0.8577088117599487,0.174371,0.17324,0.101405,0.594083
483,0.8470430374145508,0.8576778173446655,0.174483,0.17324,0.101405,0.594083
484,0.8468905687332153,0.8576470613479614,0.174409,0.17324,0.101405,0.594083
485,0.8472068309783936,0.8576244115829468,0.174404,0.17324,0.101405,0.594083
486,0.8467499017715454,0.8575963973999023,0.17438,0.17324,0.101405,0.594083
487,0.8468038439750671,0.8575623035430908,0.174418,0.17324,0.101405,0.594083
488,0.8468963503837585,0.8575283288955688,0.174413,0.17324,0.101405,0.594083
489,0.8465805649757385,0.8574944734573364,0.17438,0.17324,0.101405,0.594083
490,0.8466147780418396,0.857464611530304,0.174435,0.17324,0.101405,0.594083
491,0.8465543985366821,0.8574374318122864,0.174379,0.17324,0.101405,0.594083
492,0.8467103838920593,0.857415497303009,0.174401,0.17324,0.101405,0.594083
493,0.8466603755950928,0.8573906421661377,0.174396,0.17324,0.101405,0.594083
494,0.8465464115142822,0.8573561310768127,0.174441,0.17324,0.101405,0.594083
495,0.8465538620948792,0.8573243021965027,0.174356,0.17324,0.101405,0.594083
496,0.8465501666069031,0.8572931885719299,0.174344,0.17324,0.101405,0.594083
497,0.8466507792472839,0.8572651743888855,0.174388,0.17324,0.101405,0.594083
498,0.8462656736373901,0.8572321534156799,0.174426,0.17324,0.101405,0.594083
499,0.8465749621391296,0.8572031259536743,0.174383,0.17324,0.101405,0.594083
500,0.8464116454124451,0.8571730256080627,0.174382,0.17324,0.101405,0.594083
501,0.8464929461479187,0.8571479320526123,0.174457,0.17324,0.101405,0.594083
502,0.8464411497116089,0.8571167588233948,0.174348,0.17324,0.101405,0.594083
503,0.8463073372840881,0.8570806384086609,0.174413,0.17324,0.101405,0.594083
504,0.8464710116386414,0.8570492267608643,0.174336,0.17324,0.101405,0.594083
505,0.8460274934768677,0.8570221066474915,0.174421,0.17324,0.101405,0.594083
506,0.8464652299880981,0.856999933719635,0.174407,0.17324,0.101405,0.594083
507,0.8460060358047485,0.8569723963737488,0.174392,0.17324,0.101405,0.594083
508,0.8459699749946594,0.8569329380989075,0.17435,0.17324,0.101405,0.594083
509,0.846102237701416,0.856894314289093,0.174415,0.17324,0.101405,0.594083
510,0.8460782170295715,0.8568652272224426,0.174453,0.17324,0.101405,0.594083
511,0.8459616303443909,0.8568423986434937,0.174418,0.17324,0.101405,0.594083
512,0.8457286357879639,0.8568174242973328,0.174348,0.17324,0.101405,0.594083
513,0.846005916595459,0.8567883968353271,0.174362,0.17324,0.101405,0.594083
514,0.8456997871398926,0.8567535281181335,0.174403,0.17324,0.101405,0.594083
515,0.8457342982292175,0.8567114472389221,0.174432,0.17324,0.101405,0.594083
516,0.8457310795783997,0.8566858172416687,0.174405,0.17324,0.101405,0.594083
517,0.8460574150085449,0.8566713333129883,0.174405,0.17324,0.101405,0.594083
518,0.8456480503082275,0.85664302110672,0.174474,0.17324,0.101405,0.594083
519,0.8455586433410645,0.8566015958786011,0.174395,0.17324,0.101405,0.594083
520,0.8454618453979492,0.8565576076507568,0.174386,0.17324,0.101405,0.594083
521,0.8456919193267822,0.8565289974212646,0.174376,0.17324,0.101405,0.594083
522,0.8452138304710388,0.8565051555633545,0.174364,0.17324,0.101405,0.594083
523,0.8455594182014465,0.8564795851707458,0.17432,0.17324,0.101405,0.594083
524,0.8454506397247314,0.8564475178718567,0.174346,0.17324,0.101405,0.594083
525,0.8455493450164795,0.8564103245735168,0.174378,0.17324,0.101405,0.594083
526,0.8453643918037415,0.8563742637634277,0.174561,0.17324,0.101405,0.594083
527,0.8453046083450317,0.8563434481620789,0.174368,0.17324,0.101405,0.594083
528,0.8451290726661682,0.8563108444213867,0.174432,0.17324,0.101405,0.594083
529,0.8454335331916809,0.8562831282615662,0.174379,0.17324,0.101405,0.594083
530,0.8451984524726868,0.8562545776367188,0.174416,0.17324,0.101405,0.594083
531,0.8455577492713928,0.8562301397323608,0.174464,0.17324,0.101405,0.594083
532,0.8449426293373108,0.856194019317627,0.174314,0.17324,0.101405,0.594083
533,0.8454988598823547,0.8561606407165527,0.17432,0.17324,0.101405,0.594083
534,0.8451883792877197,0.8561241030693054,0.174364,0.17324,0.101405,0.594083
535,0.8450462222099304,0.8560835719108582,0.174407,0.17324,0.101405,0.594083
536,0.8450973629951477,0.8560559153556824,0.174404,0.17324,0.101405,0.594083
537,0.845043957233429,0.8560367822647095,0.174379,0.17324,0.101405,0.594083
538,0.845079779624939,0.8560044169425964,0.174402,0.17324,0.101405,0.594083
539,0.8448704481124878,0.8559609651565552,0.174293,0.17324,0.101405,0.594083
540,0.845009446144104,0.8559209108352661,0.174391,0.17324,0.101405,0.594083
541,0.8450113534927368,0.8558951020240784,0.17437,0.17324,0.101405,0.594083
542,0.8450928330421448,0.8558757305145264,0.174346,0.17324,0.101405,0.594083
543,0.8447946906089783,0.8558446168899536,0.174442,0.17324,0.101405,0.594083
544,0.8447139859199524,0.8558047413825989,0.174407,0.17324,0.101405,0.594083
545,0.8448330760002136,0.8557659983634949,0.1744,0.17324,0.101405,0.594083
546,0.844749391078949,0.8557338714599609,0.174364,0.17324,0.101405,0.594083
547,0.8445097208023071,0.8557049036026001,0.174377,0.17324,0.101405,0.594083
548,0.8444136381149292,0.8556725382804871,0.174377,0.17324,0.101405,0.594083
549,0.8443617224693298,0.8556346893310547,0.174388,0.17324,0.101405,0.594083
550,0.8448169827461243,0.8556025624275208,0.174378,0.17324,0.101405,0.594083
551,0.8443023562431335,0.8555664420127869,0.174526,0.17324,0.101405,0.594083
552,0.8445024490356445,0.8555347919464111,0.17441,0.17324,0.101405,0.594083
553,0.8446098566055298,0.8555031418800354,0.174409,0.17324,0.101405,0.594083
554,0.8442308902740479,0.8554630279541016,0.174378,0.17324,0.101405,0.594083
555,0.8441593050956726,0.8554273843765259,0.174427,0.17324,0.101405,0.594083
556,0.8445644378662109,0.8554063439369202,0.174392,0.17324,0.101405,0.594083
557,0.844082772731781,0.8553763031959534,0.174375,0.17324,0.101405,0.594083
558,0.8441731929779053,0.855339527130127,0.174395,0.17324,0.101405,0.594083
559,0.8441677093505859,0.8553023338317871,0.174329,0.17324,0.101405,0.594083
560,0.8440493941307068,0.8552627563476562,0.174464,0.17324,0.101405,0.594083
561,0.8441262245178223,0.8552306890487671,0.174385,0.17324,0.101405,0.594083
562,0.843961775302887,0.8552005290985107,0.17435,0.17324,0.101405,0.594083
563,0.8441014289855957,0.8551716804504395,0.174367,0.17324,0.101405,0.594083
564,0.8437191247940063,0.8551300168037415,0.174558,0.17324,0.101405,0.594083
565,0.8437436819076538,0.8550840616226196,0.174401,0.17324,0.101405,0.594083
566,0.8437265753746033,0.8550519943237305,0.174436,0.17324,0.101405,0.594083
567,0.843713641166687,0.8550289273262024,0.174383,0.17324,0.101405,0.594083
568,0.8437437415122986,0.8550037741661072,0.174377,0.17324,0.101405,0.594083
569,0.8439210057258606,0.8549709320068359,0.174433,0.17324,0.101405,0.594083
570,0.8438348770141602,0.8549323081970215,0.174359,0.17324,0.101405,0.594083
571,0.8434861898422241,0.8548856377601624,0.174407,0.17324,0.101405,0.594083
572,0.843829333782196,0.8548473715782166,0.174361,0.17324,0.101405,0.594083
573,0.8437445759773254,0.8548258543014526,0.174362,0.17324,0.101405,0.594083
574,0.8435525298118591,0.8548007607460022,0.174359,0.17324,0.101405,0.594083
575,0.8438154458999634,0.8547616004943848,0.174376,0.17324,0.101405,0.594083
576,0.8433824777603149,0.8547136783599854,0.174388,0.17324,0.101405,0.594083
577,0.84392249584198,0.8546805381774902,0.174406,0.17324,0.101405,0.594083
578,0.843559205532074,0.8546535968780518,0.174425,0.17324,0.101405,0.594083
579,0.8436453342437744,0.8546252846717834,0.174338,0.17324,0.101405,0.594083
580,0.8434096574783325,0.8545886874198914,0.174343,0.17324,0.101405,0.594083
581,0.8434063196182251,0.8545446395874023,0.1744,0.17324,0.101405,0.594083
582,0.8431897163391113,0.8545028567314148,0.174366,0.17324,0.101405,0.594083
583,0.8430339694023132,0.8544650673866272,0.174523,0.17324,0.101405,0.594083
584,0.8429897427558899,0.8544338941574097,0.174321,0.17324,0.101405,0.594083
585,0.8429962992668152,0.8544050455093384,0.174362,0.17324,0.101405,0.594083
586,0.8427490592002869,0.8543636798858643,0.174448,0.17324,0.101405,0.594083
587,0.8434088230133057,0.8543253540992737,0.174369,0.17324,0.101405,0.594083
588,0.843081533908844,0.8542893528938293,0.174366,0.17324,0.101405,0.594083
589,0.8427466154098511,0.8542544841766357,0.174504,0.17324,0.101405,0.594083
590,0.8432600498199463,0.8542264103889465,0.174322,0.17324,0.101405,0.594083
591,0.843036413192749,0.8541917204856873,0.174372,0.17324,0.101405,0.594083
592,0.8428274393081665,0.8541503548622131,0.174357,0.17324,0.101405,0.594083
593,0.8426670432090759,0.8541077375411987,0.174322,0.17324,0.101405,0.594083
594,0.8425960540771484,0.8540731072425842,0.174403,0.17324,0.101405,0.594083
595,0.8427627086639404,0.8540446758270264,0.17443,0.17324,0.101405,0.594083
596,0.8427004218101501,0.8540083765983582,0.174291,0.17324,0.101405,0.594083
597,0.842751681804657,0.853968620300293,0.174309,0.17324,0.101405,0.594083
598,0.8426457047462463,0.8539278507232666,0.174343,0.17324,0.101405,0.594083
599,0.8426704406738281,0.8538883328437805,0.174336,0.17324,0.101405,0.594083
600,0.8425350785255432,0.8538507223129272,0.174393,0.17324,0.101405,0.594083
601,0.842454195022583,0.85381680727005,0.174387,0.17324,0.101405,0.594083
602,0.8423370122909546,0.853784441947937,0.174318,0.17324,0.101405,0.594083
603,0.842421293258667,0.8537473082542419,0.174397,0.17324,0.101405,0.594083
604,0.8425015807151794,0.8537080883979797,0.174336,0.17324,0.101405,0.594083
605,0.8420912623405457,0.8536659479141235,0.174344,0.17324,0.101405,0.594083
606,0.8422560691833496,0.8536247611045837,0.174369,0.17324,0.101405,0.594083
607,0.842035710811615,0.853588342666626,0.174345,0.17324,0.101405,0.594083
608,0.8421962857246399,0.8535541892051697,0.174424,0.17324,0.101405,0.594083
609,0.8423323631286621,0.8535240292549133,0.174354,0.17324,0.101405,0.594083
610,0.8418429493904114,0.8534838557243347,0.174584,0.17324,0.101405,0.594083
611,0.8420310616493225,0.853442907333374,0.174342,0.17324,0.101405,0.594083
612,0.8420891165733337,0.8534014225006104,0.17437,0.17324,0.101405,0.594083
613,0.8421422243118286,0.8533667325973511,0.174309,0.17324,0.101405,0.594083
614,0.8419718146324158,0.8533353209495544,0.174386,0.17324,0.101405,0.594083
615,0.8419972658157349,0.8532977104187012,0.174395,0.17324,0.101405,0.594083
616,0.8420166373252869,0.8532530665397644,0.174281,0.17324,0.101405,0.594083
617,0.8416465520858765,0.8532090187072754,0.174307,0.17324,0.101405,0.594083
618,0.8418725728988647,0.8531785011291504,0.174302,0.17324,0.101405,0.594083
619,0.8417026996612549,0.853144109249115,0.174345,0.17324,0.101405,0.594083
620,0.841494083404541,0.8531051874160767,0.174365,0.17324,0.101405,0.594083
621,0.8417544960975647,0.8530606031417847,0.174392,0.17324,0.101405,0.594083
622,0.8416048288345337,0.85301673412323,0.174348,0.17324,0.101405,0.594083
623,0.8415008783340454,0.8529785871505737,0.174275,0.17324,0.101405,0.594083
624,0.84138023853302,0.8529452085494995,0.17435,0.17324,0.101405,0.594083
625,0.8414280414581299,0.8529127836227417,0.174272,0.17324,0.101405,0.594083
626,0.8412729501724243,0.8528693318367004,0.174314,0.17324,0.101405,0.594083
627,0.8414677381515503,0.8528257012367249,0.174278,0.17324,0.101405,0.594083
628,0.8414771556854248,0.8527870774269104,0.174246,0.17324,0.101405,0.594083
629,0.8411173224449158,0.8527495861053467,0.174384,0.17324,0.101405,0.594083
630,0.8411567211151123,0.8527098298072815,0.174352,0.17324,0.101405,0.594083
631,0.8411633372306824,0.8526722192764282,0.174351,0.17324,0.101405,0.594083
632,0.8412160277366638,0.8526344895362854,0.174303,0.17324,0.101405,0.594083
633,0.8413378000259399,0.852597177028656,0.174323,0.17324,0.101405,0.594083
634,0.8410791754722595,0.8525537848472595,0.17438,0.17324,0.101405,0.594083
635,0.8410959839820862,0.8525104522705078,0.17431,0.17324,0.101405,0.594083
636,0.8409908413887024,0.852469265460968,0.174371,0.17324,0.101405,0.594083
637,0.8408505320549011,0.8524320721626282,0.174487,0.17324,0.101405,0.594083
638,0.8408406972885132,0.852394163608551,0.174449,0.17324,0.101405,0.594083
639,0.8409155607223511,0.8523564338684082,0.174523,0.17324,0.101405,0.594083
640,0.8409478664398193,0.8523160815238953,0.174344,0.17324,0.101405,0.594083
641,0.8408982753753662,0.8522740006446838,0.174314,0.17324,0.101405,0.594083
642,0.8405771851539612,0.8522264957427979,0.174327,0.17324,0.101405,0.594083
643,0.84073406457901,0.8521899580955505,0.17435,0.17324,0.101405,0.594083
644,0.8405821919441223,0.8521620631217957,0.174503,0.17324,0.101405,0.594083
645,0.8406273722648621,0.8521246314048767,0.174509,0.17324,0.101405,0.594083
646,0.840736985206604,0.8520727753639221,0.174366,0.17324,0.101405,0.594083
647,0.8404789566993713,0.8520218133926392,0.174414,0.17324,0.101405,0.594083
648,0.8404228687286377,0.8519755005836487,0.174416,0.17324,0.101405,0.594083
649,0.8406189680099487,0.8519465923309326,0.174409,0.17324,0.101405,0.594083
650,0.8400560617446899,0.8519143462181091,0.174528,0.17324,0.101405,0.594083
651,0.840193510055542,0.8518698811531067,0.174336,0.176927,0.101627,0.682968
652,0.8405332565307617,0.8518304228782654,0.174344,0.176927,0.101627,0.682968
653,0.84026038646698,0.8517892360687256,0.174275,0.176927,0.101627,0.682968
654,0.8401857018470764,0.8517494797706604,0.174426,0.176927,0.101627,0.682968
655,0.8401545286178589,0.8517011404037476,0.174363,0.176927,0.101627,0.682968
656,0.8404841423034668,0.851665198802948,0.174275,0.176927,0.101627,0.682968
657,0.8402748703956604,0.8516318202018738,0.174292,0.176927,0.101627,0.682968
658,0.8399664163589478,0.851586639881134,0.174711,0.176927,0.101627,0.682968
659,0.839871346950531,0.851533055305481,0.174717,0.176927,0.101627,0.682968
660,0.8397766947746277,0.8514861464500427,0.174386,0.176927,0.101627,0.682968
661,0.8398747444152832,0.8514575362205505,0.174374,0.176927,0.101627,0.682968
662,0.8396464586257935,0.8514288067817688,0.17439,0.176927,0.101627,0.682968
663,0.8396944403648376,0.8513849377632141,0.174368,0.176927,0.101627,0.682968
664,0.8399834036827087,0.8513357043266296,0.174248,0.176927,0.101627,0.682968
665,0.8396394848823547,0.8512820601463318,0.174391,0.176927,0.101627,0.682968
666,0.8396137356758118,0.8512434363365173,0.174342,0.176927,0.101627,0.682968
667,0.8396142721176147,0.8512131571769714,0.174505,0.176927,0.101627,0.682968
668,0.8398342132568359,0.8511804938316345,0.17431,0.176927,0.101627,0.682968
669,0.8395847678184509,0.851137101650238,0.174434,0.176927,0.101627,0.682968
670,0.8393647074699402,0.8510820865631104,0.174284,0.176927,0.101627,0.682968
671,0.8392621874809265,0.8510293364524841,0.174308,0.176927,0.101627,0.682968
672,0.8394471406936646,0.8509947061538696,0.174311,0.176927,0.101627,0.682968
673,0.8395324945449829,0.8509732484817505,0.174403,0.176927,0.101627,0.682968
674,0.8392391204833984,0.850932240486145,0.174409,0.176927,0.101627,0.682968
675,0.8388640284538269,0.8508666753768921,0.174714,0.176927,0.101627,0.682968
676,0.8392280340194702,0.850821316242218,0.174429,0.176927,0.101627,0.682968
677,0.8391259908676147,0.8507907390594482,0.174249,0.176927,0.101627,0.682968
678,0.839134156703949,0.8507674336433411,0.174531,0.176927,0.101627,0.682968
679,0.8388423919677734,0.8507214784622192,0.174279,0.176927,0.101627,0.682968
680,0.8388952612876892,0.850669264793396,0.174845,0.176927,0.101627,0.682968
681,0.8387361168861389,0.8506190776824951,0.174291,0.176927,0.101627,0.682968
682,0.8390604257583618,0.8505818843841553,0.174254,0.176927,0.101627,0.682968
683,0.8385369181632996,0.8505452275276184,0.174429,0.176927,0.101627,0.682968
684,0.8387580513954163,0.8505077958106995,0.174306,0.176927,0.101627,0.682968
685,0.8388159275054932,0.8504670262336731,0.174356,0.176927,0.101627,0.682968
686,0.8387352824211121,0.8504242300987244,0.174422,0.176927,0.101627,0.682968
687,0.8385659456253052,0.8503820896148682,0.174309,0.176927,0.101627,0.682968
688,0.838568389415741,0.8503357768058777,0.174748,0.176927,0.101627,0.682968
689,0.8386896848678589,0.8502939343452454,0.174356,0.176927,0.101627,0.682968
690,0.8386898040771484,0.8502629399299622,0.174492,0.176927,0.101627,0.682968
691,0.8382858037948608,0.8502217531204224,0.174626,0.176927,0.101627,0.682968
692,0.8384789228439331,0.8501707911491394,0.174223,0.176927,0.101627,0.682968
693,0.8385909795761108,0.8501243591308594,0.174397,0.176927,0.101627,0.682968
694,0.8384127020835876,0.8500916957855225,0.17446,0.176927,0.101627,0.682968
695,0.8383393883705139,0.8500529527664185,0.174485,0.176927,0.101627,0.682968
696,0.8382557034492493,0.8500093817710876,0.17434,0.176927,0.101627,0.682968
697,0.838288426399231,0.8499633073806763,0.174747,0.176927,0.101627,0.682968
698,0.8380783796310425,0.849923312664032,0.1748,0.176927,0.101627,0.682968
699,0.8381745219230652,0.8498855829238892,0.174363,0.176927,0.101627,0.682968
700,0.8382019996643066,0.8498501777648926,0.174672,0.176927,0.101627,0.682968
701,0.8379471898078918,0.8498030304908752,0.174671,0.176927,0.101627,0.682968
702,0.837867021560669,0.8497521877288818,0.174884,0.176927,0.101627,0.682968
703,0.8375965356826782,0.8497129678726196,0.174618,0.176927,0.101627,0.682968
704,0.8378781676292419,0.8496862053871155,0.174391,0.176927,0.101627,0.682968
705,0.8379887342453003,0.8496543169021606,0.174253,0.176927,0.101627,0.682968
706,0.838001549243927,0.8496067523956299,0.174547,0.176927,0.101627,0.682968
707,0.8378151655197144,0.8495538234710693,0.174726,0.176927,0.101627,0.682968
708,0.8375559449195862,0.8495092391967773,0.174442,0.176927,0.101627,0.682968
709,0.8375875949859619,0.8494750261306763,0.174586,0.176927,0.101627,0.682968
710,0.8376687169075012,0.8494467735290527,0.174535,0.176927,0.101627,0.682968
711,0.8374172449111938,0.8494043946266174,0.175064,0.176927,0.101627,0.682968
712,0.8376392722129822,0.8493629097938538,0.174574,0.176927,0.101627,0.682968
713,0.8374364376068115,0.8493238687515259,0.174943,0.176927,0.101627,0.682968
714,0.8375002145767212,0.849284291267395,0.174537,0.176927,0.101627,0.682968
715,0.8373876214027405,0.8492428064346313,0.17443,0.176927,0.101627,0.682968
716,0.837464451789856,0.8492035269737244,0.174891,0.176927,0.101627,0.682968
717,0.8373240232467651,0.8491591215133667,0.174597,0.176927,0.101627,0.682968
718,0.837091863155365,0.8491153717041016,0.174809,0.176927,0.101627,0.682968
719,0.8373192548751831,0.8490790724754333,0.17479,0.176927,0.101627,0.682968
720,0.8372495770454407,0.849048376083374,0.174524,0.176927,0.101627,0.682968
721,0.8372213244438171,0.8490094542503357,0.174472,0.176927,0.101627,0.682968
722,0.8370789289474487,0.8489678502082825,0.174533,0.176927,0.101627,0.682968
723,0.8369835019111633,0.8489261269569397,0.175073,0.176927,0.101627,0.682968
724,0.8371686339378357,0.8488911986351013,0.174877,0.176927,0.101627,0.682968
725,0.8371098637580872,0.8488611578941345,0.17459,0.176927,0.101627,0.682968
726,0.8370431661605835,0.848827064037323,0.174335,0.176927,0.101627,0.682968
727,0.8366317749023438,0.8487732410430908,0.175076,0.176927,0.101627,0.682968
728,0.8372397422790527,0.8487367033958435,0.17452,0.176927,0.101627,0.682968
729,0.8367649912834167,0.8487030267715454,0.174689,0.176927,0.101627,0.682968
730,0.8366022109985352,0.848666250705719,0.174994,0.176927,0.101627,0.682968
731,0.8362953662872314,0.8486269116401672,0.17499,0.176927,0.101627,0.682968
732,0.8365479707717896,0.8485898375511169,0.174435,0.176927,0.101627,0.682968
733,0.8364713191986084,0.8485561609268188,0.174657,0.176927,0.101627,0.682968
734,0.8365920186042786,0.848522424697876,0.174748,0.176927,0.101627,0.682968
735,0.8360985517501831,0.8484763503074646,0.174883,0.176927,0.101627,0.682968
736,0.8362062573432922,0.8484287261962891,0.174782,0.176927,0.101627,0.682968
737,0.8365946412086487,0.8484033346176147,0.174633,0.176927,0.101627,0.682968
738,0.8364536166191101,0.848379373550415,0.174474,0.176927,0.101627,0.682968
739,0.8363720774650574,0.8483439087867737,0.17476,0.176927,0.101627,0.682968
740,0.8361288905143738,0.8482900261878967,0.175107,0.176927,0.101627,0.682968
741,0.8361690044403076,0.8482410311698914,0.174948,0.176927,0.101627,0.682968
742,0.8363391757011414,0.848226010799408,0.174588,0.176927,0.101627,0.682968
743,0.8361237645149231,0.8482050895690918,0.174807,0.176927,0.101627,0.682968
744,0.8361437916755676,0.8481646180152893,0.174766,0.176927,0.101627,0.682968
745,0.8361192345619202,0.8481084704399109,0.174767,0.176927,0.101627,0.682968
746,0.8360679745674133,0.848068356513977,0.174583,0.176927,0.101627,0.682968
747,0.8360880017280579,0.8480516076087952,0.174627,0.176927,0.101627,0.682968
748,0.8362168669700623,0.8480419516563416,0.174853,0.176927,0.101627,0.682968
749,0.8361632823944092,0.8480080962181091,0.174669,0.176927,0.101627,0.682968
750,0.8361549973487854,0.847949206829071,0.175024,0.176927,0.101627,0.682968
751,0.8361266255378723,0.847902238368988,0.174491,0.176927,0.101627,0.682968
752,0.8358199000358582,0.8478771448135376,0.174994,0.176927,0.101627,0.682968
753,0.8357318043708801,0.847856879234314,0.174639,0.176927,0.101627,0.682968
754,0.8360602855682373,0.8478379845619202,0.174645,0.176927,0.101627,0.682968
755,0.8355878591537476,0.8477904200553894,0.174834,0.176927,0.101627,0.682968
756,0.8355680704116821,0.8477340340614319,0.174783,0.176927,0.101627,0.682968
757,0.835597574710846,0.8476983904838562,0.175128,0.176927,0.101627,0.682968
758,0.8357579112052917,0.8476901054382324,0.174581,0.176927,0.101627,0.682968
759,0.8355112075805664,0.8476677536964417,0.174795,0.176927,0.101627,0.682968
760,0.8354677557945251,0.8476170301437378,0.17471,0.176927,0.101627,0.682968
761,0.8356181979179382,0.8475695252418518,0.175168,0.176927,0.101627,0.682968
762,0.8354066014289856,0.8475390076637268,0.174884,0.176927,0.101627,0.682968
763,0.835486650466919,0.8475214242935181,0.17499,0.176927,0.101627,0.682968
764,0.8353719115257263,0.8475001454353333,0.174657,0.176927,0.101627,0.682968
765,0.8352162837982178,0.8474584817886353,0.174595,0.176927,0.101627,0.682968
766,0.8352977633476257,0.8474135398864746,0.175015,0.176927,0.101627,0.682968
767,0.8353670239448547,0.8473898768424988,0.17465,0.176927,0.101627,0.682968
768,0.8353452682495117,0.8473747968673706,0.175229,0.176927,0.101627,0.682968
769,0.8351650834083557,0.8473477363586426,0.174691,0.176927,0.101627,0.682968
770,0.8353867530822754,0.8473131060600281,0.174507,0.176927,0.101627,0.682968
771,0.8351932168006897,0.8472741842269897,0.17486,0.176927,0.101627,0.682968
772,0.8348839282989502,0.8472437858581543,0.174988,0.176927,0.101627,0.682968
773,0.8354419469833374,0.8472316265106201,0.174812,0.176927,0.101627,0.682968
774,0.8349453806877136,0.8472059965133667,0.175111,0.176927,0.101627,0.682968
775,0.8351373076438904,0.8471692800521851,0.174753,0.176927,0.101627,0.682968
776,0.8346344828605652,0.8471279144287109,0.175259,0.176927,0.101627,0.682968
777,0.8349660634994507,0.8471027612686157,0.174781,0.176927,0.101627,0.682968
778,0.8352144956588745,0.847098708152771,0.17464,0.174199,0.099249,0.711526
779,0.834770679473877,0.8470717668533325,0.174897,0.174199,0.099249,0.711526
780,0.8345631957054138,0.847017765045166,0.174868,0.174199,0.099249,0.711526
781,0.8348632454872131,0.8469785451889038,0.174744,0.174199,0.099249,0.711526
782,0.8350552320480347,0.8469618558883667,0.17499,0.174199,0.099249,0.711526
783,0.8348695635795593,0.8469544649124146,0.175052,0.174199,0.099249,0.711526
784,0.8347387313842773,0.8469310402870178,0.174567,0.174199,0.099249,0.711526
785,0.8350183367729187,0.8468910455703735,0.174664,0.174199,0.099249,0.711526
786,0.8347373604774475,0.8468443751335144,0.174803,0.174199,0.099249,0.711526
787,0.8344878554344177,0.8468135595321655,0.174865,0.174199,0.099249,0.711526
788,0.8345088362693787,0.8468043804168701,0.175529,0.174199,0.099249,0.711526
789,0.8343610167503357,0.8467885851860046,0.174773,0.174199,0.099249,0.711526
790,0.8346788287162781,0.8467618227005005,0.174793,0.174199,0.099249,0.711526
791,0.8345127701759338,0.8467175960540771,0.174944,0.174199,0.099249,0.711526
792,0.8348042368888855,0.8466867208480835,0.174819,0.174199,0.099249,0.711526
793,0.834605872631073,0.8466715812683105,0.174998,0.174199,0.099249,0.711526
794,0.8345016837120056,0.846660315990448,0.175091,0.174199,0.099249,0.711526
795,0.8346211910247803,0.8466396927833557,0.174916,0.174199,0.099249,0.711526
796,0.8343032002449036,0.846600353717804,0.174735,0.174199,0.099249,0.711526
797,0.8343386650085449,0.8465635776519775,0.175385,0.174199,0.099249,0.711526
798,0.8344136476516724,0.8465480208396912,0.174831,0.174199,0.099249,0.711526
799,0.8344048261642456,0.8465389013290405,0.174782,0.174199,0.099249,0.711526
800,0.8342800736427307,0.8465175628662109,0.174689,0.174199,0.099249,0.711526
801,0.8342974185943604,0.8464838266372681,0.174874,0.174199,0.099249,0.711526
802,0.8340024948120117,0.8464474081993103,0.175155,0.174199,0.099249,0.711526
803,0.8341883420944214,0.8464257717132568,0.17515,0.174199,0.099249,0.711526
804,0.8341736793518066,0.8464157581329346,0.174805,0.174199,0.099249,0.711526
805,0.8337379097938538,0.846390962600708,0.174883,0.174199,0.099249,0.711526
806,0.8340283632278442,0.8463627099990845,0.174619,0.174199,0.099249,0.711526
807,0.8340021371841431,0.8463343977928162,0.175054,0.174199,0.099249,0.711526
808,0.8341150283813477,0.8463162779808044,0.175165,0.174199,0.099249,0.711526
809,0.8341431021690369,0.8463077545166016,0.174785,0.174199,0.099249,0.711526
810,0.8339906334877014,0.846295177936554,0.174806,0.174199,0.099249,0.711526
811,0.8338538408279419,0.8462572693824768,0.174926,0.174199,0.099249,0.711526
812,0.8340322375297546,0.846217930316925,0.174669,0.174199,0.099249,0.711526
813,0.8340740203857422,0.8462038040161133,0.174551,0.174199,0.099249,0.711526
814,0.8338119387626648,0.846200704574585,0.174888,0.174199,0.099249,0.711526
815,0.8334149718284607,0.8461788296699524,0.174745,0.174199,0.099249,0.711526
816,0.8334994316101074,0.8461384773254395,0.174899,0.174199,0.099249,0.711526
817,0.8336144685745239,0.846103310585022,0.174971,0.174199,0.099249,0.711526
818,0.8339425921440125,0.8460914492607117,0.174684,0.174199,0.099249,0.711526
819,0.8338105082511902,0.8460851907730103,0.174626,0.174199,0.099249,0.711526
820,0.8334618806838989,0.8460585474967957,0.174883,0.174199,0.099249,0.711526
821,0.8334378600120544,0.8460262417793274,0.174946,0.174199,0.099249,0.711526
822,0.8337261080741882,0.8460041880607605,0.174852,0.174199,0.099249,0.711526
823,0.8337600231170654,0.8459988236427307,0.174618,0.174199,0.099249,0.711526
824,0.8336716294288635,0.8459887504577637,0.174852,0.174199,0.099249,0.711526
825,0.8337807059288025,0.8459643721580505,0.174988,0.174199,0.099249,0.711526
826,0.8337903618812561,0.8459319472312927,0.17492,0.174199,0.099249,0.711526
827,0.833443820476532,0.8458985090255737,0.175119,0.174199,0.099249,0.711526
828,0.8337050080299377,0.8458880186080933,0.175119,0.174199,0.099249,0.711526
829,0.8333374857902527,0.8458839058876038,0.175054,0.174199,0.099249,0.711526
830,0.8337523341178894,0.8458670973777771,0.174594,0.174199,0.099249,0.711526
831,0.8333513140678406,0.8458287119865417,0.174645,0.174199,0.099249,0.711526
832,0.8334206938743591,0.8458080291748047,0.174537,0.174199,0.099249,0.711526
833,0.8336704969406128,0.8458133935928345,0.174883,0.174199,0.099249,0.711526
834,0.8333793878555298,0.8458061814308167,0.175146,0.174199,0.099249,0.711526
835,0.8333192467689514,0.8457744717597961,0.175112,0.174199,0.099249,0.711526
836,0.8336825966835022,0.8457478880882263,0.174522,0.174199,0.099249,0.711526
837,0.833445131778717,0.8457276225090027,0.175534,0.174199,0.099249,0.711526
838,0.8332141041755676,0.8457132577896118,0.17485,0.174199,0.099249,0.711526
839,0.8332214951515198,0.845697283744812,0.174986,0.174199,0.099249,0.711526
840,0.8332163691520691,0.8456781506538391,0.174698,0.174199,0.099249,0.711526
841,0.8333402276039124,0.8456515669822693,0.175095,0.174199,0.099249,0.711526
842,0.8334102034568787,0.8456335067749023,0.175124,0.174199,0.099249,0.711526
843,0.8332061767578125,0.8456215858459473,0.175267,0.174199,0.099249,0.711526
844,0.8333366513252258,0.8456135988235474,0.174706,0.174199,0.099249,0.711526
845,0.8330705165863037,0.8455917835235596,0.175096,0.174199,0.099249,0.711526
846,0.8334122896194458,0.8455687165260315,0.174801,0.174199,0.099249,0.711526
847,0.8331378698348999,0.8455548286437988,0.17481,0.174199,0.099249,0.711526
848,0.8329427242279053,0.8455438613891602,0.17511,0.174199,0.099249,0.711526
849,0.8331200480461121,0.8455294370651245,0.175252,0.174199,0.099249,0.711526
850,0.8333871364593506,0.8455148339271545,0.175019,0.174199,0.099249,0.711526
851,0.8332503437995911,0.8454965949058533,0.175176,0.174199,0.099249,0.711526
852,0.8327648043632507,0.8454773426055908,0.175044,0.174199,0.099249,0.711526
853,0.83303302526474,0.845466673374176,0.175277,0.174199,0.099249,0.711526
854,0.8329369425773621,0.845455527305603,0.174872,0.174199,0.099249,0.711526
855,0.8328965902328491,0.8454323410987854,0.175398,0.174199,0.099249,0.711526
856,0.8328951597213745,0.8454113006591797,0.175111,0.174199,0.099249,0.711526
857,0.8330546617507935,0.8453946709632874,0.175146,0.174199,0.099249,0.711526
858,0.833132266998291,0.8453876972198486,0.174504,0.174199,0.099249,0.711526
859,0.832976222038269,0.8453758358955383,0.174994,0.174199,0.099249,0.711526
860,0.8329632878303528,0.8453534841537476,0.175085,0.174199,0.099249,0.711526
861,0.8328838348388672,0.8453313708305359,0.174889,0.174199,0.099249,0.711526
862,0.8329458832740784,0.8453242182731628,0.175027,0.174199,0.099249,0.711526
863,0.8327550292015076,0.8453148603439331,0.174951,0.174199,0.099249,0.711526
864,0.8329936265945435,0.8453006148338318,0.174815,0.174199,0.099249,0.711526
865,0.8332632184028625,0.8452879190444946,0.174474,0.174199,0.099249,0.711526
866,0.8328354954719543,0.8452601432800293,0.175177,0.174199,0.099249,0.711526
867,0.832727313041687,0.8452414274215698,0.174801,0.174199,0.099249,0.711526
868,0.8325809240341187,0.8452390432357788,0.17525,0.174199,0.099249,0.711526
869,0.8327674865722656,0.8452345728874207,0.174917,0.174199,0.099249,0.711526
870,0.832832396030426,0.8452115058898926,0.174705,0.174199,0.099249,0.711526
871,0.8327707648277283,0.8451763987541199,0.174955,0.174199,0.099249,0.711526
872,0.8326311111450195,0.8451592326164246,0.175017,0.174199,0.099249,0.711526
873,0.8326841592788696,0.8451647162437439,0.174987,0.174199,0.099249,0.711526
874,0.8326724767684937,0.8451661467552185,0.175299,0.174199,0.099249,0.711526
875,0.8324893712997437,0.8451383113861084,0.174989,0.174199,0.099249,0.711526
876,0.8326744437217712,0.8451129794120789,0.174877,0.174199,0.099249,0.711526
877,0.83254075050354,0.845105767250061,0.174841,0.174199,0.099249,0.711526
878,0.832682728767395,0.8451022505760193,0.175163,0.174199,0.099249,0.711526
879,0.8322761654853821,0.8450787663459778,0.175205,0.174199,0.099249,0.711526
880,0.8327679634094238,0.8450630307197571,0.174694,0.174199,0.099249,0.711526
881,0.8325898051261902,0.8450540900230408,0.175354,0.174199,0.099249,0.711526
882,0.8322414755821228,0.8450422286987305,0.174921,0.174199,0.099249,0.711526
883,0.832476019859314,0.8450337648391724,0.174871,0.174199,0.099249,0.711526
884,0.832567036151886,0.8450241684913635,0.174835,0.174199,0.099249,0.711526
885,0.8322611451148987,0.8450077772140503,0.175279,0.174199,0.099249,0.711526
886,0.8324171900749207,0.8449933528900146,0.175384,0.174199,0.099249,0.711526
887,0.832688570022583,0.8449921607971191,0.174416,0.174199,0.099249,0.711526
888,0.8328665494918823,0.844986617565155,0.174834,0.174199,0.099249,0.711526
889,0.8324328660964966,0.8449633121490479,0.174587,0.174199,0.099249,0.711526
890,0.832477867603302,0.8449367880821228,0.175112,0.174199,0.099249,0.711526
891,0.832424521446228,0.8449234366416931,0.174861,0.174199,0.099249,0.711526
892,0.8321908116340637,0.8449129462242126,0.174996,0.174199,0.099249,0.711526
893,0.8327049612998962,0.8449127078056335,0.174843,0.174199,0.099249,0.711526
894,0.832213819026947,0.8448964357376099,0.174903,0.174199,0.099249,0.711526
895,0.8320751190185547,0.8448595404624939,0.1752,0.174199,0.099249,0.711526
896,0.8323729634284973,0.8448467254638672,0.174866,0.174199,0.099249,0.711526
897,0.832078754901886,0.8448395133018494,0.174914,0.174199,0.099249,0.711526
898,0.8323851227760315,0.8448467254638672,0.175155,0.174199,0.099249,0.711526
899,0.8319784998893738,0.8448276519775391,0.175456,0.174199,0.099249,0.711526
900,0.8322979807853699,0.8448017239570618,0.175008,0.174199,0.099249,0.711526
901,0.8320617079734802,0.8447834849357605,0.175333,0.174199,0.099249,0.711526
902,0.8321505188941956,0.8447809219360352,0.174666,0.174199,0.099249,0.711526
903,0.8321691155433655,0.8447794318199158,0.175088,0.174199,0.099249,0.711526
904,0.8322334885597229,0.8447622656822205,0.17477,0.174199,0.099249,0.711526
905,0.8321434855461121,0.8447409868240356,0.174905,0.174199,0.099249,0.711526
906,0.832181990146637,0.8447254300117493,0.175188,0.174199,0.099249,0.711526
907,0.83211350440979,0.8447270393371582,0.175231,0.174199,0.099249,0.711526
908,0.8319162130355835,0.8447250127792358,0.175206,0.174199,0.099249,0.711526
909,0.8319864869117737,0.8447031378746033,0.174995,0.174199,0.099249,0.711526
910,0.8319573998451233,0.8446815013885498,0.175386,0.174199,0.099249,0.711526
911,0.8321967124938965,0.8446800708770752,0.175096,0.174199,0.099249,0.711526
912,0.8323118090629578,0.8446826338768005,0.174936,0.174199,0.099249,0.711526
913,0.8319427967071533,0.8446632623672485,0.175155,0.174199,0.099249,0.711526
914,0.8319308757781982,0.8446416258811951,0.174926,0.174199,0.099249,0.711526
915,0.8321545124053955,0.8446337580680847,0.174982,0.174199,0.099249,0.711526
916,0.8318866491317749,0.844632625579834,0.175515,0.174199,0.099249,0.711526
917,0.8320777416229248,0.8446335792541504,0.17528,0.174199,0.099249,0.711526
918,0.8322414755821228,0.8446187376976013,0.174908,0.174199,0.099249,0.711526
919,0.8318426609039307,0.8445879220962524,0.175174,0.174199,0.099249,0.711526
920,0.832168459892273,0.8445791006088257,0.175047,0.174199,0.099249,0.711526
921,0.8322880268096924,0.8445900082588196,0.175218,0.174199,0.099249,0.711526
922,0.832030177116394,0.8445823192596436,0.175082,0.174199,0.099249,0.711526
923,0.8320436477661133,0.8445520401000977,0.174927,0.174199,0.099249,0.711526
924,0.8317548036575317,0.8445292115211487,0.174926,0.174199,0.099249,0.711526
925,0.8317448496818542,0.8445287942886353,0.175058,0.174199,0.099249,0.711526
926,0.8319706916809082,0.8445358276367188,0.174946,0.174199,0.099249,0.711526
927,0.8318880796432495,0.8445174098014832,0.175045,0.174199,0.099249,0.711526
928,0.8323551416397095,0.8444972634315491,0.175221,0.174199,0.099249,0.711526
929,0.8317075967788696,0.8444777131080627,0.17555,0.174199,0.099249,0.711526
930,0.8318431973457336,0.8444753289222717,0.174917,0.174199,0.099249,0.711526
931,0.8316734433174133,0.8444730043411255,0.175196,0.174199,0.099249,0.711526
932,0.8318148255348206,0.844465970993042,0.175121,0.174199,0.099249,0.711526
933,0.8318802118301392,0.8444557189941406,0.174987,0.174199,0.099249,0.711526
934,0.8318666219711304,0.8444413542747498,0.175454,0.174199,0.099249,0.711526
935,0.8317761421203613,0.8444266319274902,0.175359,0.174199,0.099249,0.711526
936,0.8316025733947754,0.8444110155105591,0.175301,0.174199,0.099249,0.711526
937,0.8317241668701172,0.8444049954414368,0.175045,0.174199,0.099249,0.711526
938,0.8317486643791199,0.844409704208374,0.174913,0.174199,0.099249,0.711526
939,0.8316797018051147,0.8444018363952637,0.174892,0.174199,0.099249,0.711526
940,0.8317559957504272,0.8443803787231445,0.174908,0.174199,0.099249,0.711526
941,0.8318633437156677,0.8443643450737,0.175232,0.174199,0.099249,0.711526
942,0.831580638885498,0.8443593382835388,0.175057,0.174199,0.099249,0.711526
943,0.8318076729774475,0.8443652391433716,0.17519,0.174199,0.099249,0.711526
944,0.8320692181587219,0.8443626165390015,0.175016,0.174199,0.099249,0.711526
945,0.8313699960708618,0.8443201780319214,0.175298,0.174199,0.099249,0.711526
946,0.8315996527671814,0.8442944884300232,0.175206,0.174199,0.099249,0.711526
947,0.8317912817001343,0.8443049788475037,0.17544,0.174199,0.099249,0.711526
948,0.8314382433891296,0.8443189263343811,0.174992,0.174199,0.099249,0.711526
949,0.8317599296569824,0.8443096280097961,0.175072,0.174199,0.099249,0.711526
950,0.8317624926567078,0.8442761898040771,0.175617,0.174199,0.099249,0.711526
951,0.831811785697937,0.8442589044570923,0.175202,0.174199,0.099249,0.711526
952,0.8313530087471008,0.844260036945343,0.175478,0.174199,0.099249,0.711526
953,0.8315926194190979,0.8442662954330444,0.175186,0.174199,0.099249,0.711526
954,0.8316283822059631,0.8442554473876953,0.175367,0.174199,0.099249,0.711526
955,0.8313197493553162,0.8442273139953613,0.174928,0.174199,0.099249,0.711526
956,0.8315452337265015,0.8442108035087585,0.175395,0.174199,0.099249,0.711526
957,0.831964373588562,0.8442294001579285,0.174797,0.174199,0.099249,0.711526
958,0.8317537903785706,0.8442327976226807,0.175113,0.174199,0.099249,0.711526
959,0.8315064907073975,0.8441949486732483,0.175142,0.174199,0.099249,0.711526
960,0.8314358592033386,0.8441588878631592,0.175346,0.174199,0.099249,0.711526
961,0.8316718339920044,0.8441684246063232,0.175267,0.174199,0.099249,0.711526
962,0.8315140604972839,0.8441855311393738,0.175317,0.174199,0.099249,0.711526
963,0.8317564725875854,0.8441784381866455,0.175132,0.174199,0.099249,0.711526
964,0.8314293622970581,0.8441392779350281,0.175588,0.174199,0.099249,0.711526
965,0.8313111066818237,0.8441122770309448,0.175239,0.174199,0.099249,0.711526
966,0.8315001130104065,0.8441219925880432,0.175371,0.174199,0.099249,0.711526
967,0.8314716219902039,0.8441362977027893,0.175056,0.174199,0.099249,0.711526
968,0.8311336636543274,0.8441099524497986,0.175351,0.174199,0.099249,0.711526
969,0.8317558169364929,0.8440883755683899,0.174769,0.174199,0.099249,0.711526
970,0.8316142559051514,0.8440864086151123,0.175083,0.174199,0.099249,0.711526
971,0.831287682056427,0.8440854549407959,0.175388,0.174199,0.099249,0.711526
972,0.8312839865684509,0.8440732359886169,0.175122,0.174199,0.099249,0.711526
973,0.8316117525100708,0.8440653681755066,0.174996,0.174199,0.099249,0.711526
974,0.831310510635376,0.8440508842468262,0.175312,0.174199,0.099249,0.711526
975,0.8315313458442688,0.8440515398979187,0.174921,0.174199,0.099249,0.711526
976,0.8311527967453003,0.844045102596283,0.174877,0.174199,0.099249,0.711526
977,0.8313921689987183,0.8440331816673279,0.174872,0.174199,0.099249,0.711526
978,0.8310915231704712,0.8440141677856445,0.175376,0.174199,0.099249,0.711526
979,0.8313524127006531,0.8440114855766296,0.175535,0.174199,0.099249,0.711526
980,0.8310484290122986,0.8440039157867432,0.175276,0.174199,0.099249,0.711526
981,0.8314433693885803,0.844001293182373,0.17505,0.174199,0.099249,0.711526
982,0.8308789730072021,0.8439859747886658,0.17528,0.174199,0.099249,0.711526
983,0.8314304947853088,0.8439750671386719,0.175237,0.174199,0.099249,0.711526
984,0.8313819766044617,0.8439710140228271,0.174775,0.174199,0.099249,0.711526
985,0.831430196762085,0.8439692258834839,0.175364,0.174199,0.099249,0.711526
986,0.8313325047492981,0.8439652919769287,0.175615,0.174199,0.099249,0.711526
987,0.831169068813324,0.8439514636993408,0.175096,0.174199,0.099249,0.711526
988,0.8311547636985779,0.8439317345619202,0.175716,0.174199,0.099249,0.711526
989,0.8312256336212158,0.843923032283783,0.17515,0.174199,0.099249,0.711526
990,0.8314607739448547,0.8439338803291321,0.174839,0.174199,0.099249,0.711526
991,0.83140629529953,0.8439186811447144,0.175089,0.174199,0.099249,0.711526
992,0.8313084840774536,0.8438977003097534,0.175224,0.174199,0.099249,0.711526
993,0.8313039541244507,0.8438849449157715,0.175022,0.174199,0.099249,0.711526
994,0.8311992883682251,0.8438884615898132,0.175383,0.174199,0.099249,0.711526
995,0.8314125537872314,0.8438940048217773,0.175107,0.174199,0.099249,0.711526
996,0.8309857249259949,0.8438733220100403,0.175012,0.174199,0.099249,0.711526
997,0.8310402035713196,0.8438442349433899,0.175145,0.174199,0.099249,0.711526
998,0.8310178518295288,0.8438335061073303,0.175514,0.174199,0.099249,0.711526
999,0.8309292197227478,0.8438447713851929,0.175363,0.174199,0.099249,0.711526
1000,0.8309799432754517,0.843839168548584,0.175224,0.174199,0.099249,0.711526
