candidate_id,source_generator,parent_mol_id,canonical_smiles,inchikey,valid_rdkit,unique_flag,novel_flag,mw,logp,tpsa,hbd,hba,rotatable_bonds,qed,sa_score,murcko_scaffold,max_ring_size,has_macrocycle_12_20,has_constrained_ring_8_11,passes_basic_filters,generation_notes
CAND_010738c49b,v5_3_model_guided_macrocycle,JAK2_69b6c7ad6e,N#C[C@@H]1CC2CNCC3(CC3)c3cnc4[nH]cc(c4n3)C(=O)N[C@H](C3CC3)C(=O)N2C1,GDOIQDMSOKVZOZ-WAPNNBGYSA-N,True,True,True,419.489,0.8418,126.8,3,6,1,0.6287,4.661,O=C1N[C@H](C2CC2)C(=O)N2CCCC2CNCC2(CC2)c2cnc3[nH]cc1c3n2,14,True,False,True,"v5_3_model_guided_anchor_pair=19-4;anchor_scores=0.822,0.678;linker_length=3;target_ring=13;linker_prob=0.234;chemotype=aza"
CAND_39922498ce,v5_3_model_guided_macrocycle,JAK2_69b6c7ad6e,N#C[C@@H]1CC2CCSCCC3(CC3)c3cnc4[nH]cc(c4n3)C(=O)N[C@H](C3CC3)C(=O)N2C1,OMSGOIUFNVYNMF-BZELLKQSSA-N,True,True,True,464.595,2.7656,114.77,2,6,1,0.6707,4.912,O=C1N[C@H](C2CC2)C(=O)N2CCCC2CCSCCC2(CC2)c2cnc3[nH]cc1c3n2,16,True,False,True,"v5_3_model_guided_anchor_pair=19-4;anchor_scores=0.822,0.678;linker_length=5;target_ring=15;linker_prob=0.208;chemotype=thioether"
CAND_d4292dc600,v5_3_model_guided_macrocycle,JAK2_9dcdbe0544,N#C[C@H]1CC2CNCC3(CC3)c3cnc4[nH]cc(c4n3)C(=O)N[C@H](C3CC3)C(=O)N2C1,GDOIQDMSOKVZOZ-ZYFOBHMOSA-N,True,True,True,419.489,0.8418,126.8,3,6,1,0.6287,4.661,O=C1N[C@H](C2CC2)C(=O)N2CCCC2CNCC2(CC2)c2cnc3[nH]cc1c3n2,14,True,False,True,"v5_3_model_guided_anchor_pair=19-4;anchor_scores=0.822,0.678;linker_length=3;target_ring=13;linker_prob=0.234;chemotype=aza"
CAND_d64ce6b1c6,v5_3_model_guided_macrocycle,JAK2_9dcdbe0544,N#C[C@H]1CC2CCSCCC3(CC3)c3cnc4[nH]cc(c4n3)C(=O)N[C@H](C3CC3)C(=O)N2C1,OMSGOIUFNVYNMF-WDOBJEIGSA-N,True,True,True,464.595,2.7656,114.77,2,6,1,0.6707,4.912,O=C1N[C@H](C2CC2)C(=O)N2CCCC2CCSCCC2(CC2)c2cnc3[nH]cc1c3n2,16,True,False,True,"v5_3_model_guided_anchor_pair=19-4;anchor_scores=0.822,0.678;linker_length=5;target_ring=15;linker_prob=0.208;chemotype=thioether"
CAND_6070893978,v5_3_model_guided_macrocycle,JAK2_c385760536,N#CC12CCSCSCC3(CC3)c3cnc4[nH]cc(c4n3)C(=O)N[C@H](C3CC3)C(=O)N(C1)C2,BESUWSJWCLCXGQ-QGZVFWFLSA-N,True,True,True,482.635,2.6777,114.77,2,7,1,0.6421,4.512,O=C1N[C@H](C2CC2)C(=O)N2CC(CCSCSCC3(CC3)c3cnc4[nH]cc1c4n3)C2,18,True,False,True,"v5_3_model_guided_anchor_pair=2-18;anchor_scores=0.822,0.822;linker_length=6;target_ring=17;linker_prob=0.209;chemotype=dithio"
CAND_f55787df7e,v5_3_model_guided_macrocycle,JAK2_c385760536,N#CC1CN2C(=O)[C@@H](C3CC3)NC(=O)c3c[nH]c4ncc(nc34)C3(CCSCSCC12)CC3,YZCNUIHUNBZCJJ-JFUPDXTOSA-N,True,True,True,482.635,2.6761,114.77,2,7,1,0.6421,5.012,O=C1N[C@H](C2CC2)C(=O)N2CCC2CSCSCCC2(CC2)c2cnc3[nH]cc1c3n2,17,True,False,True,"v5_3_model_guided_anchor_pair=18-3;anchor_scores=0.822,0.678;linker_length=6;target_ring=16;linker_prob=0.214;chemotype=dithio"
CAND_7182aeebbe,v5_3_model_guided_macrocycle,JAK2_c385760536,N#CC12CCSCSCC3CC3c3cnc4[nH]cc(c4n3)C(=O)N[C@H](C3CC3)C(=O)N(C1)C2,KDTVLBMKLJZAHS-JTTJXQCZSA-N,True,True,True,482.635,2.7496,114.77,2,7,1,0.6422,5.012,O=C1N[C@H](C2CC2)C(=O)N2CC(CCSCSCC3CC3c3cnc4[nH]cc1c4n3)C2,19,True,False,True,"v5_3_model_guided_anchor_pair=2-19;anchor_scores=0.822,0.678;linker_length=6;target_ring=18;linker_prob=0.192;chemotype=dithio"
CAND_97cfbe11a6,v5_3_model_guided_macrocycle,JAK2_c385760536,N#CC1CN2C(=O)[C@@H](C3CC3)NC(=O)c3c[nH]c4ncc(nc34)C3CC3CNCOCCC12,MJOYEQDQTDABSY-KBZRGSMASA-N,True,True,True,449.515,0.8878,136.03,3,7,1,0.5881,5.078,O=C1N[C@H](C2CC2)C(=O)N2CCC2CCOCNCC2CC2c2cnc3[nH]cc1c3n2,18,True,False,True,"v5_3_model_guided_anchor_pair=3-19;anchor_scores=0.678,0.678;linker_length=6;target_ring=17;linker_prob=0.209;chemotype=oxa_aza"
CAND_f92f63a6e7,v5_3_model_guided_macrocycle,JAK2_c385760536,N#CC1CN2C(=O)[C@@H](C3CC3)NC(=O)c3c[nH]c4ncc(nc34)C3CC3CSCOCCC12,BSUGRCDXJNQAOB-KBZRGSMASA-N,True,True,True,466.567,2.0314,124.0,2,7,1,0.6589,5.173,O=C1N[C@H](C2CC2)C(=O)N2CCC2CCOCSCC2CC2c2cnc3[nH]cc1c3n2,18,True,False,True,"v5_3_model_guided_anchor_pair=3-19;anchor_scores=0.678,0.678;linker_length=6;target_ring=17;linker_prob=0.209;chemotype=oxa_thio"
CAND_f791c67046,v5_3_model_guided_macrocycle,JAK2_c385760536,N#CC1CN2C(=O)[C@@H](C3CC3)NC(=O)c3c[nH]c4ncc(nc34)C3CC3CNCNCCC12,LTXQZDMWCNTMDO-KBZRGSMASA-N,True,True,True,448.531,0.4608,138.83,4,7,1,0.497,5.072,O=C1N[C@H](C2CC2)C(=O)N2CCC2CCNCNCC2CC2c2cnc3[nH]cc1c3n2,18,True,False,True,"v5_3_model_guided_anchor_pair=3-19;anchor_scores=0.678,0.678;linker_length=6;target_ring=17;linker_prob=0.209;chemotype=diaza"
CAND_dcecb2fddf,v5_3_model_guided_macrocycle,JAK2_c385760536,N#CC1CN2C(=O)[C@@H](C3CC3)NC(=O)c3c[nH]c4ncc(nc34)C3CC3CSCNCCC12,BBYSRCZNSGUKJR-KBZRGSMASA-N,True,True,True,465.583,1.6044,126.8,3,7,1,0.5838,5.167,O=C1N[C@H](C2CC2)C(=O)N2CCC2CCNCSCC2CC2c2cnc3[nH]cc1c3n2,18,True,False,True,"v5_3_model_guided_anchor_pair=3-19;anchor_scores=0.678,0.678;linker_length=6;target_ring=17;linker_prob=0.209;chemotype=aza_thio"
CAND_6d0b874fc6,v5_3_model_guided_macrocycle,JAK2_c385760536,N#CC1CN2C(=O)[C@@H](C3CC3)NC(=O)c3c[nH]c4ncc(nc34)C3CC3COCOCCC12,WMQPFIOCDDPMJW-KBZRGSMASA-N,True,True,True,450.499,1.3148,133.23,2,7,1,0.6692,5.083,O=C1N[C@H](C2CC2)C(=O)N2CCC2CCOCOCC2CC2c2cnc3[nH]cc1c3n2,18,True,False,True,"v5_3_model_guided_anchor_pair=3-19;anchor_scores=0.678,0.678;linker_length=6;target_ring=17;linker_prob=0.209;chemotype=dioxa"
CAND_264cb0add9,v5_3_model_guided_macrocycle,JAK2_c385760536,N#CC1CN2C(=O)[C@@H](C3CC3)NC(=O)c3c[nH]c4ncc(nc34)C3CC3CSCSCCC12,VLMVJIRACYCOIE-KBZRGSMASA-N,True,True,True,482.635,2.748,114.77,2,7,1,0.6422,5.262,O=C1N[C@H](C2CC2)C(=O)N2CCC2CCSCSCC2CC2c2cnc3[nH]cc1c3n2,18,True,False,True,"v5_3_model_guided_anchor_pair=3-19;anchor_scores=0.678,0.678;linker_length=6;target_ring=17;linker_prob=0.209;chemotype=dithio"
CAND_bc782172c0,v5_3_model_guided_macrocycle,JAK2_c385760536,N#CC1CN2C(=O)[C@@H](C3CC3)NC(=O)c3c[nH]c4ncc(nc34)C3CC3COCNCCC12,IYPGKXVUQUUGRF-KBZRGSMASA-N,True,True,True,449.515,0.8878,136.03,3,7,1,0.5881,5.078,O=C1N[C@H](C2CC2)C(=O)N2CCC2CCNCOCC2CC2c2cnc3[nH]cc1c3n2,18,True,False,True,"v5_3_model_guided_anchor_pair=3-19;anchor_scores=0.678,0.678;linker_length=6;target_ring=17;linker_prob=0.209;chemotype=aza_oxa"
CAND_f1cb16f7db,v5_3_model_guided_macrocycle,JAK2_c385760536,N#CC1CN2C(=O)[C@@H](C3CC3)NC(=O)c3c[nH]c4ncc(nc34)C3CC3CCSCSCC12,ZZEXKZJYDYFEKX-KBZRGSMASA-N,True,True,True,482.635,2.748,114.77,2,7,1,0.6422,5.262,O=C1N[C@H](C2CC2)C(=O)N2CCC2CSCSCCC2CC2c2cnc3[nH]cc1c3n2,18,True,False,True,"v5_3_model_guided_anchor_pair=19-26;anchor_scores=0.678,0.678;linker_length=6;target_ring=17;linker_prob=0.209;chemotype=dithio"
CAND_c66cd3748e,v5_3_model_guided_macrocycle,JAK2_dbe7510318,O=C1Nc2c[nH]nc2-c2nc3ccc(cc3[nH]2)CN2CCOCC2CSCSCC2(CC2)N1,ZWHWVIMHBMHWRL-UHFFFAOYSA-N,True,True,True,485.639,3.2454,110.96,4,7,0,0.3868,4.404,O=C1Nc2c[nH]nc2-c2nc3ccc(cc3[nH]2)CN2CCOCC2CSCSCC2(CC2)N1,19,True,False,True,"v5_3_model_guided_anchor_pair=25-16;anchor_scores=0.822,0.678;linker_length=5;target_ring=18;linker_prob=0.200;chemotype=dithio"
CAND_13c040e55e,v5_3_model_guided_macrocycle,JAK2_dbe7510318,O=C1Nc2c[nH]nc2-c2nc3ccc(cc3[nH]2)CN2CCOCC2COCOCC2(CC2)N1,WVFMKADWPAWJJN-UHFFFAOYSA-N,True,True,True,453.503,1.8122,129.42,4,7,0,0.4085,4.225,O=C1Nc2c[nH]nc2-c2nc3ccc(cc3[nH]2)CN2CCOCC2COCOCC2(CC2)N1,19,True,False,True,"v5_3_model_guided_anchor_pair=25-16;anchor_scores=0.822,0.678;linker_length=5;target_ring=18;linker_prob=0.200;chemotype=dioxa"
CAND_801fd28e9c,v5_3_model_guided_macrocycle,JAK2_dbe7510318,O=C1Nc2c[nH]nc2-c2nc3ccc(cc3[nH]2)CN2CCOCC2CSCNCC2(CC2)N1,FRCVHFWSOBOQND-UHFFFAOYSA-N,True,True,True,468.587,2.1018,122.99,5,7,0,0.3424,4.309,O=C1Nc2c[nH]nc2-c2nc3ccc(cc3[nH]2)CN2CCOCC2CSCNCC2(CC2)N1,19,True,False,True,"v5_3_model_guided_anchor_pair=25-16;anchor_scores=0.822,0.678;linker_length=5;target_ring=18;linker_prob=0.200;chemotype=aza_thio"
CAND_397236a282,v5_3_model_guided_macrocycle,JAK2_dbe7510318,O=C1Nc2c[nH]nc2-c2nc3ccc(cc3[nH]2)CN2CCOCC2CSCOCC2(CC2)N1,WYCSPRQRBGCLBX-UHFFFAOYSA-N,True,True,True,469.571,2.5288,120.19,4,7,0,0.3993,4.314,O=C1Nc2c[nH]nc2-c2nc3ccc(cc3[nH]2)CN2CCOCC2CSCOCC2(CC2)N1,19,True,False,True,"v5_3_model_guided_anchor_pair=25-16;anchor_scores=0.822,0.678;linker_length=5;target_ring=18;linker_prob=0.200;chemotype=oxa_thio"
CAND_09deb650c1,v5_3_model_guided_macrocycle,JAK2_dbe7510318,O=C1Nc2c[nH]nc2-c2nc3ccc(cc3[nH]2)CN2CCOCC2CCSCCC2(CC2)N1,DDGKEEUOWIFBMV-UHFFFAOYSA-N,True,True,True,467.599,3.3349,110.96,4,6,0,0.4036,4.303,O=C1Nc2c[nH]nc2-c2nc3ccc(cc3[nH]2)CN2CCOCC2CCSCCC2(CC2)N1,19,True,False,True,"v5_3_model_guided_anchor_pair=25-16;anchor_scores=0.822,0.678;linker_length=5;target_ring=18;linker_prob=0.200;chemotype=thioether"
CAND_841eb7c5fb,v5_3_model_guided_macrocycle,JAK2_dbe7510318,O=C1Nc2c[nH]nc2-c2nc3ccc(cc3[nH]2)CN2CCOCC2COCNCC2(CC2)N1,VOEGWHADONWYTR-UHFFFAOYSA-N,True,True,True,452.519,1.3852,132.22,5,7,0,0.3482,4.22,O=C1Nc2c[nH]nc2-c2nc3ccc(cc3[nH]2)CN2CCOCC2COCNCC2(CC2)N1,19,True,False,True,"v5_3_model_guided_anchor_pair=25-16;anchor_scores=0.822,0.678;linker_length=5;target_ring=18;linker_prob=0.200;chemotype=aza_oxa"
CAND_9135a8a32f,v5_3_model_guided_macrocycle,JAK2_dbe7510318,O=C1Nc2c[nH]nc2-c2nc3ccc(cc3[nH]2)CN2CCOCC2CSCOCCC2(CC2)N1,AALRPCVXUALVSG-UHFFFAOYSA-N,True,True,True,483.598,2.9189,120.19,4,7,0,0.388,4.392,O=C1Nc2c[nH]nc2-c2nc3ccc(cc3[nH]2)CN2CCOCC2CSCOCCC2(CC2)N1,20,True,False,True,"v5_3_model_guided_anchor_pair=25-16;anchor_scores=0.822,0.678;linker_length=6;target_ring=19;linker_prob=0.167;chemotype=oxa_thio"
CAND_3127611afb,v5_3_model_guided_macrocycle,JAK2_dbe7510318,O=C1Nc2c[nH]nc2-c2nc3ccc(cc3[nH]2)CN2CCOCC2COCNCCC2(CC2)N1,MYZDHRQVMIDAIA-UHFFFAOYSA-N,True,True,True,466.546,1.7753,132.22,5,7,0,0.3411,4.297,O=C1Nc2c[nH]nc2-c2nc3ccc(cc3[nH]2)CN2CCOCC2COCNCCC2(CC2)N1,20,True,False,True,"v5_3_model_guided_anchor_pair=25-16;anchor_scores=0.822,0.678;linker_length=6;target_ring=19;linker_prob=0.167;chemotype=aza_oxa"
CAND_2c6487f65c,v5_3_model_guided_macrocycle,JAK2_dbe7510318,O=C1Nc2c[nH]nc2-c2nc3ccc(cc3[nH]2)CN2CCOCC2CSCSCCC2(CC2)N1,JMSRYZPRKFHRSX-UHFFFAOYSA-N,True,True,True,499.666,3.6355,110.96,4,7,0,0.3737,4.481,O=C1Nc2c[nH]nc2-c2nc3ccc(cc3[nH]2)CN2CCOCC2CSCSCCC2(CC2)N1,20,True,False,True,"v5_3_model_guided_anchor_pair=25-16;anchor_scores=0.822,0.678;linker_length=6;target_ring=19;linker_prob=0.167;chemotype=dithio"
CAND_e15d377ff6,v5_3_model_guided_macrocycle,JAK2_dbe7510318,O=C1Nc2c[nH]nc2-c2nc3ccc(cc3[nH]2)CN2CCOCC2CSCNCCC2(CC2)N1,WWNRPPPZCPDGMJ-UHFFFAOYSA-N,True,True,True,482.614,2.4919,122.99,5,7,0,0.3336,4.387,O=C1Nc2c[nH]nc2-c2nc3ccc(cc3[nH]2)CN2CCOCC2CSCNCCC2(CC2)N1,20,True,False,True,"v5_3_model_guided_anchor_pair=25-16;anchor_scores=0.822,0.678;linker_length=6;target_ring=19;linker_prob=0.167;chemotype=aza_thio"
CAND_f4705e122e,v5_3_model_guided_macrocycle,JAK2_dbe7510318,O=C1Nc2c[nH]nc2-c2nc3ccc(cc3[nH]2)CN2CCOCC2CCSCCCC2(CC2)N1,VJOULSRJDRNRML-UHFFFAOYSA-N,True,True,True,481.626,3.725,110.96,4,6,0,0.3895,4.381,O=C1Nc2c[nH]nc2-c2nc3ccc(cc3[nH]2)CN2CCOCC2CCSCCCC2(CC2)N1,20,True,False,True,"v5_3_model_guided_anchor_pair=25-16;anchor_scores=0.822,0.678;linker_length=6;target_ring=19;linker_prob=0.167;chemotype=thioether"
CAND_e939b80243,v5_3_model_guided_macrocycle,JAK2_dbe7510318,O=C1Nc2c[nH]nc2-c2nc3ccc(cc3[nH]2)CN2CCOCC2COCOCCC2(CC2)N1,JLJGYSZQCLNBGT-UHFFFAOYSA-N,True,True,True,467.53,2.2023,129.42,4,7,0,0.3989,4.303,O=C1Nc2c[nH]nc2-c2nc3ccc(cc3[nH]2)CN2CCOCC2COCOCCC2(CC2)N1,20,True,False,True,"v5_3_model_guided_anchor_pair=25-16;anchor_scores=0.822,0.678;linker_length=6;target_ring=19;linker_prob=0.167;chemotype=dioxa"
CAND_da006e9e54,v5_3_model_guided_macrocycle,JAK2_b8536fbab5,NC(=O)c1cnc2c3c1[nH]c1cc(ccc13)-c1ccc(nn1)N1CCS(=O)(=O)CC1CNCC1(CC1)[C@H](C(F)(F)F)N2,UOQSWCBMAYJTFK-FFMAFDDDSA-N,True,True,True,600.627,2.6016,158.99,4,9,1,0.2577,5.417,O=S1(=O)CCN2c3ccc(nn3)-c3ccc4c(c3)[nH]c3ccnc(c34)NCC3(CC3)CNCC2C1,18,True,False,True,"v5_3_model_guided_anchor_pair=9-27;anchor_scores=0.822,0.678;linker_length=3;target_ring=17;linker_prob=0.683;chemotype=aza"
CAND_35c4ee0b09,v5_3_model_guided_macrocycle,JAK2_b8536fbab5,NC(=O)c1cnc2c3c1[nH]c1cc(ccc13)-c1ccc(nn1)N1CCS(=O)(=O)CC1CSCC1(CC1)[C@H](C(F)(F)F)N2,IZZXRBQLSMOBFN-FFMAFDDDSA-N,True,True,True,617.679,3.7452,146.96,3,9,1,0.2907,5.512,O=S1(=O)CCN2c3ccc(nn3)-c3ccc4c(c3)[nH]c3ccnc(c34)NCC3(CC3)CSCC2C1,18,True,False,True,"v5_3_model_guided_anchor_pair=9-27;anchor_scores=0.822,0.678;linker_length=3;target_ring=17;linker_prob=0.683;chemotype=thioether"
CAND_d7d5e569e3,v5_3_model_guided_macrocycle,JAK2_b8536fbab5,NC(=O)c1cnc2c3c1[nH]c1cc(ccc13)-c1ccc(nn1)N1CCS(=O)(=O)CC1COCC1(CC1)[C@H](C(F)(F)F)N2,CNIZANOYKOCSCB-FFMAFDDDSA-N,True,True,True,601.611,3.0286,156.19,3,9,1,0.2985,5.423,O=S1(=O)CCN2c3ccc(nn3)-c3ccc4c(c3)[nH]c3ccnc(c34)NCC3(CC3)COCC2C1,18,True,False,True,"v5_3_model_guided_anchor_pair=9-27;anchor_scores=0.822,0.678;linker_length=3;target_ring=17;linker_prob=0.683;chemotype=oxa"
CAND_79995adf19,v5_3_model_guided_macrocycle,JAK2_b8536fbab5,NC(=O)c1cnc2c3c1[nH]c1cc(ccc13)-c1ccc(nn1)N1CCS(=O)(=O)C(CSCC3(CC3)[C@H](C(F)(F)F)N2)C1,KWOAKWBMRZHFMC-FFMAFDDDSA-N,True,True,True,617.679,3.7452,146.96,3,9,1,0.2907,5.512,O=S1(=O)CCN2CC1CSCC1(CC1)CNc1nccc3[nH]c4cc(ccc4c13)-c1ccc2nn1,19,True,False,True,"v5_3_model_guided_anchor_pair=9-28;anchor_scores=0.822,0.678;linker_length=3;target_ring=18;linker_prob=0.649;chemotype=thioether"
CAND_893be87c2e,v5_3_model_guided_macrocycle,JAK2_b8536fbab5,NC(=O)c1cnc2c3c1[nH]c1cc(ccc13)-c1ccc(nn1)N1CCS(=O)(=O)C(CNCC3(CC3)[C@H](C(F)(F)F)N2)C1,IAEQNVPUVYIAKQ-FFMAFDDDSA-N,True,True,True,600.627,2.6016,158.99,4,9,1,0.2577,5.417,O=S1(=O)CCN2CC1CNCC1(CC1)CNc1nccc3[nH]c4cc(ccc4c13)-c1ccc2nn1,19,True,False,True,"v5_3_model_guided_anchor_pair=9-28;anchor_scores=0.822,0.678;linker_length=3;target_ring=18;linker_prob=0.649;chemotype=aza"
CAND_2f2a0d40fd,v5_3_model_guided_macrocycle,JAK2_b8536fbab5,NC(=O)c1cnc2c3c1[nH]c1cc(ccc13)-c1ccc(nn1)N1CCS(=O)(=O)C(COCC3(CC3)[C@H](C(F)(F)F)N2)C1,GBZHOBHXRZEBCG-FFMAFDDDSA-N,True,True,True,601.611,3.0286,156.19,3,9,1,0.2985,5.423,O=S1(=O)CCN2CC1COCC1(CC1)CNc1nccc3[nH]c4cc(ccc4c13)-c1ccc2nn1,19,True,False,True,"v5_3_model_guided_anchor_pair=9-28;anchor_scores=0.822,0.678;linker_length=3;target_ring=18;linker_prob=0.649;chemotype=oxa"
CAND_5682a4f941,v5_3_model_guided_macrocycle,JAK2_b8536fbab5,NC(=O)c1cnc2c3c1[nH]c1cc(ccc13)-c1ccc(nn1)N1CCS(=O)(=O)CC1CNCC1CC1[C@H](C(F)(F)F)N2,INEZOYDVWQORFK-VUVLQECESA-N,True,True,True,600.627,2.4575,158.99,4,9,1,0.2575,5.917,O=S1(=O)CCN2c3ccc(nn3)-c3ccc4c(c3)[nH]c3ccnc(c34)NCC3CC3CNCC2C1,19,True,False,True,"v5_3_model_guided_anchor_pair=10-27;anchor_scores=0.678,0.678;linker_length=3;target_ring=18;linker_prob=0.649;chemotype=aza"
CAND_8f245c542f,v5_3_model_guided_macrocycle,JAK2_b8536fbab5,NC(=O)c1cnc2c3c1[nH]c1cc(ccc13)-c1ccc(nn1)N1CCS(=O)(=O)CC1CSCC1CC1[C@H](C(F)(F)F)N2,HPTYTTFDUUTCKH-VUVLQECESA-N,True,True,True,617.679,3.6011,146.96,3,9,1,0.2916,6.012,O=S1(=O)CCN2c3ccc(nn3)-c3ccc4c(c3)[nH]c3ccnc(c34)NCC3CC3CSCC2C1,19,True,False,True,"v5_3_model_guided_anchor_pair=10-27;anchor_scores=0.678,0.678;linker_length=3;target_ring=18;linker_prob=0.649;chemotype=thioether"
CAND_f0bd1b6255,v5_3_model_guided_macrocycle,JAK2_b8536fbab5,NC(=O)c1cnc2c3c1[nH]c1cc(ccc13)-c1ccc(nn1)N1CCS(=O)(=O)CC1COCC1CC1[C@H](C(F)(F)F)N2,HZSOISHLLRBLLV-VUVLQECESA-N,True,True,True,601.611,2.8845,156.19,3,9,1,0.2986,5.923,O=S1(=O)CCN2c3ccc(nn3)-c3ccc4c(c3)[nH]c3ccnc(c34)NCC3CC3COCC2C1,19,True,False,True,"v5_3_model_guided_anchor_pair=10-27;anchor_scores=0.678,0.678;linker_length=3;target_ring=18;linker_prob=0.649;chemotype=oxa"
CAND_473a7e9320,v5_3_model_guided_macrocycle,JAK2_b8536fbab5,NC(=O)c1cnc2c3c1[nH]c1cc(ccc13)-c1ccc(nn1)N1CCS(=O)(=O)C(CNCC3CC3[C@H](C(F)(F)F)N2)C1,XSOOHBJYZCKJCL-VUVLQECESA-N,True,True,True,600.627,2.4575,158.99,4,9,1,0.2575,5.917,O=S1(=O)CCN2CC1CNCC1CC1CNc1nccc3[nH]c4cc(ccc4c13)-c1ccc2nn1,20,True,False,True,"v5_3_model_guided_anchor_pair=10-28;anchor_scores=0.678,0.678;linker_length=3;target_ring=19;linker_prob=0.610;chemotype=aza"
CAND_79654a88a1,v5_3_model_guided_macrocycle,JAK2_b8536fbab5,NC(=O)c1cnc2c3c1[nH]c1cc(ccc13)-c1ccc(nn1)N1CCS(=O)(=O)C(CSCC3CC3[C@H](C(F)(F)F)N2)C1,STQBRHZFOULVJI-VUVLQECESA-N,True,True,True,617.679,3.6011,146.96,3,9,1,0.2916,6.012,O=S1(=O)CCN2CC1CSCC1CC1CNc1nccc3[nH]c4cc(ccc4c13)-c1ccc2nn1,20,True,False,True,"v5_3_model_guided_anchor_pair=10-28;anchor_scores=0.678,0.678;linker_length=3;target_ring=19;linker_prob=0.610;chemotype=thioether"
CAND_87bfeddc5f,v5_3_model_guided_macrocycle,JAK2_b8536fbab5,NC(=O)c1cnc2c3c1[nH]c1cc(ccc13)-c1ccc(nn1)N1CCS(=O)(=O)C(COCC3CC3[C@H](C(F)(F)F)N2)C1,PYUYNRLASSOPEM-VUVLQECESA-N,True,True,True,601.611,2.8845,156.19,3,9,1,0.2986,5.923,O=S1(=O)CCN2CC1COCC1CC1CNc1nccc3[nH]c4cc(ccc4c13)-c1ccc2nn1,20,True,False,True,"v5_3_model_guided_anchor_pair=10-28;anchor_scores=0.678,0.678;linker_length=3;target_ring=19;linker_prob=0.610;chemotype=oxa"
CAND_9c6324c16c,v5_3_model_guided_macrocycle,JAK2_4424830aa8,CN1CCN2c3ccc(cc3)-c3cnc4cccc(c4n3)-c3cc(F)c(c(F)c3)CN3CCOCC3COCC2C1,VAUZQGRYZWDNKQ-UHFFFAOYSA-N,True,True,True,557.645,4.5934,53.96,0,7,0,0.3135,5.054,c1cc2c3nc(cnc3c1)-c1ccc(cc1)N1CCNCC1COCC1COCCN1Cc1ccc-2cc1,20,True,False,True,"v5_3_model_guided_anchor_pair=3-24;anchor_scores=0.678,0.678;linker_length=3;target_ring=19;linker_prob=0.610;chemotype=oxa"
CAND_dbfbb7d1cf,v5_3_model_guided_macrocycle,JAK2_4424830aa8,CN1CCN2c3ccc(cc3)-c3cnc4cccc(c4n3)-c3cc(F)c(c(F)c3)CN3CCOCC3CSCC2C1,ZQXFNYDUOWZAAC-UHFFFAOYSA-N,True,True,True,573.713,5.31,44.73,0,7,0,0.2826,5.298,c1cc2c3nc(cnc3c1)-c1ccc(cc1)N1CCNCC1CSCC1COCCN1Cc1ccc-2cc1,20,True,False,True,"v5_3_model_guided_anchor_pair=3-24;anchor_scores=0.678,0.678;linker_length=3;target_ring=19;linker_prob=0.610;chemotype=thioether"
CAND_a8aa3f8065,v5_3_model_guided_macrocycle,JAK2_4424830aa8,CN1CCN2c3ccc(cc3)-c3cnc4cccc(c4n3)-c3cc(F)c(c(F)c3)CN3CCOCC3CNCC2C1,XSIKJHLRGSNBFX-UHFFFAOYSA-N,True,True,True,556.661,4.1664,56.76,1,7,0,0.3491,5.048,c1cc2c3nc(cnc3c1)-c1ccc(cc1)N1CCNCC1CNCC1COCCN1Cc1ccc-2cc1,20,True,False,True,"v5_3_model_guided_anchor_pair=3-24;anchor_scores=0.678,0.678;linker_length=3;target_ring=19;linker_prob=0.610;chemotype=aza"
CAND_9b2dbc98ed,v5_3_model_guided_macrocycle,JAK2_52b2cf11d9,CN1CCN2c3ccc(cn3)-c3cnc4cccc(c4n3)-c3cc(F)c(c(F)c3)CN3CCS(=O)(=O)CC3CSCC2C1,PIFHNMNPLJJTMY-UHFFFAOYSA-N,True,True,True,622.767,4.1032,82.53,0,9,0,0.288,5.415,O=S1(=O)CCN2Cc3ccc(cc3)-c3cccc4ncc(nc34)-c3ccc(nc3)N3CCNCC3CSCC2C1,20,True,False,True,"v5_3_model_guided_anchor_pair=3-24;anchor_scores=0.678,0.678;linker_length=3;target_ring=19;linker_prob=0.650;chemotype=thioether"
CAND_3c64f44e76,v5_3_model_guided_macrocycle,JAK2_52b2cf11d9,CN1CCN2c3ccc(cn3)-c3cnc4cccc(c4n3)-c3cc(F)c(c(F)c3)CN3CCS(=O)(=O)CC3COCC2C1,YWSGJALAUQEGQN-UHFFFAOYSA-N,True,True,True,606.699,3.3866,91.76,0,9,0,0.2989,5.326,O=S1(=O)CCN2Cc3ccc(cc3)-c3cccc4ncc(nc34)-c3ccc(nc3)N3CCNCC3COCC2C1,20,True,False,True,"v5_3_model_guided_anchor_pair=3-24;anchor_scores=0.678,0.678;linker_length=3;target_ring=19;linker_prob=0.650;chemotype=oxa"
CAND_0e6db5ef0a,v5_3_model_guided_macrocycle,JAK2_5e05d7987e,Cc1cnc2nc1-c1cccc(c1)C1CSCC3CCN(CCOc4ccc(cc4COCC=CCO1)N2)C3,RLZOPXGAZMNINP-UHFFFAOYSA-N,True,True,True,544.721,5.7872,68.74,1,8,0,0.357,5.625,C1=CCOC2CSCC3CCN(CCOc4ccc(cc4COC1)Nc1nccc(n1)-c1cccc2c1)C3,19,True,False,True,"v5_3_model_guided_anchor_pair=13-32;anchor_scores=0.678,0.678;linker_length=3;target_ring=18;linker_prob=0.338;chemotype=thioether"
CAND_1346b6e6ef,v5_3_model_guided_macrocycle,JAK2_5e05d7987e,Cc1cnc2nc1-c1cccc(c1)C1CNCC3CCN(CCOc4ccc(cc4COCC=CCO1)N2)C3,OHIFJCINBHENLQ-UHFFFAOYSA-N,True,True,True,527.669,4.6436,80.77,2,8,0,0.4094,5.137,C1=CCOC2CNCC3CCN(CCOc4ccc(cc4COC1)Nc1nccc(n1)-c1cccc2c1)C3,19,True,False,True,"v5_3_model_guided_anchor_pair=13-32;anchor_scores=0.678,0.678;linker_length=3;target_ring=18;linker_prob=0.338;chemotype=aza"
CAND_3b164e0480,v5_3_model_guided_macrocycle,JAK2_2dc2722230,Fc1cc2cc(F)c1CN1CCOCC1CNCC1(CCNCC1)n1cc(cn1)-c1cnc3cccc-2c3n1,BFRBRWWDNZLFGY-UHFFFAOYSA-N,True,True,True,531.611,3.3212,80.13,2,7,0,0.3605,4.659,c1cc2c3nc(cnc3c1)-c1cnn(c1)C1(CCNCC1)CNCC1COCCN1Cc1ccc-2cc1,18,True,False,True,"v5_3_model_guided_anchor_pair=16-31;anchor_scores=0.822,0.678;linker_length=3;target_ring=17;linker_prob=0.539;chemotype=aza"
CAND_9f32e71b10,v5_3_model_guided_macrocycle,JAK2_2dc2722230,Fc1cc2cc(F)c1CN1CCOCC1CSCC1(CCNCC1)n1cc(cn1)-c1cnc3cccc-2c3n1,XOGPNLWCYTULDB-UHFFFAOYSA-N,True,True,True,548.663,4.4648,68.1,1,7,0,0.348,4.754,c1cc2c3nc(cnc3c1)-c1cnn(c1)C1(CCNCC1)CSCC1COCCN1Cc1ccc-2cc1,18,True,False,True,"v5_3_model_guided_anchor_pair=16-31;anchor_scores=0.822,0.678;linker_length=3;target_ring=17;linker_prob=0.539;chemotype=thioether"
CAND_1675c88065,v5_3_model_guided_macrocycle,JAK2_2dc2722230,Fc1cc2cc(F)c1CN1CCOC(CNCC3(CCNCC3)n3cc(cn3)-c3cnc4cccc-2c4n3)C1,SOTCITIOJRKMGI-UHFFFAOYSA-N,True,True,True,531.611,3.3212,80.13,2,7,0,0.3605,4.909,c1cc2c3nc(cnc3c1)-c1cnn(c1)C1(CCNCC1)CNCC1CN(CCO1)Cc1ccc-2cc1,19,True,False,True,"v5_3_model_guided_anchor_pair=16-32;anchor_scores=0.822,0.678;linker_length=3;target_ring=18;linker_prob=0.496;chemotype=aza"
CAND_c5284988bc,v5_3_model_guided_macrocycle,JAK2_2dc2722230,Fc1cc2cc(F)c1CN1CCOC(CSCC3(CCNCC3)n3cc(cn3)-c3cnc4cccc-2c4n3)C1,UMDQZSGINFDZSR-UHFFFAOYSA-N,True,True,True,548.663,4.4648,68.1,1,7,0,0.348,5.004,c1cc2c3nc(cnc3c1)-c1cnn(c1)C1(CCNCC1)CSCC1CN(CCO1)Cc1ccc-2cc1,19,True,False,True,"v5_3_model_guided_anchor_pair=16-32;anchor_scores=0.822,0.678;linker_length=3;target_ring=18;linker_prob=0.496;chemotype=thioether"
CAND_f01d409d4a,v5_3_model_guided_macrocycle,JAK2_2dc2722230,Fc1cc2cc(F)c1CN1CCOCC1CSCC1CNCCC1n1cc(cn1)-c1cnc3cccc-2c3n1,ITDKIPHIFDPKIE-UHFFFAOYSA-N,True,True,True,548.663,4.5367,68.1,1,7,0,0.3462,5.254,c1cc2c3nc(cnc3c1)-c1cnn(c1)C1CCNCC1CSCC1COCCN1Cc1ccc-2cc1,19,True,False,True,"v5_3_model_guided_anchor_pair=17-31;anchor_scores=0.678,0.678;linker_length=3;target_ring=18;linker_prob=0.496;chemotype=thioether"
CAND_d3037c6bbb,v5_3_model_guided_macrocycle,JAK2_2dc2722230,Fc1cc2cc(F)c1CN1CCOCC1CNCC1CNCCC1n1cc(cn1)-c1cnc3cccc-2c3n1,LPYRODOGMAJHRM-UHFFFAOYSA-N,True,True,True,531.611,3.3931,80.13,2,7,0,0.3602,5.159,c1cc2c3nc(cnc3c1)-c1cnn(c1)C1CCNCC1CNCC1COCCN1Cc1ccc-2cc1,19,True,False,True,"v5_3_model_guided_anchor_pair=17-31;anchor_scores=0.678,0.678;linker_length=3;target_ring=18;linker_prob=0.496;chemotype=aza"
CAND_c9e2216a9e,v5_3_model_guided_macrocycle,JAK2_2dc2722230,Fc1cc2cc(F)c1CN1CCOC(CSCC3CNCCC3n3cc(cn3)-c3cnc4cccc-2c4n3)C1,LLYGYUVZQJPWJP-UHFFFAOYSA-N,True,True,True,548.663,4.5367,68.1,1,7,0,0.3462,5.504,c1cc2c3nc(cnc3c1)-c1cnn(c1)C1CCNCC1CSCC1CN(CCO1)Cc1ccc-2cc1,20,True,False,True,"v5_3_model_guided_anchor_pair=17-32;anchor_scores=0.678,0.678;linker_length=3;target_ring=19;linker_prob=0.449;chemotype=thioether"
CAND_d76046f983,v5_3_model_guided_macrocycle,JAK2_2dc2722230,Fc1cc2cc(F)c1CN1CCOC(CNCC3CNCCC3n3cc(cn3)-c3cnc4cccc-2c4n3)C1,AUVIAUYPRDWLDW-UHFFFAOYSA-N,True,True,True,531.611,3.3931,80.13,2,7,0,0.3602,5.409,c1cc2c3nc(cnc3c1)-c1cnn(c1)C1CCNCC1CNCC1CN(CCO1)Cc1ccc-2cc1,20,True,False,True,"v5_3_model_guided_anchor_pair=17-32;anchor_scores=0.678,0.678;linker_length=3;target_ring=19;linker_prob=0.449;chemotype=aza"
CAND_70235a488c,v5_3_model_guided_macrocycle,JAK2_2dc2722230,Fc1cc2cc(F)c1CN1CCOCC1CNCC1CC(CCN1)n1cc(cn1)-c1cnc3cccc-2c3n1,DDYXAVLGOCADLT-UHFFFAOYSA-N,True,True,True,531.611,3.5356,80.13,2,7,0,0.3594,5.159,c1cc2c3nc(cnc3c1)-c1cnn(c1)C1CCNC(CNCC3COCCN3Cc3ccc-2cc3)C1,20,True,False,True,"v5_3_model_guided_anchor_pair=18-31;anchor_scores=0.678,0.678;linker_length=3;target_ring=19;linker_prob=0.449;chemotype=aza"
CAND_4201b86422,v5_3_model_guided_macrocycle,JAK2_2dc2722230,Fc1cc2cc(F)c1CN1CCOCC1CSCC1CC(CCN1)n1cc(cn1)-c1cnc3cccc-2c3n1,KWCVQFMBUVUMNP-UHFFFAOYSA-N,True,True,True,548.663,4.6792,68.1,1,7,0,0.3424,5.254,c1cc2c3nc(cnc3c1)-c1cnn(c1)C1CCNC(CSCC3COCCN3Cc3ccc-2cc3)C1,20,True,False,True,"v5_3_model_guided_anchor_pair=18-31;anchor_scores=0.678,0.678;linker_length=3;target_ring=19;linker_prob=0.449;chemotype=thioether"
CAND_395f2117dd,v5_3_model_guided_macrocycle,JAK2_522c241c10,C1=C/C2CCCC3CCCN3CCOc3ccc(cc3CO2)Nc2nccc(n2)-c2ccc(s2)COC/1,IEFGVPMUDYPCNP-XVNBXDOJSA-N,True,True,True,518.683,5.9474,68.74,1,8,0,0.3691,5.311,C1=C/C2CCCC3CCCN3CCOc3ccc(cc3CO2)Nc2nccc(n2)-c2ccc(s2)COC/1,18,True,False,True,"v5_3_model_guided_anchor_pair=2-15;anchor_scores=0.678,0.678;linker_length=3;target_ring=12;linker_prob=0.494;chemotype=alkyl"
CAND_2d24927177,v5_3_model_guided_macrocycle,JAK2_522c241c10,C1=C/C2CSCC3CCCN3CCOc3ccc(cc3CO2)Nc2nccc(n2)-c2ccc(s2)COC/1,SLCDUFWCOUVMPZ-DUXPYHPUSA-N,True,True,True,536.723,5.5103,68.74,1,9,0,0.3774,5.193,C1=C/C2CSCC3CCCN3CCOc3ccc(cc3CO2)Nc2nccc(n2)-c2ccc(s2)COC/1,18,True,False,True,"v5_3_model_guided_anchor_pair=2-15;anchor_scores=0.678,0.678;linker_length=3;target_ring=12;linker_prob=0.494;chemotype=thioether"
CAND_de00993420,v5_3_model_guided_macrocycle,JAK2_522c241c10,C1=C/C2COCC3CCCN3CCOc3ccc(cc3CO2)Nc2nccc(n2)-c2ccc(s2)COC/1,ZJCOUNTXRWNCHU-DUXPYHPUSA-N,True,True,True,520.655,4.7937,77.97,1,9,0,0.4241,4.848,C1=C/C2COCC3CCCN3CCOc3ccc(cc3CO2)Nc2nccc(n2)-c2ccc(s2)COC/1,18,True,False,True,"v5_3_model_guided_anchor_pair=2-15;anchor_scores=0.678,0.678;linker_length=3;target_ring=12;linker_prob=0.494;chemotype=oxa"
CAND_b7e749a45e,v5_3_model_guided_macrocycle,JAK2_522c241c10,C1=C/C2CNCC3CCCN3CCOc3ccc(cc3CO2)Nc2nccc(n2)-c2ccc(s2)COC/1,JTVAXVOAMCCILC-DUXPYHPUSA-N,True,True,True,519.671,4.3667,80.77,2,9,0,0.4242,4.843,C1=C/C2CNCC3CCCN3CCOc3ccc(cc3CO2)Nc2nccc(n2)-c2ccc(s2)COC/1,18,True,False,True,"v5_3_model_guided_anchor_pair=2-15;anchor_scores=0.678,0.678;linker_length=3;target_ring=12;linker_prob=0.494;chemotype=aza"
CAND_11be2ba7cd,v5_3_model_guided_macrocycle,JAK2_522c241c10,C1=C2\CCCC3CCCN3CCOc3ccc(cc3COC2)Nc2nccc(n2)-c2ccc(s2)COC/1,INFVSFQAZWZRHB-SRZZPIQSSA-N,True,True,True,518.683,5.949,68.74,1,8,0,0.369,5.062,C1=C2\CCCC3CCCN3CCOc3ccc(cc3COC2)Nc2nccc(n2)-c2ccc(s2)COC/1,18,True,False,True,"v5_3_model_guided_anchor_pair=15-1;anchor_scores=0.678,0.600;linker_length=3;target_ring=13;linker_prob=0.455;chemotype=oxa_aza"
CAND_206c165320,v5_3_model_guided_macrocycle,JAK2_522c241c10,C1=C2\CNCC3CCCN3CCOc3ccc(cc3COC2)Nc2nccc(n2)-c2ccc(s2)COC/1,QYOFYWOOYFUVBS-DNTJNYDQSA-N,True,True,True,519.671,4.3683,80.77,2,9,0,0.4241,4.593,C1=C2\CNCC3CCCN3CCOc3ccc(cc3COC2)Nc2nccc(n2)-c2ccc(s2)COC/1,18,True,False,True,"v5_3_model_guided_anchor_pair=15-1;anchor_scores=0.678,0.600;linker_length=3;target_ring=13;linker_prob=0.455;chemotype=aza"
CAND_30c31fa10b,v5_3_model_guided_macrocycle,JAK2_522c241c10,C1=C/C2CCCC3CCCN3CCOc3ccc(cc3COC/1)Nc1nccc(n1)-c1ccc(s1)CO2,ZDXOFBSHKAPQKB-XVNBXDOJSA-N,True,True,True,518.683,5.9474,68.74,1,8,0,0.3691,5.311,C1=C/C2CCCC3CCCN3CCOc3ccc(cc3COC/1)Nc1nccc(n1)-c1ccc(s1)CO2,18,True,False,True,"v5_3_model_guided_anchor_pair=15-33;anchor_scores=0.678,0.678;linker_length=3;target_ring=15;linker_prob=0.372;chemotype=alkyl"
CAND_4f59bd6508,v5_3_model_guided_macrocycle,JAK2_522c241c10,C1=C/C2CSCC3CCCN3CCOc3ccc(cc3COC/1)Nc1nccc(n1)-c1ccc(s1)CO2,BSMBTFQFRPSSDZ-DUXPYHPUSA-N,True,True,True,536.723,5.5103,68.74,1,9,0,0.3774,5.193,C1=C/C2CSCC3CCCN3CCOc3ccc(cc3COC/1)Nc1nccc(n1)-c1ccc(s1)CO2,18,True,False,True,"v5_3_model_guided_anchor_pair=15-33;anchor_scores=0.678,0.678;linker_length=3;target_ring=15;linker_prob=0.372;chemotype=thioether"
CAND_3840bc96b5,v5_3_model_guided_macrocycle,JAK2_522c241c10,C1=C/C2COCC3CCCN3CCOc3ccc(cc3COC/1)Nc1nccc(n1)-c1ccc(s1)CO2,ZOVMZHLCSYLUQL-DUXPYHPUSA-N,True,True,True,520.655,4.7937,77.97,1,9,0,0.4241,4.848,C1=C/C2COCC3CCCN3CCOc3ccc(cc3COC/1)Nc1nccc(n1)-c1ccc(s1)CO2,18,True,False,True,"v5_3_model_guided_anchor_pair=15-33;anchor_scores=0.678,0.678;linker_length=3;target_ring=15;linker_prob=0.372;chemotype=oxa"
CAND_9cd85a18b6,v5_3_model_guided_macrocycle,JAK2_522c241c10,C1=C/C2CNCC3CCCN3CCOc3ccc(cc3COC/1)Nc1nccc(n1)-c1ccc(s1)CO2,WVONBFZDYGSNLI-DUXPYHPUSA-N,True,True,True,519.671,4.3667,80.77,2,9,0,0.4242,4.843,C1=C/C2CNCC3CCCN3CCOc3ccc(cc3COC/1)Nc1nccc(n1)-c1ccc(s1)CO2,18,True,False,True,"v5_3_model_guided_anchor_pair=15-33;anchor_scores=0.678,0.678;linker_length=3;target_ring=15;linker_prob=0.372;chemotype=aza"
CAND_5c64fa89d0,v5_3_model_guided_macrocycle,JAK2_522c241c10,C1=C2\CCCC3CCCN3CCOc3ccc(cc3COC/1)Nc1nccc(n1)-c1ccc(s1)COC2,OVLUYPLPKOKAMI-SRZZPIQSSA-N,True,True,True,518.683,5.949,68.74,1,8,0,0.369,5.062,C1=C2\CCCC3CCCN3CCOc3ccc(cc3COC/1)Nc1nccc(n1)-c1ccc(s1)COC2,18,True,False,True,"v5_3_model_guided_anchor_pair=15-0;anchor_scores=0.678,0.600;linker_length=3;target_ring=14;linker_prob=0.414;chemotype=diaza"
CAND_67bc1f8ccd,v5_3_model_guided_macrocycle,JAK2_522c241c10,C1=C2\CNCC3CCCN3CCOc3ccc(cc3COC/1)Nc1nccc(n1)-c1ccc(s1)COC2,RTPPMXQABSJKCN-DNTJNYDQSA-N,True,True,True,519.671,4.3683,80.77,2,9,0,0.4241,4.593,C1=C2\CNCC3CCCN3CCOc3ccc(cc3COC/1)Nc1nccc(n1)-c1ccc(s1)COC2,18,True,False,True,"v5_3_model_guided_anchor_pair=15-0;anchor_scores=0.678,0.600;linker_length=3;target_ring=14;linker_prob=0.414;chemotype=aza"
