candidate_id,extracted_linker_count,known_linker_count,novel_linker_count,linker_novel,linker_smiles,known_linker_smiles,novel_linker_smiles
CAND_010738c49b,22,0,22,True,[17*]C(=O)N[23*];[17*]C(=O)N[C@@H](C([29*])=O)C1CC1;[17*]C(=O)N[C@@H]([27*])C1CC1;[20*]N[C@@H](C([29*])=O)C1CC1;[20*]N[C@@H]([27*])C1CC1;[22*][C@@H](C([29*])=O)C1CC1;[4*]CNCC1([11*])CC1;[4*]CNC[8*];[5*]C1C[C@@H](C#N)CN1C([23*])=O;[5*]C1C[C@@H](C#N)CN1[27*];[5*]NCC1([11*])CC1;[6*]CC1([11*])CC1;[6*]CC1C[C@@H](C#N)CN1C([23*])=O;[6*]CC1C[C@@H](C#N)CN1[27*];[7*]C1(c2cnc3[nH]cc([20*])c3n2)CC1;[7*]NCC1C[C@@H](C#N)CN1C([23*])=O;[7*]NCC1C[C@@H](C#N)CN1[27*];[8*]CNCC1C[C@@H](C#N)CN1C([23*])=O;[8*]CNCC1C[C@@H](C#N)CN1[27*];[8*]c1cnc2[nH]cc(C(=O)N[23*])c2n1;[8*]c1cnc2[nH]cc(C([22*])=O)c2n1;[8*]c1cnc2[nH]cc([20*])c2n1,,[17*]C(=O)N[23*];[17*]C(=O)N[C@@H](C([29*])=O)C1CC1;[17*]C(=O)N[C@@H]([27*])C1CC1;[20*]N[C@@H](C([29*])=O)C1CC1;[20*]N[C@@H]([27*])C1CC1;[22*][C@@H](C([29*])=O)C1CC1;[4*]CNCC1([11*])CC1;[4*]CNC[8*];[5*]C1C[C@@H](C#N)CN1C([23*])=O;[5*]C1C[C@@H](C#N)CN1[27*];[5*]NCC1([11*])CC1;[6*]CC1([11*])CC1;[6*]CC1C[C@@H](C#N)CN1C([23*])=O;[6*]CC1C[C@@H](C#N)CN1[27*];[7*]C1(c2cnc3[nH]cc([20*])c3n2)CC1;[7*]NCC1C[C@@H](C#N)CN1C([23*])=O;[7*]NCC1C[C@@H](C#N)CN1[27*];[8*]CNCC1C[C@@H](C#N)CN1C([23*])=O;[8*]CNCC1C[C@@H](C#N)CN1[27*];[8*]c1cnc2[nH]cc(C(=O)N[23*])c2n1;[8*]c1cnc2[nH]cc(C([22*])=O)c2n1;[8*]c1cnc2[nH]cc([20*])c2n1
CAND_39922498ce,31,0,31,True,[10*]CCSCCC1C[C@@H](C#N)CN1[29*];[10*]c1cnc2[nH]cc(C(=O)N[25*])c2n1;[10*]c1cnc2[nH]cc(C([24*])=O)c2n1;[10*]c1cnc2[nH]cc([22*])c2n1;[19*]C(=O)N[25*];[19*]C(=O)N[C@@H](C([31*])=O)C1CC1;[19*]C(=O)N[C@@H]([29*])C1CC1;[22*]N[C@@H](C([31*])=O)C1CC1;[22*]N[C@@H]([29*])C1CC1;[24*][C@@H](C([31*])=O)C1CC1;[4*]CCSCCC1([13*])CC1;[4*]CCSCC[10*];[4*]CCSC[9*];[4*]CCS[8*];[5*]C1C[C@@H](C#N)CN1C([25*])=O;[5*]C1C[C@@H](C#N)CN1[29*];[5*]CSCCC1([13*])CC1;[5*]CSCC[10*];[5*]CSC[9*];[6*]CC1C[C@@H](C#N)CN1C([25*])=O;[6*]CC1C[C@@H](C#N)CN1[29*];[6*]SCCC1([13*])CC1;[6*]SCC[10*];[7*]CCC1([13*])CC1;[7*]CCC1C[C@@H](C#N)CN1C([25*])=O;[7*]CCC1C[C@@H](C#N)CN1[29*];[8*]CC1([13*])CC1;[8*]SCCC1C[C@@H](C#N)CN1C([25*])=O;[8*]SCCC1C[C@@H](C#N)CN1[29*];[9*]C1(c2cnc3[nH]cc([22*])c3n2)CC1;[9*]CSCCC1C[C@@H](C#N)CN1[29*],,[10*]CCSCCC1C[C@@H](C#N)CN1[29*];[10*]c1cnc2[nH]cc(C(=O)N[25*])c2n1;[10*]c1cnc2[nH]cc(C([24*])=O)c2n1;[10*]c1cnc2[nH]cc([22*])c2n1;[19*]C(=O)N[25*];[19*]C(=O)N[C@@H](C([31*])=O)C1CC1;[19*]C(=O)N[C@@H]([29*])C1CC1;[22*]N[C@@H](C([31*])=O)C1CC1;[22*]N[C@@H]([29*])C1CC1;[24*][C@@H](C([31*])=O)C1CC1;[4*]CCSCCC1([13*])CC1;[4*]CCSCC[10*];[4*]CCSC[9*];[4*]CCS[8*];[5*]C1C[C@@H](C#N)CN1C([25*])=O;[5*]C1C[C@@H](C#N)CN1[29*];[5*]CSCCC1([13*])CC1;[5*]CSCC[10*];[5*]CSC[9*];[6*]CC1C[C@@H](C#N)CN1C([25*])=O;[6*]CC1C[C@@H](C#N)CN1[29*];[6*]SCCC1([13*])CC1;[6*]SCC[10*];[7*]CCC1([13*])CC1;[7*]CCC1C[C@@H](C#N)CN1C([25*])=O;[7*]CCC1C[C@@H](C#N)CN1[29*];[8*]CC1([13*])CC1;[8*]SCCC1C[C@@H](C#N)CN1C([25*])=O;[8*]SCCC1C[C@@H](C#N)CN1[29*];[9*]C1(c2cnc3[nH]cc([22*])c3n2)CC1;[9*]CSCCC1C[C@@H](C#N)CN1[29*]
CAND_d4292dc600,22,0,22,True,[17*]C(=O)N[23*];[17*]C(=O)N[C@@H](C([29*])=O)C1CC1;[17*]C(=O)N[C@@H]([27*])C1CC1;[20*]N[C@@H](C([29*])=O)C1CC1;[20*]N[C@@H]([27*])C1CC1;[22*][C@@H](C([29*])=O)C1CC1;[4*]CNCC1([11*])CC1;[4*]CNC[8*];[5*]C1C[C@H](C#N)CN1C([23*])=O;[5*]C1C[C@H](C#N)CN1[27*];[5*]NCC1([11*])CC1;[6*]CC1([11*])CC1;[6*]CC1C[C@H](C#N)CN1C([23*])=O;[6*]CC1C[C@H](C#N)CN1[27*];[7*]C1(c2cnc3[nH]cc([20*])c3n2)CC1;[7*]NCC1C[C@H](C#N)CN1C([23*])=O;[7*]NCC1C[C@H](C#N)CN1[27*];[8*]CNCC1C[C@H](C#N)CN1C([23*])=O;[8*]CNCC1C[C@H](C#N)CN1[27*];[8*]c1cnc2[nH]cc(C(=O)N[23*])c2n1;[8*]c1cnc2[nH]cc(C([22*])=O)c2n1;[8*]c1cnc2[nH]cc([20*])c2n1,,[17*]C(=O)N[23*];[17*]C(=O)N[C@@H](C([29*])=O)C1CC1;[17*]C(=O)N[C@@H]([27*])C1CC1;[20*]N[C@@H](C([29*])=O)C1CC1;[20*]N[C@@H]([27*])C1CC1;[22*][C@@H](C([29*])=O)C1CC1;[4*]CNCC1([11*])CC1;[4*]CNC[8*];[5*]C1C[C@H](C#N)CN1C([23*])=O;[5*]C1C[C@H](C#N)CN1[27*];[5*]NCC1([11*])CC1;[6*]CC1([11*])CC1;[6*]CC1C[C@H](C#N)CN1C([23*])=O;[6*]CC1C[C@H](C#N)CN1[27*];[7*]C1(c2cnc3[nH]cc([20*])c3n2)CC1;[7*]NCC1C[C@H](C#N)CN1C([23*])=O;[7*]NCC1C[C@H](C#N)CN1[27*];[8*]CNCC1C[C@H](C#N)CN1C([23*])=O;[8*]CNCC1C[C@H](C#N)CN1[27*];[8*]c1cnc2[nH]cc(C(=O)N[23*])c2n1;[8*]c1cnc2[nH]cc(C([22*])=O)c2n1;[8*]c1cnc2[nH]cc([20*])c2n1
CAND_d64ce6b1c6,31,0,31,True,[10*]CCSCCC1C[C@H](C#N)CN1[29*];[10*]c1cnc2[nH]cc(C(=O)N[25*])c2n1;[10*]c1cnc2[nH]cc(C([24*])=O)c2n1;[10*]c1cnc2[nH]cc([22*])c2n1;[19*]C(=O)N[25*];[19*]C(=O)N[C@@H](C([31*])=O)C1CC1;[19*]C(=O)N[C@@H]([29*])C1CC1;[22*]N[C@@H](C([31*])=O)C1CC1;[22*]N[C@@H]([29*])C1CC1;[24*][C@@H](C([31*])=O)C1CC1;[4*]CCSCCC1([13*])CC1;[4*]CCSCC[10*];[4*]CCSC[9*];[4*]CCS[8*];[5*]C1C[C@H](C#N)CN1C([25*])=O;[5*]C1C[C@H](C#N)CN1[29*];[5*]CSCCC1([13*])CC1;[5*]CSCC[10*];[5*]CSC[9*];[6*]CC1C[C@H](C#N)CN1C([25*])=O;[6*]CC1C[C@H](C#N)CN1[29*];[6*]SCCC1([13*])CC1;[6*]SCC[10*];[7*]CCC1([13*])CC1;[7*]CCC1C[C@H](C#N)CN1C([25*])=O;[7*]CCC1C[C@H](C#N)CN1[29*];[8*]CC1([13*])CC1;[8*]SCCC1C[C@H](C#N)CN1C([25*])=O;[8*]SCCC1C[C@H](C#N)CN1[29*];[9*]C1(c2cnc3[nH]cc([22*])c3n2)CC1;[9*]CSCCC1C[C@H](C#N)CN1[29*],,[10*]CCSCCC1C[C@H](C#N)CN1[29*];[10*]c1cnc2[nH]cc(C(=O)N[25*])c2n1;[10*]c1cnc2[nH]cc(C([24*])=O)c2n1;[10*]c1cnc2[nH]cc([22*])c2n1;[19*]C(=O)N[25*];[19*]C(=O)N[C@@H](C([31*])=O)C1CC1;[19*]C(=O)N[C@@H]([29*])C1CC1;[22*]N[C@@H](C([31*])=O)C1CC1;[22*]N[C@@H]([29*])C1CC1;[24*][C@@H](C([31*])=O)C1CC1;[4*]CCSCCC1([13*])CC1;[4*]CCSCC[10*];[4*]CCSC[9*];[4*]CCS[8*];[5*]C1C[C@H](C#N)CN1C([25*])=O;[5*]C1C[C@H](C#N)CN1[29*];[5*]CSCCC1([13*])CC1;[5*]CSCC[10*];[5*]CSC[9*];[6*]CC1C[C@H](C#N)CN1C([25*])=O;[6*]CC1C[C@H](C#N)CN1[29*];[6*]SCCC1([13*])CC1;[6*]SCC[10*];[7*]CCC1([13*])CC1;[7*]CCC1C[C@H](C#N)CN1C([25*])=O;[7*]CCC1C[C@H](C#N)CN1[29*];[8*]CC1([13*])CC1;[8*]SCCC1C[C@H](C#N)CN1C([25*])=O;[8*]SCCC1C[C@H](C#N)CN1[29*];[9*]C1(c2cnc3[nH]cc([22*])c3n2)CC1;[9*]CSCCC1C[C@H](C#N)CN1[29*]
CAND_6070893978,39,0,39,True,[18*]C(=O)N[24*];[18*]C(=O)N[C@@H](C([30*])=O)C1CC1;[18*]C(=O)N[C@@H]([28*])C1CC1;[2*]CCSCSCC1([12*])CC1;[2*]CCSCSC[9*];[2*]CCSCS[8*];[2*]CCSC[7*];[2*]CCS[6*];[21*]N[C@@H](C([30*])=O)C1CC1;[21*]N[C@@H]([28*])C1CC1;[23*][C@@H](C([30*])=O)C1CC1;[3*]C1(C#N)CN(C(=O)[C@H]([23*])C2CC2)C1;[3*]C1(C#N)CN(C([24*])=O)C1;[3*]C1(C#N)CN([28*])C1;[3*]CSCSCC1([12*])CC1;[3*]CSCSC[9*];[3*]CSCS[8*];[3*]CSC[7*];[4*]CC1(C#N)CN(C([24*])=O)C1;[4*]CC1(C#N)CN([28*])C1;[4*]SCSCC1([12*])CC1;[4*]SCSC[9*];[4*]SCS[8*];[5*]CCC1(C#N)CN(C([24*])=O)C1;[5*]CCC1(C#N)CN([28*])C1;[5*]CSCC1([12*])CC1;[5*]CSC[9*];[6*]SCC1([12*])CC1;[6*]SCCC1(C#N)CN(C([24*])=O)C1;[6*]SCCC1(C#N)CN([28*])C1;[7*]CC1([12*])CC1;[7*]CSCCC1(C#N)CN(C([24*])=O)C1;[7*]CSCCC1(C#N)CN([28*])C1;[8*]C1(c2cnc3[nH]cc([21*])c3n2)CC1;[8*]SCSCCC1(C#N)CN([28*])C1;[9*]CSCSCCC1(C#N)CN([28*])C1;[9*]c1cnc2[nH]cc(C(=O)N[24*])c2n1;[9*]c1cnc2[nH]cc(C([23*])=O)c2n1;[9*]c1cnc2[nH]cc([21*])c2n1,,[18*]C(=O)N[24*];[18*]C(=O)N[C@@H](C([30*])=O)C1CC1;[18*]C(=O)N[C@@H]([28*])C1CC1;[2*]CCSCSCC1([12*])CC1;[2*]CCSCSC[9*];[2*]CCSCS[8*];[2*]CCSC[7*];[2*]CCS[6*];[21*]N[C@@H](C([30*])=O)C1CC1;[21*]N[C@@H]([28*])C1CC1;[23*][C@@H](C([30*])=O)C1CC1;[3*]C1(C#N)CN(C(=O)[C@H]([23*])C2CC2)C1;[3*]C1(C#N)CN(C([24*])=O)C1;[3*]C1(C#N)CN([28*])C1;[3*]CSCSCC1([12*])CC1;[3*]CSCSC[9*];[3*]CSCS[8*];[3*]CSC[7*];[4*]CC1(C#N)CN(C([24*])=O)C1;[4*]CC1(C#N)CN([28*])C1;[4*]SCSCC1([12*])CC1;[4*]SCSC[9*];[4*]SCS[8*];[5*]CCC1(C#N)CN(C([24*])=O)C1;[5*]CCC1(C#N)CN([28*])C1;[5*]CSCC1([12*])CC1;[5*]CSC[9*];[6*]SCC1([12*])CC1;[6*]SCCC1(C#N)CN(C([24*])=O)C1;[6*]SCCC1(C#N)CN([28*])C1;[7*]CC1([12*])CC1;[7*]CSCCC1(C#N)CN(C([24*])=O)C1;[7*]CSCCC1(C#N)CN([28*])C1;[8*]C1(c2cnc3[nH]cc([21*])c3n2)CC1;[8*]SCSCCC1(C#N)CN([28*])C1;[9*]CSCSCCC1(C#N)CN([28*])C1;[9*]c1cnc2[nH]cc(C(=O)N[24*])c2n1;[9*]c1cnc2[nH]cc(C([23*])=O)c2n1;[9*]c1cnc2[nH]cc([21*])c2n1
CAND_f55787df7e,39,0,39,True,[11*]C(=O)c1c[nH]c2ncc([23*])nc12;[11*][C@@H](C(=O)N1CC(C#N)C1[29*])C1CC1;[12*]c1c[nH]c2ncc(C3([24*])CC3)nc12;[12*]c1c[nH]c2ncc([23*])nc12;[20*]C1(CCSCSC[30*])CC1;[20*]C1(CCSCS[29*])CC1;[20*]C1(CCSC[28*])CC1;[20*]C1(CCS[27*])CC1;[20*]C1(CC[26*])CC1;[20*]C1(C[25*])CC1;[23*]CCSCSC[30*];[23*]CCSCS[29*];[23*]CCSC[28*];[23*]CCS[27*];[24*]CSCSC[30*];[24*]CSCS[29*];[24*]CSC[28*];[25*]SCSC[30*];[25*]SCS[29*];[26*]CSC[30*];[4*]C(=O)[C@H](NC([14*])=O)C1CC1;[4*]C(=O)[C@H](N[12*])C1CC1;[4*]C(=O)[C@H]([11*])C1CC1;[5*]N1CC(C#N)C1CSCSCC[23*];[5*]N1CC(C#N)C1CSCSC[24*];[5*]N1CC(C#N)C1CSCS[25*];[5*]N1CC(C#N)C1CSC[26*];[5*]N1CC(C#N)C1CS[27*];[5*]N1CC(C#N)C1C[28*];[5*]N1CC(C#N)C1[29*];[5*][C@H](NC([14*])=O)C1CC1;[5*][C@H](N[12*])C1CC1;[7*]C(=O)N1CC(C#N)C1CSCS[25*];[7*]C(=O)N1CC(C#N)C1CSC[26*];[7*]C(=O)N1CC(C#N)C1CS[27*];[7*]C(=O)N1CC(C#N)C1C[28*];[7*]C(=O)N1CC(C#N)C1[29*];[7*]NC(=O)c1c[nH]c2ncc([23*])nc12;[7*]NC([14*])=O,,[11*]C(=O)c1c[nH]c2ncc([23*])nc12;[11*][C@@H](C(=O)N1CC(C#N)C1[29*])C1CC1;[12*]c1c[nH]c2ncc(C3([24*])CC3)nc12;[12*]c1c[nH]c2ncc([23*])nc12;[20*]C1(CCSCSC[30*])CC1;[20*]C1(CCSCS[29*])CC1;[20*]C1(CCSC[28*])CC1;[20*]C1(CCS[27*])CC1;[20*]C1(CC[26*])CC1;[20*]C1(C[25*])CC1;[23*]CCSCSC[30*];[23*]CCSCS[29*];[23*]CCSC[28*];[23*]CCS[27*];[24*]CSCSC[30*];[24*]CSCS[29*];[24*]CSC[28*];[25*]SCSC[30*];[25*]SCS[29*];[26*]CSC[30*];[4*]C(=O)[C@H](NC([14*])=O)C1CC1;[4*]C(=O)[C@H](N[12*])C1CC1;[4*]C(=O)[C@H]([11*])C1CC1;[5*]N1CC(C#N)C1CSCSCC[23*];[5*]N1CC(C#N)C1CSCSC[24*];[5*]N1CC(C#N)C1CSCS[25*];[5*]N1CC(C#N)C1CSC[26*];[5*]N1CC(C#N)C1CS[27*];[5*]N1CC(C#N)C1C[28*];[5*]N1CC(C#N)C1[29*];[5*][C@H](NC([14*])=O)C1CC1;[5*][C@H](N[12*])C1CC1;[7*]C(=O)N1CC(C#N)C1CSCS[25*];[7*]C(=O)N1CC(C#N)C1CSC[26*];[7*]C(=O)N1CC(C#N)C1CS[27*];[7*]C(=O)N1CC(C#N)C1C[28*];[7*]C(=O)N1CC(C#N)C1[29*];[7*]NC(=O)c1c[nH]c2ncc([23*])nc12;[7*]NC([14*])=O
CAND_7182aeebbe,40,0,40,True,[11*]c1cnc2[nH]cc(C(=O)N[24*])c2n1;[11*]c1cnc2[nH]cc(C([23*])=O)c2n1;[11*]c1cnc2[nH]cc([21*])c2n1;[18*]C(=O)N[24*];[18*]C(=O)N[C@@H](C([30*])=O)C1CC1;[18*]C(=O)N[C@@H]([28*])C1CC1;[2*]CCSCSCC1CC1[12*];[2*]CCSCSC[9*];[2*]CCSCS[8*];[2*]CCSC[7*];[2*]CCS[6*];[21*]N[C@@H](C([30*])=O)C1CC1;[21*]N[C@@H]([28*])C1CC1;[23*][C@@H](C([30*])=O)C1CC1;[3*]C1(C#N)CN(C(=O)[C@H]([23*])C2CC2)C1;[3*]C1(C#N)CN(C([24*])=O)C1;[3*]C1(C#N)CN([28*])C1;[3*]CSCSCC1CC1[12*];[3*]CSCSC[9*];[3*]CSCS[8*];[3*]CSC[7*];[4*]CC1(C#N)CN(C([24*])=O)C1;[4*]CC1(C#N)CN([28*])C1;[4*]SCSCC1CC1[12*];[4*]SCSC[9*];[4*]SCS[8*];[5*]CCC1(C#N)CN(C([24*])=O)C1;[5*]CCC1(C#N)CN([28*])C1;[5*]CSCC1CC1[12*];[5*]CSC[9*];[6*]SCC1CC1[12*];[6*]SCCC1(C#N)CN(C([24*])=O)C1;[6*]SCCC1(C#N)CN([28*])C1;[7*]CC1CC1[12*];[7*]CSCCC1(C#N)CN(C([24*])=O)C1;[7*]CSCCC1(C#N)CN([28*])C1;[8*]C1CC1[12*];[8*]C1CC1c1cnc2[nH]cc([21*])c2n1;[8*]SCSCCC1(C#N)CN([28*])C1;[9*]CSCSCCC1(C#N)CN([28*])C1,,[11*]c1cnc2[nH]cc(C(=O)N[24*])c2n1;[11*]c1cnc2[nH]cc(C([23*])=O)c2n1;[11*]c1cnc2[nH]cc([21*])c2n1;[18*]C(=O)N[24*];[18*]C(=O)N[C@@H](C([30*])=O)C1CC1;[18*]C(=O)N[C@@H]([28*])C1CC1;[2*]CCSCSCC1CC1[12*];[2*]CCSCSC[9*];[2*]CCSCS[8*];[2*]CCSC[7*];[2*]CCS[6*];[21*]N[C@@H](C([30*])=O)C1CC1;[21*]N[C@@H]([28*])C1CC1;[23*][C@@H](C([30*])=O)C1CC1;[3*]C1(C#N)CN(C(=O)[C@H]([23*])C2CC2)C1;[3*]C1(C#N)CN(C([24*])=O)C1;[3*]C1(C#N)CN([28*])C1;[3*]CSCSCC1CC1[12*];[3*]CSCSC[9*];[3*]CSCS[8*];[3*]CSC[7*];[4*]CC1(C#N)CN(C([24*])=O)C1;[4*]CC1(C#N)CN([28*])C1;[4*]SCSCC1CC1[12*];[4*]SCSC[9*];[4*]SCS[8*];[5*]CCC1(C#N)CN(C([24*])=O)C1;[5*]CCC1(C#N)CN([28*])C1;[5*]CSCC1CC1[12*];[5*]CSC[9*];[6*]SCC1CC1[12*];[6*]SCCC1(C#N)CN(C([24*])=O)C1;[6*]SCCC1(C#N)CN([28*])C1;[7*]CC1CC1[12*];[7*]CSCCC1(C#N)CN(C([24*])=O)C1;[7*]CSCCC1(C#N)CN([28*])C1;[8*]C1CC1[12*];[8*]C1CC1c1cnc2[nH]cc([21*])c2n1;[8*]SCSCCC1(C#N)CN([28*])C1;[9*]CSCSCCC1(C#N)CN([28*])C1
CAND_97cfbe11a6,40,0,40,True,[11*]C(=O)c1c[nH]c2ncc([23*])nc12;[11*][C@@H](C(=O)N1CC(C#N)C1[31*])C1CC1;[12*]c1c[nH]c2ncc(C3CC3[26*])nc12;[12*]c1c[nH]c2ncc([23*])nc12;[20*]C1CC1CNCOCC[32*];[20*]C1CC1CNCOC[31*];[20*]C1CC1CNCO[30*];[20*]C1CC1CNC[29*];[20*]C1CC1CN[28*];[20*]C1CC1C[27*];[20*]C1CC1[26*];[25*]CNCOCC[32*];[25*]CNCOC[31*];[25*]CNCO[30*];[25*]CNC[29*];[26*]NCOCC[32*];[26*]NCOC[31*];[26*]NCO[30*];[27*]COCC[32*];[27*]COC[31*];[28*]OCC[32*];[4*]C(=O)[C@H](NC([14*])=O)C1CC1;[4*]C(=O)[C@H](N[12*])C1CC1;[4*]C(=O)[C@H]([11*])C1CC1;[5*]N1CC(C#N)C1CCOCNC[25*];[5*]N1CC(C#N)C1CCOCN[26*];[5*]N1CC(C#N)C1CCOC[27*];[5*]N1CC(C#N)C1CCO[28*];[5*]N1CC(C#N)C1CC[29*];[5*]N1CC(C#N)C1C[30*];[5*]N1CC(C#N)C1[31*];[5*][C@H](NC([14*])=O)C1CC1;[5*][C@H](N[12*])C1CC1;[7*]C(=O)N1CC(C#N)C1CCOC[27*];[7*]C(=O)N1CC(C#N)C1CCO[28*];[7*]C(=O)N1CC(C#N)C1CC[29*];[7*]C(=O)N1CC(C#N)C1C[30*];[7*]C(=O)N1CC(C#N)C1[31*];[7*]NC(=O)c1c[nH]c2ncc([23*])nc12;[7*]NC([14*])=O,,[11*]C(=O)c1c[nH]c2ncc([23*])nc12;[11*][C@@H](C(=O)N1CC(C#N)C1[31*])C1CC1;[12*]c1c[nH]c2ncc(C3CC3[26*])nc12;[12*]c1c[nH]c2ncc([23*])nc12;[20*]C1CC1CNCOCC[32*];[20*]C1CC1CNCOC[31*];[20*]C1CC1CNCO[30*];[20*]C1CC1CNC[29*];[20*]C1CC1CN[28*];[20*]C1CC1C[27*];[20*]C1CC1[26*];[25*]CNCOCC[32*];[25*]CNCOC[31*];[25*]CNCO[30*];[25*]CNC[29*];[26*]NCOCC[32*];[26*]NCOC[31*];[26*]NCO[30*];[27*]COCC[32*];[27*]COC[31*];[28*]OCC[32*];[4*]C(=O)[C@H](NC([14*])=O)C1CC1;[4*]C(=O)[C@H](N[12*])C1CC1;[4*]C(=O)[C@H]([11*])C1CC1;[5*]N1CC(C#N)C1CCOCNC[25*];[5*]N1CC(C#N)C1CCOCN[26*];[5*]N1CC(C#N)C1CCOC[27*];[5*]N1CC(C#N)C1CCO[28*];[5*]N1CC(C#N)C1CC[29*];[5*]N1CC(C#N)C1C[30*];[5*]N1CC(C#N)C1[31*];[5*][C@H](NC([14*])=O)C1CC1;[5*][C@H](N[12*])C1CC1;[7*]C(=O)N1CC(C#N)C1CCOC[27*];[7*]C(=O)N1CC(C#N)C1CCO[28*];[7*]C(=O)N1CC(C#N)C1CC[29*];[7*]C(=O)N1CC(C#N)C1C[30*];[7*]C(=O)N1CC(C#N)C1[31*];[7*]NC(=O)c1c[nH]c2ncc([23*])nc12;[7*]NC([14*])=O
CAND_f92f63a6e7,40,0,40,True,[11*]C(=O)c1c[nH]c2ncc([23*])nc12;[11*][C@@H](C(=O)N1CC(C#N)C1[31*])C1CC1;[12*]c1c[nH]c2ncc(C3CC3[26*])nc12;[12*]c1c[nH]c2ncc([23*])nc12;[20*]C1CC1CSCOCC[32*];[20*]C1CC1CSCOC[31*];[20*]C1CC1CSCO[30*];[20*]C1CC1CSC[29*];[20*]C1CC1CS[28*];[20*]C1CC1C[27*];[20*]C1CC1[26*];[25*]CSCOCC[32*];[25*]CSCOC[31*];[25*]CSCO[30*];[25*]CSC[29*];[26*]SCOCC[32*];[26*]SCOC[31*];[26*]SCO[30*];[27*]COCC[32*];[27*]COC[31*];[28*]OCC[32*];[4*]C(=O)[C@H](NC([14*])=O)C1CC1;[4*]C(=O)[C@H](N[12*])C1CC1;[4*]C(=O)[C@H]([11*])C1CC1;[5*]N1CC(C#N)C1CCOCSC[25*];[5*]N1CC(C#N)C1CCOCS[26*];[5*]N1CC(C#N)C1CCOC[27*];[5*]N1CC(C#N)C1CCO[28*];[5*]N1CC(C#N)C1CC[29*];[5*]N1CC(C#N)C1C[30*];[5*]N1CC(C#N)C1[31*];[5*][C@H](NC([14*])=O)C1CC1;[5*][C@H](N[12*])C1CC1;[7*]C(=O)N1CC(C#N)C1CCOC[27*];[7*]C(=O)N1CC(C#N)C1CCO[28*];[7*]C(=O)N1CC(C#N)C1CC[29*];[7*]C(=O)N1CC(C#N)C1C[30*];[7*]C(=O)N1CC(C#N)C1[31*];[7*]NC(=O)c1c[nH]c2ncc([23*])nc12;[7*]NC([14*])=O,,[11*]C(=O)c1c[nH]c2ncc([23*])nc12;[11*][C@@H](C(=O)N1CC(C#N)C1[31*])C1CC1;[12*]c1c[nH]c2ncc(C3CC3[26*])nc12;[12*]c1c[nH]c2ncc([23*])nc12;[20*]C1CC1CSCOCC[32*];[20*]C1CC1CSCOC[31*];[20*]C1CC1CSCO[30*];[20*]C1CC1CSC[29*];[20*]C1CC1CS[28*];[20*]C1CC1C[27*];[20*]C1CC1[26*];[25*]CSCOCC[32*];[25*]CSCOC[31*];[25*]CSCO[30*];[25*]CSC[29*];[26*]SCOCC[32*];[26*]SCOC[31*];[26*]SCO[30*];[27*]COCC[32*];[27*]COC[31*];[28*]OCC[32*];[4*]C(=O)[C@H](NC([14*])=O)C1CC1;[4*]C(=O)[C@H](N[12*])C1CC1;[4*]C(=O)[C@H]([11*])C1CC1;[5*]N1CC(C#N)C1CCOCSC[25*];[5*]N1CC(C#N)C1CCOCS[26*];[5*]N1CC(C#N)C1CCOC[27*];[5*]N1CC(C#N)C1CCO[28*];[5*]N1CC(C#N)C1CC[29*];[5*]N1CC(C#N)C1C[30*];[5*]N1CC(C#N)C1[31*];[5*][C@H](NC([14*])=O)C1CC1;[5*][C@H](N[12*])C1CC1;[7*]C(=O)N1CC(C#N)C1CCOC[27*];[7*]C(=O)N1CC(C#N)C1CCO[28*];[7*]C(=O)N1CC(C#N)C1CC[29*];[7*]C(=O)N1CC(C#N)C1C[30*];[7*]C(=O)N1CC(C#N)C1[31*];[7*]NC(=O)c1c[nH]c2ncc([23*])nc12;[7*]NC([14*])=O
CAND_f791c67046,40,0,40,True,[11*]C(=O)c1c[nH]c2ncc([23*])nc12;[11*][C@@H](C(=O)N1CC(C#N)C1[31*])C1CC1;[12*]c1c[nH]c2ncc(C3CC3[26*])nc12;[12*]c1c[nH]c2ncc([23*])nc12;[20*]C1CC1CNCNCC[32*];[20*]C1CC1CNCNC[31*];[20*]C1CC1CNCN[30*];[20*]C1CC1CNC[29*];[20*]C1CC1CN[28*];[20*]C1CC1C[27*];[20*]C1CC1[26*];[25*]CNCNCC[32*];[25*]CNCNC[31*];[25*]CNCN[30*];[25*]CNC[29*];[26*]NCNCC[32*];[26*]NCNC[31*];[26*]NCN[30*];[27*]CNCC[32*];[27*]CNC[31*];[28*]NCC[32*];[4*]C(=O)[C@H](NC([14*])=O)C1CC1;[4*]C(=O)[C@H](N[12*])C1CC1;[4*]C(=O)[C@H]([11*])C1CC1;[5*]N1CC(C#N)C1CCNCNC[25*];[5*]N1CC(C#N)C1CCNCN[26*];[5*]N1CC(C#N)C1CCNC[27*];[5*]N1CC(C#N)C1CCN[28*];[5*]N1CC(C#N)C1CC[29*];[5*]N1CC(C#N)C1C[30*];[5*]N1CC(C#N)C1[31*];[5*][C@H](NC([14*])=O)C1CC1;[5*][C@H](N[12*])C1CC1;[7*]C(=O)N1CC(C#N)C1CCNC[27*];[7*]C(=O)N1CC(C#N)C1CCN[28*];[7*]C(=O)N1CC(C#N)C1CC[29*];[7*]C(=O)N1CC(C#N)C1C[30*];[7*]C(=O)N1CC(C#N)C1[31*];[7*]NC(=O)c1c[nH]c2ncc([23*])nc12;[7*]NC([14*])=O,,[11*]C(=O)c1c[nH]c2ncc([23*])nc12;[11*][C@@H](C(=O)N1CC(C#N)C1[31*])C1CC1;[12*]c1c[nH]c2ncc(C3CC3[26*])nc12;[12*]c1c[nH]c2ncc([23*])nc12;[20*]C1CC1CNCNCC[32*];[20*]C1CC1CNCNC[31*];[20*]C1CC1CNCN[30*];[20*]C1CC1CNC[29*];[20*]C1CC1CN[28*];[20*]C1CC1C[27*];[20*]C1CC1[26*];[25*]CNCNCC[32*];[25*]CNCNC[31*];[25*]CNCN[30*];[25*]CNC[29*];[26*]NCNCC[32*];[26*]NCNC[31*];[26*]NCN[30*];[27*]CNCC[32*];[27*]CNC[31*];[28*]NCC[32*];[4*]C(=O)[C@H](NC([14*])=O)C1CC1;[4*]C(=O)[C@H](N[12*])C1CC1;[4*]C(=O)[C@H]([11*])C1CC1;[5*]N1CC(C#N)C1CCNCNC[25*];[5*]N1CC(C#N)C1CCNCN[26*];[5*]N1CC(C#N)C1CCNC[27*];[5*]N1CC(C#N)C1CCN[28*];[5*]N1CC(C#N)C1CC[29*];[5*]N1CC(C#N)C1C[30*];[5*]N1CC(C#N)C1[31*];[5*][C@H](NC([14*])=O)C1CC1;[5*][C@H](N[12*])C1CC1;[7*]C(=O)N1CC(C#N)C1CCNC[27*];[7*]C(=O)N1CC(C#N)C1CCN[28*];[7*]C(=O)N1CC(C#N)C1CC[29*];[7*]C(=O)N1CC(C#N)C1C[30*];[7*]C(=O)N1CC(C#N)C1[31*];[7*]NC(=O)c1c[nH]c2ncc([23*])nc12;[7*]NC([14*])=O
CAND_dcecb2fddf,40,0,40,True,[11*]C(=O)c1c[nH]c2ncc([23*])nc12;[11*][C@@H](C(=O)N1CC(C#N)C1[31*])C1CC1;[12*]c1c[nH]c2ncc(C3CC3[26*])nc12;[12*]c1c[nH]c2ncc([23*])nc12;[20*]C1CC1CSCNCC[32*];[20*]C1CC1CSCNC[31*];[20*]C1CC1CSCN[30*];[20*]C1CC1CSC[29*];[20*]C1CC1CS[28*];[20*]C1CC1C[27*];[20*]C1CC1[26*];[25*]CSCNCC[32*];[25*]CSCNC[31*];[25*]CSCN[30*];[25*]CSC[29*];[26*]SCNCC[32*];[26*]SCNC[31*];[26*]SCN[30*];[27*]CNCC[32*];[27*]CNC[31*];[28*]NCC[32*];[4*]C(=O)[C@H](NC([14*])=O)C1CC1;[4*]C(=O)[C@H](N[12*])C1CC1;[4*]C(=O)[C@H]([11*])C1CC1;[5*]N1CC(C#N)C1CCNCSC[25*];[5*]N1CC(C#N)C1CCNCS[26*];[5*]N1CC(C#N)C1CCNC[27*];[5*]N1CC(C#N)C1CCN[28*];[5*]N1CC(C#N)C1CC[29*];[5*]N1CC(C#N)C1C[30*];[5*]N1CC(C#N)C1[31*];[5*][C@H](NC([14*])=O)C1CC1;[5*][C@H](N[12*])C1CC1;[7*]C(=O)N1CC(C#N)C1CCNC[27*];[7*]C(=O)N1CC(C#N)C1CCN[28*];[7*]C(=O)N1CC(C#N)C1CC[29*];[7*]C(=O)N1CC(C#N)C1C[30*];[7*]C(=O)N1CC(C#N)C1[31*];[7*]NC(=O)c1c[nH]c2ncc([23*])nc12;[7*]NC([14*])=O,,[11*]C(=O)c1c[nH]c2ncc([23*])nc12;[11*][C@@H](C(=O)N1CC(C#N)C1[31*])C1CC1;[12*]c1c[nH]c2ncc(C3CC3[26*])nc12;[12*]c1c[nH]c2ncc([23*])nc12;[20*]C1CC1CSCNCC[32*];[20*]C1CC1CSCNC[31*];[20*]C1CC1CSCN[30*];[20*]C1CC1CSC[29*];[20*]C1CC1CS[28*];[20*]C1CC1C[27*];[20*]C1CC1[26*];[25*]CSCNCC[32*];[25*]CSCNC[31*];[25*]CSCN[30*];[25*]CSC[29*];[26*]SCNCC[32*];[26*]SCNC[31*];[26*]SCN[30*];[27*]CNCC[32*];[27*]CNC[31*];[28*]NCC[32*];[4*]C(=O)[C@H](NC([14*])=O)C1CC1;[4*]C(=O)[C@H](N[12*])C1CC1;[4*]C(=O)[C@H]([11*])C1CC1;[5*]N1CC(C#N)C1CCNCSC[25*];[5*]N1CC(C#N)C1CCNCS[26*];[5*]N1CC(C#N)C1CCNC[27*];[5*]N1CC(C#N)C1CCN[28*];[5*]N1CC(C#N)C1CC[29*];[5*]N1CC(C#N)C1C[30*];[5*]N1CC(C#N)C1[31*];[5*][C@H](NC([14*])=O)C1CC1;[5*][C@H](N[12*])C1CC1;[7*]C(=O)N1CC(C#N)C1CCNC[27*];[7*]C(=O)N1CC(C#N)C1CCN[28*];[7*]C(=O)N1CC(C#N)C1CC[29*];[7*]C(=O)N1CC(C#N)C1C[30*];[7*]C(=O)N1CC(C#N)C1[31*];[7*]NC(=O)c1c[nH]c2ncc([23*])nc12;[7*]NC([14*])=O
CAND_6d0b874fc6,40,0,40,True,[11*]C(=O)c1c[nH]c2ncc([23*])nc12;[11*][C@@H](C(=O)N1CC(C#N)C1[31*])C1CC1;[12*]c1c[nH]c2ncc(C3CC3[26*])nc12;[12*]c1c[nH]c2ncc([23*])nc12;[20*]C1CC1COCOCC[32*];[20*]C1CC1COCOC[31*];[20*]C1CC1COCO[30*];[20*]C1CC1COC[29*];[20*]C1CC1CO[28*];[20*]C1CC1C[27*];[20*]C1CC1[26*];[25*]COCOCC[32*];[25*]COCOC[31*];[25*]COCO[30*];[25*]COC[29*];[26*]OCOCC[32*];[26*]OCOC[31*];[26*]OCO[30*];[27*]COCC[32*];[27*]COC[31*];[28*]OCC[32*];[4*]C(=O)[C@H](NC([14*])=O)C1CC1;[4*]C(=O)[C@H](N[12*])C1CC1;[4*]C(=O)[C@H]([11*])C1CC1;[5*]N1CC(C#N)C1CCOCOC[25*];[5*]N1CC(C#N)C1CCOCO[26*];[5*]N1CC(C#N)C1CCOC[27*];[5*]N1CC(C#N)C1CCO[28*];[5*]N1CC(C#N)C1CC[29*];[5*]N1CC(C#N)C1C[30*];[5*]N1CC(C#N)C1[31*];[5*][C@H](NC([14*])=O)C1CC1;[5*][C@H](N[12*])C1CC1;[7*]C(=O)N1CC(C#N)C1CCOC[27*];[7*]C(=O)N1CC(C#N)C1CCO[28*];[7*]C(=O)N1CC(C#N)C1CC[29*];[7*]C(=O)N1CC(C#N)C1C[30*];[7*]C(=O)N1CC(C#N)C1[31*];[7*]NC(=O)c1c[nH]c2ncc([23*])nc12;[7*]NC([14*])=O,,[11*]C(=O)c1c[nH]c2ncc([23*])nc12;[11*][C@@H](C(=O)N1CC(C#N)C1[31*])C1CC1;[12*]c1c[nH]c2ncc(C3CC3[26*])nc12;[12*]c1c[nH]c2ncc([23*])nc12;[20*]C1CC1COCOCC[32*];[20*]C1CC1COCOC[31*];[20*]C1CC1COCO[30*];[20*]C1CC1COC[29*];[20*]C1CC1CO[28*];[20*]C1CC1C[27*];[20*]C1CC1[26*];[25*]COCOCC[32*];[25*]COCOC[31*];[25*]COCO[30*];[25*]COC[29*];[26*]OCOCC[32*];[26*]OCOC[31*];[26*]OCO[30*];[27*]COCC[32*];[27*]COC[31*];[28*]OCC[32*];[4*]C(=O)[C@H](NC([14*])=O)C1CC1;[4*]C(=O)[C@H](N[12*])C1CC1;[4*]C(=O)[C@H]([11*])C1CC1;[5*]N1CC(C#N)C1CCOCOC[25*];[5*]N1CC(C#N)C1CCOCO[26*];[5*]N1CC(C#N)C1CCOC[27*];[5*]N1CC(C#N)C1CCO[28*];[5*]N1CC(C#N)C1CC[29*];[5*]N1CC(C#N)C1C[30*];[5*]N1CC(C#N)C1[31*];[5*][C@H](NC([14*])=O)C1CC1;[5*][C@H](N[12*])C1CC1;[7*]C(=O)N1CC(C#N)C1CCOC[27*];[7*]C(=O)N1CC(C#N)C1CCO[28*];[7*]C(=O)N1CC(C#N)C1CC[29*];[7*]C(=O)N1CC(C#N)C1C[30*];[7*]C(=O)N1CC(C#N)C1[31*];[7*]NC(=O)c1c[nH]c2ncc([23*])nc12;[7*]NC([14*])=O
CAND_264cb0add9,40,0,40,True,[11*]C(=O)c1c[nH]c2ncc([23*])nc12;[11*][C@@H](C(=O)N1CC(C#N)C1[31*])C1CC1;[12*]c1c[nH]c2ncc(C3CC3[26*])nc12;[12*]c1c[nH]c2ncc([23*])nc12;[20*]C1CC1CSCSCC[32*];[20*]C1CC1CSCSC[31*];[20*]C1CC1CSCS[30*];[20*]C1CC1CSC[29*];[20*]C1CC1CS[28*];[20*]C1CC1C[27*];[20*]C1CC1[26*];[25*]CSCSCC[32*];[25*]CSCSC[31*];[25*]CSCS[30*];[25*]CSC[29*];[26*]SCSCC[32*];[26*]SCSC[31*];[26*]SCS[30*];[27*]CSCC[32*];[27*]CSC[31*];[28*]SCC[32*];[4*]C(=O)[C@H](NC([14*])=O)C1CC1;[4*]C(=O)[C@H](N[12*])C1CC1;[4*]C(=O)[C@H]([11*])C1CC1;[5*]N1CC(C#N)C1CCSCSC[25*];[5*]N1CC(C#N)C1CCSCS[26*];[5*]N1CC(C#N)C1CCSC[27*];[5*]N1CC(C#N)C1CCS[28*];[5*]N1CC(C#N)C1CC[29*];[5*]N1CC(C#N)C1C[30*];[5*]N1CC(C#N)C1[31*];[5*][C@H](NC([14*])=O)C1CC1;[5*][C@H](N[12*])C1CC1;[7*]C(=O)N1CC(C#N)C1CCSC[27*];[7*]C(=O)N1CC(C#N)C1CCS[28*];[7*]C(=O)N1CC(C#N)C1CC[29*];[7*]C(=O)N1CC(C#N)C1C[30*];[7*]C(=O)N1CC(C#N)C1[31*];[7*]NC(=O)c1c[nH]c2ncc([23*])nc12;[7*]NC([14*])=O,,[11*]C(=O)c1c[nH]c2ncc([23*])nc12;[11*][C@@H](C(=O)N1CC(C#N)C1[31*])C1CC1;[12*]c1c[nH]c2ncc(C3CC3[26*])nc12;[12*]c1c[nH]c2ncc([23*])nc12;[20*]C1CC1CSCSCC[32*];[20*]C1CC1CSCSC[31*];[20*]C1CC1CSCS[30*];[20*]C1CC1CSC[29*];[20*]C1CC1CS[28*];[20*]C1CC1C[27*];[20*]C1CC1[26*];[25*]CSCSCC[32*];[25*]CSCSC[31*];[25*]CSCS[30*];[25*]CSC[29*];[26*]SCSCC[32*];[26*]SCSC[31*];[26*]SCS[30*];[27*]CSCC[32*];[27*]CSC[31*];[28*]SCC[32*];[4*]C(=O)[C@H](NC([14*])=O)C1CC1;[4*]C(=O)[C@H](N[12*])C1CC1;[4*]C(=O)[C@H]([11*])C1CC1;[5*]N1CC(C#N)C1CCSCSC[25*];[5*]N1CC(C#N)C1CCSCS[26*];[5*]N1CC(C#N)C1CCSC[27*];[5*]N1CC(C#N)C1CCS[28*];[5*]N1CC(C#N)C1CC[29*];[5*]N1CC(C#N)C1C[30*];[5*]N1CC(C#N)C1[31*];[5*][C@H](NC([14*])=O)C1CC1;[5*][C@H](N[12*])C1CC1;[7*]C(=O)N1CC(C#N)C1CCSC[27*];[7*]C(=O)N1CC(C#N)C1CCS[28*];[7*]C(=O)N1CC(C#N)C1CC[29*];[7*]C(=O)N1CC(C#N)C1C[30*];[7*]C(=O)N1CC(C#N)C1[31*];[7*]NC(=O)c1c[nH]c2ncc([23*])nc12;[7*]NC([14*])=O
CAND_bc782172c0,40,0,40,True,[11*]C(=O)c1c[nH]c2ncc([23*])nc12;[11*][C@@H](C(=O)N1CC(C#N)C1[31*])C1CC1;[12*]c1c[nH]c2ncc(C3CC3[26*])nc12;[12*]c1c[nH]c2ncc([23*])nc12;[20*]C1CC1COCNCC[32*];[20*]C1CC1COCNC[31*];[20*]C1CC1COCN[30*];[20*]C1CC1COC[29*];[20*]C1CC1CO[28*];[20*]C1CC1C[27*];[20*]C1CC1[26*];[25*]COCNCC[32*];[25*]COCNC[31*];[25*]COCN[30*];[25*]COC[29*];[26*]OCNCC[32*];[26*]OCNC[31*];[26*]OCN[30*];[27*]CNCC[32*];[27*]CNC[31*];[28*]NCC[32*];[4*]C(=O)[C@H](NC([14*])=O)C1CC1;[4*]C(=O)[C@H](N[12*])C1CC1;[4*]C(=O)[C@H]([11*])C1CC1;[5*]N1CC(C#N)C1CCNCOC[25*];[5*]N1CC(C#N)C1CCNCO[26*];[5*]N1CC(C#N)C1CCNC[27*];[5*]N1CC(C#N)C1CCN[28*];[5*]N1CC(C#N)C1CC[29*];[5*]N1CC(C#N)C1C[30*];[5*]N1CC(C#N)C1[31*];[5*][C@H](NC([14*])=O)C1CC1;[5*][C@H](N[12*])C1CC1;[7*]C(=O)N1CC(C#N)C1CCNC[27*];[7*]C(=O)N1CC(C#N)C1CCN[28*];[7*]C(=O)N1CC(C#N)C1CC[29*];[7*]C(=O)N1CC(C#N)C1C[30*];[7*]C(=O)N1CC(C#N)C1[31*];[7*]NC(=O)c1c[nH]c2ncc([23*])nc12;[7*]NC([14*])=O,,[11*]C(=O)c1c[nH]c2ncc([23*])nc12;[11*][C@@H](C(=O)N1CC(C#N)C1[31*])C1CC1;[12*]c1c[nH]c2ncc(C3CC3[26*])nc12;[12*]c1c[nH]c2ncc([23*])nc12;[20*]C1CC1COCNCC[32*];[20*]C1CC1COCNC[31*];[20*]C1CC1COCN[30*];[20*]C1CC1COC[29*];[20*]C1CC1CO[28*];[20*]C1CC1C[27*];[20*]C1CC1[26*];[25*]COCNCC[32*];[25*]COCNC[31*];[25*]COCN[30*];[25*]COC[29*];[26*]OCNCC[32*];[26*]OCNC[31*];[26*]OCN[30*];[27*]CNCC[32*];[27*]CNC[31*];[28*]NCC[32*];[4*]C(=O)[C@H](NC([14*])=O)C1CC1;[4*]C(=O)[C@H](N[12*])C1CC1;[4*]C(=O)[C@H]([11*])C1CC1;[5*]N1CC(C#N)C1CCNCOC[25*];[5*]N1CC(C#N)C1CCNCO[26*];[5*]N1CC(C#N)C1CCNC[27*];[5*]N1CC(C#N)C1CCN[28*];[5*]N1CC(C#N)C1CC[29*];[5*]N1CC(C#N)C1C[30*];[5*]N1CC(C#N)C1[31*];[5*][C@H](NC([14*])=O)C1CC1;[5*][C@H](N[12*])C1CC1;[7*]C(=O)N1CC(C#N)C1CCNC[27*];[7*]C(=O)N1CC(C#N)C1CCN[28*];[7*]C(=O)N1CC(C#N)C1CC[29*];[7*]C(=O)N1CC(C#N)C1C[30*];[7*]C(=O)N1CC(C#N)C1[31*];[7*]NC(=O)c1c[nH]c2ncc([23*])nc12;[7*]NC([14*])=O
CAND_f1cb16f7db,40,0,40,True,[11*]C(=O)c1c[nH]c2ncc([23*])nc12;[11*][C@@H](C(=O)N1CC(C#N)C1[31*])C1CC1;[12*]c1c[nH]c2ncc(C3CC3[26*])nc12;[12*]c1c[nH]c2ncc([23*])nc12;[20*]C1CC1CCSCSC[32*];[20*]C1CC1CCSCS[31*];[20*]C1CC1CCSC[30*];[20*]C1CC1CCS[29*];[20*]C1CC1CC[28*];[20*]C1CC1C[27*];[20*]C1CC1[26*];[25*]CCSCSC[32*];[25*]CCSCS[31*];[25*]CCSC[30*];[25*]CCS[29*];[26*]CSCSC[32*];[26*]CSCS[31*];[26*]CSC[30*];[27*]SCSC[32*];[27*]SCS[31*];[28*]CSC[32*];[4*]C(=O)[C@H](NC([14*])=O)C1CC1;[4*]C(=O)[C@H](N[12*])C1CC1;[4*]C(=O)[C@H]([11*])C1CC1;[5*]N1CC(C#N)C1CSCSCC[25*];[5*]N1CC(C#N)C1CSCSC[26*];[5*]N1CC(C#N)C1CSCS[27*];[5*]N1CC(C#N)C1CSC[28*];[5*]N1CC(C#N)C1CS[29*];[5*]N1CC(C#N)C1C[30*];[5*]N1CC(C#N)C1[31*];[5*][C@H](NC([14*])=O)C1CC1;[5*][C@H](N[12*])C1CC1;[7*]C(=O)N1CC(C#N)C1CSCS[27*];[7*]C(=O)N1CC(C#N)C1CSC[28*];[7*]C(=O)N1CC(C#N)C1CS[29*];[7*]C(=O)N1CC(C#N)C1C[30*];[7*]C(=O)N1CC(C#N)C1[31*];[7*]NC(=O)c1c[nH]c2ncc([23*])nc12;[7*]NC([14*])=O,,[11*]C(=O)c1c[nH]c2ncc([23*])nc12;[11*][C@@H](C(=O)N1CC(C#N)C1[31*])C1CC1;[12*]c1c[nH]c2ncc(C3CC3[26*])nc12;[12*]c1c[nH]c2ncc([23*])nc12;[20*]C1CC1CCSCSC[32*];[20*]C1CC1CCSCS[31*];[20*]C1CC1CCSC[30*];[20*]C1CC1CCS[29*];[20*]C1CC1CC[28*];[20*]C1CC1C[27*];[20*]C1CC1[26*];[25*]CCSCSC[32*];[25*]CCSCS[31*];[25*]CCSC[30*];[25*]CCS[29*];[26*]CSCSC[32*];[26*]CSCS[31*];[26*]CSC[30*];[27*]SCSC[32*];[27*]SCS[31*];[28*]CSC[32*];[4*]C(=O)[C@H](NC([14*])=O)C1CC1;[4*]C(=O)[C@H](N[12*])C1CC1;[4*]C(=O)[C@H]([11*])C1CC1;[5*]N1CC(C#N)C1CSCSCC[25*];[5*]N1CC(C#N)C1CSCSC[26*];[5*]N1CC(C#N)C1CSCS[27*];[5*]N1CC(C#N)C1CSC[28*];[5*]N1CC(C#N)C1CS[29*];[5*]N1CC(C#N)C1C[30*];[5*]N1CC(C#N)C1[31*];[5*][C@H](NC([14*])=O)C1CC1;[5*][C@H](N[12*])C1CC1;[7*]C(=O)N1CC(C#N)C1CSCS[27*];[7*]C(=O)N1CC(C#N)C1CSC[28*];[7*]C(=O)N1CC(C#N)C1CS[29*];[7*]C(=O)N1CC(C#N)C1C[30*];[7*]C(=O)N1CC(C#N)C1[31*];[7*]NC(=O)c1c[nH]c2ncc([23*])nc12;[7*]NC([14*])=O
CAND_c66cd3748e,50,0,50,True,[1*]NC1(CSCSC[23*])CC1;[1*]NC1(CSCS[24*])CC1;[1*]NC1(CSC[25*])CC1;[1*]NC1(CS[26*])CC1;[1*]NC1(C[27*])CC1;[1*]Nc1c[nH]nc1[8*];[13*]CN1CCOCC1CSCSC[29*];[13*]CN1CCOCC1CSCS[28*];[13*]CN1CCOCC1CSC[27*];[13*]CN1CCOCC1CS[26*];[13*]CN1CCOCC1C[25*];[13*]CN1CCOCC1[24*];[17*]N1CCOCC1CSCSC[29*];[17*]N1CCOCC1CSCS[28*];[17*]N1CCOCC1CSC[27*];[17*]N1CCOCC1CS[26*];[17*]N1CCOCC1C[25*];[17*]N1CCOCC1[24*];[2*]C(=O)NC1(CSCSC[23*])CC1;[2*]C(=O)NC1(CSCS[24*])CC1;[2*]C(=O)NC1(CSC[25*])CC1;[2*]C(=O)NC1(CS[26*])CC1;[2*]C(=O)NC1(C[27*])CC1;[2*]C(=O)NC1([28*])CC1;[2*]C(=O)N[29*];[2*]c1c[nH]nc1[8*];[23*]CSCSCC1([32*])CC1;[23*]CSCSC[29*];[23*]CSCS[28*];[23*]CSC[27*];[24*]SCSCC1([32*])CC1;[24*]SCSC[29*];[24*]SCS[28*];[25*]CSCC1([32*])CC1;[25*]CSC[29*];[26*]SCC1([32*])CC1;[27*]CC1([32*])CC1;[3*]NC(=O)NC1(CSCSC[23*])CC1;[3*]NC(=O)NC1(CSCS[24*])CC1;[3*]NC(=O)NC1(CSC[25*])CC1;[3*]NC(=O)NC1(CS[26*])CC1;[3*]NC(=O)NC1(C[27*])CC1;[3*]NC(=O)NC1([28*])CC1;[3*]NC(=O)N[29*];[3*]NC([32*])=O;[7*]c1nc2ccc(C[18*])cc2[nH]1;[7*]c1nc2ccc([17*])cc2[nH]1;[8*]c1n[nH]cc1NC(=O)NC1([28*])CC1;[8*]c1n[nH]cc1NC(=O)N[29*];[8*]c1n[nH]cc1NC([32*])=O,,[1*]NC1(CSCSC[23*])CC1;[1*]NC1(CSCS[24*])CC1;[1*]NC1(CSC[25*])CC1;[1*]NC1(CS[26*])CC1;[1*]NC1(C[27*])CC1;[1*]Nc1c[nH]nc1[8*];[13*]CN1CCOCC1CSCSC[29*];[13*]CN1CCOCC1CSCS[28*];[13*]CN1CCOCC1CSC[27*];[13*]CN1CCOCC1CS[26*];[13*]CN1CCOCC1C[25*];[13*]CN1CCOCC1[24*];[17*]N1CCOCC1CSCSC[29*];[17*]N1CCOCC1CSCS[28*];[17*]N1CCOCC1CSC[27*];[17*]N1CCOCC1CS[26*];[17*]N1CCOCC1C[25*];[17*]N1CCOCC1[24*];[2*]C(=O)NC1(CSCSC[23*])CC1;[2*]C(=O)NC1(CSCS[24*])CC1;[2*]C(=O)NC1(CSC[25*])CC1;[2*]C(=O)NC1(CS[26*])CC1;[2*]C(=O)NC1(C[27*])CC1;[2*]C(=O)NC1([28*])CC1;[2*]C(=O)N[29*];[2*]c1c[nH]nc1[8*];[23*]CSCSCC1([32*])CC1;[23*]CSCSC[29*];[23*]CSCS[28*];[23*]CSC[27*];[24*]SCSCC1([32*])CC1;[24*]SCSC[29*];[24*]SCS[28*];[25*]CSCC1([32*])CC1;[25*]CSC[29*];[26*]SCC1([32*])CC1;[27*]CC1([32*])CC1;[3*]NC(=O)NC1(CSCSC[23*])CC1;[3*]NC(=O)NC1(CSCS[24*])CC1;[3*]NC(=O)NC1(CSC[25*])CC1;[3*]NC(=O)NC1(CS[26*])CC1;[3*]NC(=O)NC1(C[27*])CC1;[3*]NC(=O)NC1([28*])CC1;[3*]NC(=O)N[29*];[3*]NC([32*])=O;[7*]c1nc2ccc(C[18*])cc2[nH]1;[7*]c1nc2ccc([17*])cc2[nH]1;[8*]c1n[nH]cc1NC(=O)NC1([28*])CC1;[8*]c1n[nH]cc1NC(=O)N[29*];[8*]c1n[nH]cc1NC([32*])=O
CAND_13c040e55e,50,0,50,True,[1*]NC1(COCOC[23*])CC1;[1*]NC1(COCO[24*])CC1;[1*]NC1(COC[25*])CC1;[1*]NC1(CO[26*])CC1;[1*]NC1(C[27*])CC1;[1*]Nc1c[nH]nc1[8*];[13*]CN1CCOCC1COCOC[29*];[13*]CN1CCOCC1COCO[28*];[13*]CN1CCOCC1COC[27*];[13*]CN1CCOCC1CO[26*];[13*]CN1CCOCC1C[25*];[13*]CN1CCOCC1[24*];[17*]N1CCOCC1COCOC[29*];[17*]N1CCOCC1COCO[28*];[17*]N1CCOCC1COC[27*];[17*]N1CCOCC1CO[26*];[17*]N1CCOCC1C[25*];[17*]N1CCOCC1[24*];[2*]C(=O)NC1(COCOC[23*])CC1;[2*]C(=O)NC1(COCO[24*])CC1;[2*]C(=O)NC1(COC[25*])CC1;[2*]C(=O)NC1(CO[26*])CC1;[2*]C(=O)NC1(C[27*])CC1;[2*]C(=O)NC1([28*])CC1;[2*]C(=O)N[29*];[2*]c1c[nH]nc1[8*];[23*]COCOCC1([32*])CC1;[23*]COCOC[29*];[23*]COCO[28*];[23*]COC[27*];[24*]OCOCC1([32*])CC1;[24*]OCOC[29*];[24*]OCO[28*];[25*]COCC1([32*])CC1;[25*]COC[29*];[26*]OCC1([32*])CC1;[27*]CC1([32*])CC1;[3*]NC(=O)NC1(COCOC[23*])CC1;[3*]NC(=O)NC1(COCO[24*])CC1;[3*]NC(=O)NC1(COC[25*])CC1;[3*]NC(=O)NC1(CO[26*])CC1;[3*]NC(=O)NC1(C[27*])CC1;[3*]NC(=O)NC1([28*])CC1;[3*]NC(=O)N[29*];[3*]NC([32*])=O;[7*]c1nc2ccc(C[18*])cc2[nH]1;[7*]c1nc2ccc([17*])cc2[nH]1;[8*]c1n[nH]cc1NC(=O)NC1([28*])CC1;[8*]c1n[nH]cc1NC(=O)N[29*];[8*]c1n[nH]cc1NC([32*])=O,,[1*]NC1(COCOC[23*])CC1;[1*]NC1(COCO[24*])CC1;[1*]NC1(COC[25*])CC1;[1*]NC1(CO[26*])CC1;[1*]NC1(C[27*])CC1;[1*]Nc1c[nH]nc1[8*];[13*]CN1CCOCC1COCOC[29*];[13*]CN1CCOCC1COCO[28*];[13*]CN1CCOCC1COC[27*];[13*]CN1CCOCC1CO[26*];[13*]CN1CCOCC1C[25*];[13*]CN1CCOCC1[24*];[17*]N1CCOCC1COCOC[29*];[17*]N1CCOCC1COCO[28*];[17*]N1CCOCC1COC[27*];[17*]N1CCOCC1CO[26*];[17*]N1CCOCC1C[25*];[17*]N1CCOCC1[24*];[2*]C(=O)NC1(COCOC[23*])CC1;[2*]C(=O)NC1(COCO[24*])CC1;[2*]C(=O)NC1(COC[25*])CC1;[2*]C(=O)NC1(CO[26*])CC1;[2*]C(=O)NC1(C[27*])CC1;[2*]C(=O)NC1([28*])CC1;[2*]C(=O)N[29*];[2*]c1c[nH]nc1[8*];[23*]COCOCC1([32*])CC1;[23*]COCOC[29*];[23*]COCO[28*];[23*]COC[27*];[24*]OCOCC1([32*])CC1;[24*]OCOC[29*];[24*]OCO[28*];[25*]COCC1([32*])CC1;[25*]COC[29*];[26*]OCC1([32*])CC1;[27*]CC1([32*])CC1;[3*]NC(=O)NC1(COCOC[23*])CC1;[3*]NC(=O)NC1(COCO[24*])CC1;[3*]NC(=O)NC1(COC[25*])CC1;[3*]NC(=O)NC1(CO[26*])CC1;[3*]NC(=O)NC1(C[27*])CC1;[3*]NC(=O)NC1([28*])CC1;[3*]NC(=O)N[29*];[3*]NC([32*])=O;[7*]c1nc2ccc(C[18*])cc2[nH]1;[7*]c1nc2ccc([17*])cc2[nH]1;[8*]c1n[nH]cc1NC(=O)NC1([28*])CC1;[8*]c1n[nH]cc1NC(=O)N[29*];[8*]c1n[nH]cc1NC([32*])=O
CAND_801fd28e9c,50,0,50,True,[1*]NC1(CNCSC[23*])CC1;[1*]NC1(CNCS[24*])CC1;[1*]NC1(CNC[25*])CC1;[1*]NC1(CN[26*])CC1;[1*]NC1(C[27*])CC1;[1*]Nc1c[nH]nc1[8*];[13*]CN1CCOCC1CSCNC[29*];[13*]CN1CCOCC1CSCN[28*];[13*]CN1CCOCC1CSC[27*];[13*]CN1CCOCC1CS[26*];[13*]CN1CCOCC1C[25*];[13*]CN1CCOCC1[24*];[17*]N1CCOCC1CSCNC[29*];[17*]N1CCOCC1CSCN[28*];[17*]N1CCOCC1CSC[27*];[17*]N1CCOCC1CS[26*];[17*]N1CCOCC1C[25*];[17*]N1CCOCC1[24*];[2*]C(=O)NC1(CNCSC[23*])CC1;[2*]C(=O)NC1(CNCS[24*])CC1;[2*]C(=O)NC1(CNC[25*])CC1;[2*]C(=O)NC1(CN[26*])CC1;[2*]C(=O)NC1(C[27*])CC1;[2*]C(=O)NC1([28*])CC1;[2*]C(=O)N[29*];[2*]c1c[nH]nc1[8*];[23*]CSCNCC1([32*])CC1;[23*]CSCNC[29*];[23*]CSCN[28*];[23*]CSC[27*];[24*]SCNCC1([32*])CC1;[24*]SCNC[29*];[24*]SCN[28*];[25*]CNCC1([32*])CC1;[25*]CNC[29*];[26*]NCC1([32*])CC1;[27*]CC1([32*])CC1;[3*]NC(=O)NC1(CNCSC[23*])CC1;[3*]NC(=O)NC1(CNCS[24*])CC1;[3*]NC(=O)NC1(CNC[25*])CC1;[3*]NC(=O)NC1(CN[26*])CC1;[3*]NC(=O)NC1(C[27*])CC1;[3*]NC(=O)NC1([28*])CC1;[3*]NC(=O)N[29*];[3*]NC([32*])=O;[7*]c1nc2ccc(C[18*])cc2[nH]1;[7*]c1nc2ccc([17*])cc2[nH]1;[8*]c1n[nH]cc1NC(=O)NC1([28*])CC1;[8*]c1n[nH]cc1NC(=O)N[29*];[8*]c1n[nH]cc1NC([32*])=O,,[1*]NC1(CNCSC[23*])CC1;[1*]NC1(CNCS[24*])CC1;[1*]NC1(CNC[25*])CC1;[1*]NC1(CN[26*])CC1;[1*]NC1(C[27*])CC1;[1*]Nc1c[nH]nc1[8*];[13*]CN1CCOCC1CSCNC[29*];[13*]CN1CCOCC1CSCN[28*];[13*]CN1CCOCC1CSC[27*];[13*]CN1CCOCC1CS[26*];[13*]CN1CCOCC1C[25*];[13*]CN1CCOCC1[24*];[17*]N1CCOCC1CSCNC[29*];[17*]N1CCOCC1CSCN[28*];[17*]N1CCOCC1CSC[27*];[17*]N1CCOCC1CS[26*];[17*]N1CCOCC1C[25*];[17*]N1CCOCC1[24*];[2*]C(=O)NC1(CNCSC[23*])CC1;[2*]C(=O)NC1(CNCS[24*])CC1;[2*]C(=O)NC1(CNC[25*])CC1;[2*]C(=O)NC1(CN[26*])CC1;[2*]C(=O)NC1(C[27*])CC1;[2*]C(=O)NC1([28*])CC1;[2*]C(=O)N[29*];[2*]c1c[nH]nc1[8*];[23*]CSCNCC1([32*])CC1;[23*]CSCNC[29*];[23*]CSCN[28*];[23*]CSC[27*];[24*]SCNCC1([32*])CC1;[24*]SCNC[29*];[24*]SCN[28*];[25*]CNCC1([32*])CC1;[25*]CNC[29*];[26*]NCC1([32*])CC1;[27*]CC1([32*])CC1;[3*]NC(=O)NC1(CNCSC[23*])CC1;[3*]NC(=O)NC1(CNCS[24*])CC1;[3*]NC(=O)NC1(CNC[25*])CC1;[3*]NC(=O)NC1(CN[26*])CC1;[3*]NC(=O)NC1(C[27*])CC1;[3*]NC(=O)NC1([28*])CC1;[3*]NC(=O)N[29*];[3*]NC([32*])=O;[7*]c1nc2ccc(C[18*])cc2[nH]1;[7*]c1nc2ccc([17*])cc2[nH]1;[8*]c1n[nH]cc1NC(=O)NC1([28*])CC1;[8*]c1n[nH]cc1NC(=O)N[29*];[8*]c1n[nH]cc1NC([32*])=O
CAND_397236a282,50,0,50,True,[1*]NC1(COCSC[23*])CC1;[1*]NC1(COCS[24*])CC1;[1*]NC1(COC[25*])CC1;[1*]NC1(CO[26*])CC1;[1*]NC1(C[27*])CC1;[1*]Nc1c[nH]nc1[8*];[13*]CN1CCOCC1CSCOC[29*];[13*]CN1CCOCC1CSCO[28*];[13*]CN1CCOCC1CSC[27*];[13*]CN1CCOCC1CS[26*];[13*]CN1CCOCC1C[25*];[13*]CN1CCOCC1[24*];[17*]N1CCOCC1CSCOC[29*];[17*]N1CCOCC1CSCO[28*];[17*]N1CCOCC1CSC[27*];[17*]N1CCOCC1CS[26*];[17*]N1CCOCC1C[25*];[17*]N1CCOCC1[24*];[2*]C(=O)NC1(COCSC[23*])CC1;[2*]C(=O)NC1(COCS[24*])CC1;[2*]C(=O)NC1(COC[25*])CC1;[2*]C(=O)NC1(CO[26*])CC1;[2*]C(=O)NC1(C[27*])CC1;[2*]C(=O)NC1([28*])CC1;[2*]C(=O)N[29*];[2*]c1c[nH]nc1[8*];[23*]CSCOCC1([32*])CC1;[23*]CSCOC[29*];[23*]CSCO[28*];[23*]CSC[27*];[24*]SCOCC1([32*])CC1;[24*]SCOC[29*];[24*]SCO[28*];[25*]COCC1([32*])CC1;[25*]COC[29*];[26*]OCC1([32*])CC1;[27*]CC1([32*])CC1;[3*]NC(=O)NC1(COCSC[23*])CC1;[3*]NC(=O)NC1(COCS[24*])CC1;[3*]NC(=O)NC1(COC[25*])CC1;[3*]NC(=O)NC1(CO[26*])CC1;[3*]NC(=O)NC1(C[27*])CC1;[3*]NC(=O)NC1([28*])CC1;[3*]NC(=O)N[29*];[3*]NC([32*])=O;[7*]c1nc2ccc(C[18*])cc2[nH]1;[7*]c1nc2ccc([17*])cc2[nH]1;[8*]c1n[nH]cc1NC(=O)NC1([28*])CC1;[8*]c1n[nH]cc1NC(=O)N[29*];[8*]c1n[nH]cc1NC([32*])=O,,[1*]NC1(COCSC[23*])CC1;[1*]NC1(COCS[24*])CC1;[1*]NC1(COC[25*])CC1;[1*]NC1(CO[26*])CC1;[1*]NC1(C[27*])CC1;[1*]Nc1c[nH]nc1[8*];[13*]CN1CCOCC1CSCOC[29*];[13*]CN1CCOCC1CSCO[28*];[13*]CN1CCOCC1CSC[27*];[13*]CN1CCOCC1CS[26*];[13*]CN1CCOCC1C[25*];[13*]CN1CCOCC1[24*];[17*]N1CCOCC1CSCOC[29*];[17*]N1CCOCC1CSCO[28*];[17*]N1CCOCC1CSC[27*];[17*]N1CCOCC1CS[26*];[17*]N1CCOCC1C[25*];[17*]N1CCOCC1[24*];[2*]C(=O)NC1(COCSC[23*])CC1;[2*]C(=O)NC1(COCS[24*])CC1;[2*]C(=O)NC1(COC[25*])CC1;[2*]C(=O)NC1(CO[26*])CC1;[2*]C(=O)NC1(C[27*])CC1;[2*]C(=O)NC1([28*])CC1;[2*]C(=O)N[29*];[2*]c1c[nH]nc1[8*];[23*]CSCOCC1([32*])CC1;[23*]CSCOC[29*];[23*]CSCO[28*];[23*]CSC[27*];[24*]SCOCC1([32*])CC1;[24*]SCOC[29*];[24*]SCO[28*];[25*]COCC1([32*])CC1;[25*]COC[29*];[26*]OCC1([32*])CC1;[27*]CC1([32*])CC1;[3*]NC(=O)NC1(COCSC[23*])CC1;[3*]NC(=O)NC1(COCS[24*])CC1;[3*]NC(=O)NC1(COC[25*])CC1;[3*]NC(=O)NC1(CO[26*])CC1;[3*]NC(=O)NC1(C[27*])CC1;[3*]NC(=O)NC1([28*])CC1;[3*]NC(=O)N[29*];[3*]NC([32*])=O;[7*]c1nc2ccc(C[18*])cc2[nH]1;[7*]c1nc2ccc([17*])cc2[nH]1;[8*]c1n[nH]cc1NC(=O)NC1([28*])CC1;[8*]c1n[nH]cc1NC(=O)N[29*];[8*]c1n[nH]cc1NC([32*])=O
CAND_09deb650c1,50,0,50,True,[1*]NC1(CCSCC[23*])CC1;[1*]NC1(CCSC[24*])CC1;[1*]NC1(CCS[25*])CC1;[1*]NC1(CC[26*])CC1;[1*]NC1(C[27*])CC1;[1*]Nc1c[nH]nc1[8*];[13*]CN1CCOCC1CCSCC[29*];[13*]CN1CCOCC1CCSC[28*];[13*]CN1CCOCC1CCS[27*];[13*]CN1CCOCC1CC[26*];[13*]CN1CCOCC1C[25*];[13*]CN1CCOCC1[24*];[17*]N1CCOCC1CCSCC[29*];[17*]N1CCOCC1CCSC[28*];[17*]N1CCOCC1CCS[27*];[17*]N1CCOCC1CC[26*];[17*]N1CCOCC1C[25*];[17*]N1CCOCC1[24*];[2*]C(=O)NC1(CCSCC[23*])CC1;[2*]C(=O)NC1(CCSC[24*])CC1;[2*]C(=O)NC1(CCS[25*])CC1;[2*]C(=O)NC1(CC[26*])CC1;[2*]C(=O)NC1(C[27*])CC1;[2*]C(=O)NC1([28*])CC1;[2*]C(=O)N[29*];[2*]c1c[nH]nc1[8*];[23*]CCSCCC1([32*])CC1;[23*]CCSCC[29*];[23*]CCSC[28*];[23*]CCS[27*];[24*]CSCCC1([32*])CC1;[24*]CSCC[29*];[24*]CSC[28*];[25*]SCCC1([32*])CC1;[25*]SCC[29*];[26*]CCC1([32*])CC1;[27*]CC1([32*])CC1;[3*]NC(=O)NC1(CCSCC[23*])CC1;[3*]NC(=O)NC1(CCSC[24*])CC1;[3*]NC(=O)NC1(CCS[25*])CC1;[3*]NC(=O)NC1(CC[26*])CC1;[3*]NC(=O)NC1(C[27*])CC1;[3*]NC(=O)NC1([28*])CC1;[3*]NC(=O)N[29*];[3*]NC([32*])=O;[7*]c1nc2ccc(C[18*])cc2[nH]1;[7*]c1nc2ccc([17*])cc2[nH]1;[8*]c1n[nH]cc1NC(=O)NC1([28*])CC1;[8*]c1n[nH]cc1NC(=O)N[29*];[8*]c1n[nH]cc1NC([32*])=O,,[1*]NC1(CCSCC[23*])CC1;[1*]NC1(CCSC[24*])CC1;[1*]NC1(CCS[25*])CC1;[1*]NC1(CC[26*])CC1;[1*]NC1(C[27*])CC1;[1*]Nc1c[nH]nc1[8*];[13*]CN1CCOCC1CCSCC[29*];[13*]CN1CCOCC1CCSC[28*];[13*]CN1CCOCC1CCS[27*];[13*]CN1CCOCC1CC[26*];[13*]CN1CCOCC1C[25*];[13*]CN1CCOCC1[24*];[17*]N1CCOCC1CCSCC[29*];[17*]N1CCOCC1CCSC[28*];[17*]N1CCOCC1CCS[27*];[17*]N1CCOCC1CC[26*];[17*]N1CCOCC1C[25*];[17*]N1CCOCC1[24*];[2*]C(=O)NC1(CCSCC[23*])CC1;[2*]C(=O)NC1(CCSC[24*])CC1;[2*]C(=O)NC1(CCS[25*])CC1;[2*]C(=O)NC1(CC[26*])CC1;[2*]C(=O)NC1(C[27*])CC1;[2*]C(=O)NC1([28*])CC1;[2*]C(=O)N[29*];[2*]c1c[nH]nc1[8*];[23*]CCSCCC1([32*])CC1;[23*]CCSCC[29*];[23*]CCSC[28*];[23*]CCS[27*];[24*]CSCCC1([32*])CC1;[24*]CSCC[29*];[24*]CSC[28*];[25*]SCCC1([32*])CC1;[25*]SCC[29*];[26*]CCC1([32*])CC1;[27*]CC1([32*])CC1;[3*]NC(=O)NC1(CCSCC[23*])CC1;[3*]NC(=O)NC1(CCSC[24*])CC1;[3*]NC(=O)NC1(CCS[25*])CC1;[3*]NC(=O)NC1(CC[26*])CC1;[3*]NC(=O)NC1(C[27*])CC1;[3*]NC(=O)NC1([28*])CC1;[3*]NC(=O)N[29*];[3*]NC([32*])=O;[7*]c1nc2ccc(C[18*])cc2[nH]1;[7*]c1nc2ccc([17*])cc2[nH]1;[8*]c1n[nH]cc1NC(=O)NC1([28*])CC1;[8*]c1n[nH]cc1NC(=O)N[29*];[8*]c1n[nH]cc1NC([32*])=O
CAND_841eb7c5fb,50,0,50,True,[1*]NC1(CNCOC[23*])CC1;[1*]NC1(CNCO[24*])CC1;[1*]NC1(CNC[25*])CC1;[1*]NC1(CN[26*])CC1;[1*]NC1(C[27*])CC1;[1*]Nc1c[nH]nc1[8*];[13*]CN1CCOCC1COCNC[29*];[13*]CN1CCOCC1COCN[28*];[13*]CN1CCOCC1COC[27*];[13*]CN1CCOCC1CO[26*];[13*]CN1CCOCC1C[25*];[13*]CN1CCOCC1[24*];[17*]N1CCOCC1COCNC[29*];[17*]N1CCOCC1COCN[28*];[17*]N1CCOCC1COC[27*];[17*]N1CCOCC1CO[26*];[17*]N1CCOCC1C[25*];[17*]N1CCOCC1[24*];[2*]C(=O)NC1(CNCOC[23*])CC1;[2*]C(=O)NC1(CNCO[24*])CC1;[2*]C(=O)NC1(CNC[25*])CC1;[2*]C(=O)NC1(CN[26*])CC1;[2*]C(=O)NC1(C[27*])CC1;[2*]C(=O)NC1([28*])CC1;[2*]C(=O)N[29*];[2*]c1c[nH]nc1[8*];[23*]COCNCC1([32*])CC1;[23*]COCNC[29*];[23*]COCN[28*];[23*]COC[27*];[24*]OCNCC1([32*])CC1;[24*]OCNC[29*];[24*]OCN[28*];[25*]CNCC1([32*])CC1;[25*]CNC[29*];[26*]NCC1([32*])CC1;[27*]CC1([32*])CC1;[3*]NC(=O)NC1(CNCOC[23*])CC1;[3*]NC(=O)NC1(CNCO[24*])CC1;[3*]NC(=O)NC1(CNC[25*])CC1;[3*]NC(=O)NC1(CN[26*])CC1;[3*]NC(=O)NC1(C[27*])CC1;[3*]NC(=O)NC1([28*])CC1;[3*]NC(=O)N[29*];[3*]NC([32*])=O;[7*]c1nc2ccc(C[18*])cc2[nH]1;[7*]c1nc2ccc([17*])cc2[nH]1;[8*]c1n[nH]cc1NC(=O)NC1([28*])CC1;[8*]c1n[nH]cc1NC(=O)N[29*];[8*]c1n[nH]cc1NC([32*])=O,,[1*]NC1(CNCOC[23*])CC1;[1*]NC1(CNCO[24*])CC1;[1*]NC1(CNC[25*])CC1;[1*]NC1(CN[26*])CC1;[1*]NC1(C[27*])CC1;[1*]Nc1c[nH]nc1[8*];[13*]CN1CCOCC1COCNC[29*];[13*]CN1CCOCC1COCN[28*];[13*]CN1CCOCC1COC[27*];[13*]CN1CCOCC1CO[26*];[13*]CN1CCOCC1C[25*];[13*]CN1CCOCC1[24*];[17*]N1CCOCC1COCNC[29*];[17*]N1CCOCC1COCN[28*];[17*]N1CCOCC1COC[27*];[17*]N1CCOCC1CO[26*];[17*]N1CCOCC1C[25*];[17*]N1CCOCC1[24*];[2*]C(=O)NC1(CNCOC[23*])CC1;[2*]C(=O)NC1(CNCO[24*])CC1;[2*]C(=O)NC1(CNC[25*])CC1;[2*]C(=O)NC1(CN[26*])CC1;[2*]C(=O)NC1(C[27*])CC1;[2*]C(=O)NC1([28*])CC1;[2*]C(=O)N[29*];[2*]c1c[nH]nc1[8*];[23*]COCNCC1([32*])CC1;[23*]COCNC[29*];[23*]COCN[28*];[23*]COC[27*];[24*]OCNCC1([32*])CC1;[24*]OCNC[29*];[24*]OCN[28*];[25*]CNCC1([32*])CC1;[25*]CNC[29*];[26*]NCC1([32*])CC1;[27*]CC1([32*])CC1;[3*]NC(=O)NC1(CNCOC[23*])CC1;[3*]NC(=O)NC1(CNCO[24*])CC1;[3*]NC(=O)NC1(CNC[25*])CC1;[3*]NC(=O)NC1(CN[26*])CC1;[3*]NC(=O)NC1(C[27*])CC1;[3*]NC(=O)NC1([28*])CC1;[3*]NC(=O)N[29*];[3*]NC([32*])=O;[7*]c1nc2ccc(C[18*])cc2[nH]1;[7*]c1nc2ccc([17*])cc2[nH]1;[8*]c1n[nH]cc1NC(=O)NC1([28*])CC1;[8*]c1n[nH]cc1NC(=O)N[29*];[8*]c1n[nH]cc1NC([32*])=O
CAND_9135a8a32f,50,0,50,True,[1*]NC1(CCOCSC[23*])CC1;[1*]NC1(CCOCS[24*])CC1;[1*]Nc1c[nH]nc1[8*];[13*]CN1CCOCC1CSCOC[29*];[13*]CN1CCOCC1CSCO[28*];[13*]CN1CCOCC1CSC[27*];[13*]CN1CCOCC1CS[26*];[13*]CN1CCOCC1C[25*];[13*]CN1CCOCC1[24*];[17*]N1CCOCC1CSCOCC[30*];[17*]N1CCOCC1CSCOC[29*];[17*]N1CCOCC1CSCO[28*];[17*]N1CCOCC1CSC[27*];[17*]N1CCOCC1CS[26*];[17*]N1CCOCC1C[25*];[17*]N1CCOCC1[24*];[2*]C(=O)NC1(CCOCSC[23*])CC1;[2*]C(=O)NC1(CCOCS[24*])CC1;[2*]C(=O)NC1(CCOC[25*])CC1;[2*]C(=O)NC1(CCO[26*])CC1;[2*]C(=O)NC1(CC[27*])CC1;[2*]C(=O)NC1(C[28*])CC1;[2*]C(=O)NC1([29*])CC1;[2*]C(=O)N[30*];[2*]c1c[nH]nc1[8*];[23*]CSCOCCC1([33*])CC1;[23*]CSCOCC[30*];[23*]CSCOC[29*];[23*]CSCO[28*];[23*]CSC[27*];[24*]SCOCCC1([33*])CC1;[24*]SCOCC[30*];[24*]SCOC[29*];[24*]SCO[28*];[25*]COCCC1([33*])CC1;[25*]COCC[30*];[25*]COC[29*];[3*]NC(=O)NC1(CCOCS[24*])CC1;[3*]NC(=O)NC1(CCOC[25*])CC1;[3*]NC(=O)NC1(CCO[26*])CC1;[3*]NC(=O)NC1(CC[27*])CC1;[3*]NC(=O)NC1(C[28*])CC1;[3*]NC(=O)NC1([29*])CC1;[3*]NC(=O)N[30*];[3*]NC([33*])=O;[7*]c1nc2ccc(C[18*])cc2[nH]1;[7*]c1nc2ccc([17*])cc2[nH]1;[8*]c1n[nH]cc1NC(=O)NC1([29*])CC1;[8*]c1n[nH]cc1NC(=O)N[30*];[8*]c1n[nH]cc1NC([33*])=O,,[1*]NC1(CCOCSC[23*])CC1;[1*]NC1(CCOCS[24*])CC1;[1*]Nc1c[nH]nc1[8*];[13*]CN1CCOCC1CSCOC[29*];[13*]CN1CCOCC1CSCO[28*];[13*]CN1CCOCC1CSC[27*];[13*]CN1CCOCC1CS[26*];[13*]CN1CCOCC1C[25*];[13*]CN1CCOCC1[24*];[17*]N1CCOCC1CSCOCC[30*];[17*]N1CCOCC1CSCOC[29*];[17*]N1CCOCC1CSCO[28*];[17*]N1CCOCC1CSC[27*];[17*]N1CCOCC1CS[26*];[17*]N1CCOCC1C[25*];[17*]N1CCOCC1[24*];[2*]C(=O)NC1(CCOCSC[23*])CC1;[2*]C(=O)NC1(CCOCS[24*])CC1;[2*]C(=O)NC1(CCOC[25*])CC1;[2*]C(=O)NC1(CCO[26*])CC1;[2*]C(=O)NC1(CC[27*])CC1;[2*]C(=O)NC1(C[28*])CC1;[2*]C(=O)NC1([29*])CC1;[2*]C(=O)N[30*];[2*]c1c[nH]nc1[8*];[23*]CSCOCCC1([33*])CC1;[23*]CSCOCC[30*];[23*]CSCOC[29*];[23*]CSCO[28*];[23*]CSC[27*];[24*]SCOCCC1([33*])CC1;[24*]SCOCC[30*];[24*]SCOC[29*];[24*]SCO[28*];[25*]COCCC1([33*])CC1;[25*]COCC[30*];[25*]COC[29*];[3*]NC(=O)NC1(CCOCS[24*])CC1;[3*]NC(=O)NC1(CCOC[25*])CC1;[3*]NC(=O)NC1(CCO[26*])CC1;[3*]NC(=O)NC1(CC[27*])CC1;[3*]NC(=O)NC1(C[28*])CC1;[3*]NC(=O)NC1([29*])CC1;[3*]NC(=O)N[30*];[3*]NC([33*])=O;[7*]c1nc2ccc(C[18*])cc2[nH]1;[7*]c1nc2ccc([17*])cc2[nH]1;[8*]c1n[nH]cc1NC(=O)NC1([29*])CC1;[8*]c1n[nH]cc1NC(=O)N[30*];[8*]c1n[nH]cc1NC([33*])=O
CAND_3127611afb,50,0,50,True,[1*]NC1(CCNCOC[23*])CC1;[1*]NC1(CCNCO[24*])CC1;[1*]Nc1c[nH]nc1[8*];[13*]CN1CCOCC1COCNC[29*];[13*]CN1CCOCC1COCN[28*];[13*]CN1CCOCC1COC[27*];[13*]CN1CCOCC1CO[26*];[13*]CN1CCOCC1C[25*];[13*]CN1CCOCC1[24*];[17*]N1CCOCC1COCNCC[30*];[17*]N1CCOCC1COCNC[29*];[17*]N1CCOCC1COCN[28*];[17*]N1CCOCC1COC[27*];[17*]N1CCOCC1CO[26*];[17*]N1CCOCC1C[25*];[17*]N1CCOCC1[24*];[2*]C(=O)NC1(CCNCOC[23*])CC1;[2*]C(=O)NC1(CCNCO[24*])CC1;[2*]C(=O)NC1(CCNC[25*])CC1;[2*]C(=O)NC1(CCN[26*])CC1;[2*]C(=O)NC1(CC[27*])CC1;[2*]C(=O)NC1(C[28*])CC1;[2*]C(=O)NC1([29*])CC1;[2*]C(=O)N[30*];[2*]c1c[nH]nc1[8*];[23*]COCNCCC1([33*])CC1;[23*]COCNCC[30*];[23*]COCNC[29*];[23*]COCN[28*];[23*]COC[27*];[24*]OCNCCC1([33*])CC1;[24*]OCNCC[30*];[24*]OCNC[29*];[24*]OCN[28*];[25*]CNCCC1([33*])CC1;[25*]CNCC[30*];[25*]CNC[29*];[3*]NC(=O)NC1(CCNCO[24*])CC1;[3*]NC(=O)NC1(CCNC[25*])CC1;[3*]NC(=O)NC1(CCN[26*])CC1;[3*]NC(=O)NC1(CC[27*])CC1;[3*]NC(=O)NC1(C[28*])CC1;[3*]NC(=O)NC1([29*])CC1;[3*]NC(=O)N[30*];[3*]NC([33*])=O;[7*]c1nc2ccc(C[18*])cc2[nH]1;[7*]c1nc2ccc([17*])cc2[nH]1;[8*]c1n[nH]cc1NC(=O)NC1([29*])CC1;[8*]c1n[nH]cc1NC(=O)N[30*];[8*]c1n[nH]cc1NC([33*])=O,,[1*]NC1(CCNCOC[23*])CC1;[1*]NC1(CCNCO[24*])CC1;[1*]Nc1c[nH]nc1[8*];[13*]CN1CCOCC1COCNC[29*];[13*]CN1CCOCC1COCN[28*];[13*]CN1CCOCC1COC[27*];[13*]CN1CCOCC1CO[26*];[13*]CN1CCOCC1C[25*];[13*]CN1CCOCC1[24*];[17*]N1CCOCC1COCNCC[30*];[17*]N1CCOCC1COCNC[29*];[17*]N1CCOCC1COCN[28*];[17*]N1CCOCC1COC[27*];[17*]N1CCOCC1CO[26*];[17*]N1CCOCC1C[25*];[17*]N1CCOCC1[24*];[2*]C(=O)NC1(CCNCOC[23*])CC1;[2*]C(=O)NC1(CCNCO[24*])CC1;[2*]C(=O)NC1(CCNC[25*])CC1;[2*]C(=O)NC1(CCN[26*])CC1;[2*]C(=O)NC1(CC[27*])CC1;[2*]C(=O)NC1(C[28*])CC1;[2*]C(=O)NC1([29*])CC1;[2*]C(=O)N[30*];[2*]c1c[nH]nc1[8*];[23*]COCNCCC1([33*])CC1;[23*]COCNCC[30*];[23*]COCNC[29*];[23*]COCN[28*];[23*]COC[27*];[24*]OCNCCC1([33*])CC1;[24*]OCNCC[30*];[24*]OCNC[29*];[24*]OCN[28*];[25*]CNCCC1([33*])CC1;[25*]CNCC[30*];[25*]CNC[29*];[3*]NC(=O)NC1(CCNCO[24*])CC1;[3*]NC(=O)NC1(CCNC[25*])CC1;[3*]NC(=O)NC1(CCN[26*])CC1;[3*]NC(=O)NC1(CC[27*])CC1;[3*]NC(=O)NC1(C[28*])CC1;[3*]NC(=O)NC1([29*])CC1;[3*]NC(=O)N[30*];[3*]NC([33*])=O;[7*]c1nc2ccc(C[18*])cc2[nH]1;[7*]c1nc2ccc([17*])cc2[nH]1;[8*]c1n[nH]cc1NC(=O)NC1([29*])CC1;[8*]c1n[nH]cc1NC(=O)N[30*];[8*]c1n[nH]cc1NC([33*])=O
CAND_2c6487f65c,50,0,50,True,[1*]NC1(CCSCSC[23*])CC1;[1*]NC1(CCSCS[24*])CC1;[1*]Nc1c[nH]nc1[8*];[13*]CN1CCOCC1CSCSC[29*];[13*]CN1CCOCC1CSCS[28*];[13*]CN1CCOCC1CSC[27*];[13*]CN1CCOCC1CS[26*];[13*]CN1CCOCC1C[25*];[13*]CN1CCOCC1[24*];[17*]N1CCOCC1CSCSCC[30*];[17*]N1CCOCC1CSCSC[29*];[17*]N1CCOCC1CSCS[28*];[17*]N1CCOCC1CSC[27*];[17*]N1CCOCC1CS[26*];[17*]N1CCOCC1C[25*];[17*]N1CCOCC1[24*];[2*]C(=O)NC1(CCSCSC[23*])CC1;[2*]C(=O)NC1(CCSCS[24*])CC1;[2*]C(=O)NC1(CCSC[25*])CC1;[2*]C(=O)NC1(CCS[26*])CC1;[2*]C(=O)NC1(CC[27*])CC1;[2*]C(=O)NC1(C[28*])CC1;[2*]C(=O)NC1([29*])CC1;[2*]C(=O)N[30*];[2*]c1c[nH]nc1[8*];[23*]CSCSCCC1([33*])CC1;[23*]CSCSCC[30*];[23*]CSCSC[29*];[23*]CSCS[28*];[23*]CSC[27*];[24*]SCSCCC1([33*])CC1;[24*]SCSCC[30*];[24*]SCSC[29*];[24*]SCS[28*];[25*]CSCCC1([33*])CC1;[25*]CSCC[30*];[25*]CSC[29*];[3*]NC(=O)NC1(CCSCS[24*])CC1;[3*]NC(=O)NC1(CCSC[25*])CC1;[3*]NC(=O)NC1(CCS[26*])CC1;[3*]NC(=O)NC1(CC[27*])CC1;[3*]NC(=O)NC1(C[28*])CC1;[3*]NC(=O)NC1([29*])CC1;[3*]NC(=O)N[30*];[3*]NC([33*])=O;[7*]c1nc2ccc(C[18*])cc2[nH]1;[7*]c1nc2ccc([17*])cc2[nH]1;[8*]c1n[nH]cc1NC(=O)NC1([29*])CC1;[8*]c1n[nH]cc1NC(=O)N[30*];[8*]c1n[nH]cc1NC([33*])=O,,[1*]NC1(CCSCSC[23*])CC1;[1*]NC1(CCSCS[24*])CC1;[1*]Nc1c[nH]nc1[8*];[13*]CN1CCOCC1CSCSC[29*];[13*]CN1CCOCC1CSCS[28*];[13*]CN1CCOCC1CSC[27*];[13*]CN1CCOCC1CS[26*];[13*]CN1CCOCC1C[25*];[13*]CN1CCOCC1[24*];[17*]N1CCOCC1CSCSCC[30*];[17*]N1CCOCC1CSCSC[29*];[17*]N1CCOCC1CSCS[28*];[17*]N1CCOCC1CSC[27*];[17*]N1CCOCC1CS[26*];[17*]N1CCOCC1C[25*];[17*]N1CCOCC1[24*];[2*]C(=O)NC1(CCSCSC[23*])CC1;[2*]C(=O)NC1(CCSCS[24*])CC1;[2*]C(=O)NC1(CCSC[25*])CC1;[2*]C(=O)NC1(CCS[26*])CC1;[2*]C(=O)NC1(CC[27*])CC1;[2*]C(=O)NC1(C[28*])CC1;[2*]C(=O)NC1([29*])CC1;[2*]C(=O)N[30*];[2*]c1c[nH]nc1[8*];[23*]CSCSCCC1([33*])CC1;[23*]CSCSCC[30*];[23*]CSCSC[29*];[23*]CSCS[28*];[23*]CSC[27*];[24*]SCSCCC1([33*])CC1;[24*]SCSCC[30*];[24*]SCSC[29*];[24*]SCS[28*];[25*]CSCCC1([33*])CC1;[25*]CSCC[30*];[25*]CSC[29*];[3*]NC(=O)NC1(CCSCS[24*])CC1;[3*]NC(=O)NC1(CCSC[25*])CC1;[3*]NC(=O)NC1(CCS[26*])CC1;[3*]NC(=O)NC1(CC[27*])CC1;[3*]NC(=O)NC1(C[28*])CC1;[3*]NC(=O)NC1([29*])CC1;[3*]NC(=O)N[30*];[3*]NC([33*])=O;[7*]c1nc2ccc(C[18*])cc2[nH]1;[7*]c1nc2ccc([17*])cc2[nH]1;[8*]c1n[nH]cc1NC(=O)NC1([29*])CC1;[8*]c1n[nH]cc1NC(=O)N[30*];[8*]c1n[nH]cc1NC([33*])=O
CAND_e15d377ff6,50,0,50,True,[1*]NC1(CCNCSC[23*])CC1;[1*]NC1(CCNCS[24*])CC1;[1*]Nc1c[nH]nc1[8*];[13*]CN1CCOCC1CSCNC[29*];[13*]CN1CCOCC1CSCN[28*];[13*]CN1CCOCC1CSC[27*];[13*]CN1CCOCC1CS[26*];[13*]CN1CCOCC1C[25*];[13*]CN1CCOCC1[24*];[17*]N1CCOCC1CSCNCC[30*];[17*]N1CCOCC1CSCNC[29*];[17*]N1CCOCC1CSCN[28*];[17*]N1CCOCC1CSC[27*];[17*]N1CCOCC1CS[26*];[17*]N1CCOCC1C[25*];[17*]N1CCOCC1[24*];[2*]C(=O)NC1(CCNCSC[23*])CC1;[2*]C(=O)NC1(CCNCS[24*])CC1;[2*]C(=O)NC1(CCNC[25*])CC1;[2*]C(=O)NC1(CCN[26*])CC1;[2*]C(=O)NC1(CC[27*])CC1;[2*]C(=O)NC1(C[28*])CC1;[2*]C(=O)NC1([29*])CC1;[2*]C(=O)N[30*];[2*]c1c[nH]nc1[8*];[23*]CSCNCCC1([33*])CC1;[23*]CSCNCC[30*];[23*]CSCNC[29*];[23*]CSCN[28*];[23*]CSC[27*];[24*]SCNCCC1([33*])CC1;[24*]SCNCC[30*];[24*]SCNC[29*];[24*]SCN[28*];[25*]CNCCC1([33*])CC1;[25*]CNCC[30*];[25*]CNC[29*];[3*]NC(=O)NC1(CCNCS[24*])CC1;[3*]NC(=O)NC1(CCNC[25*])CC1;[3*]NC(=O)NC1(CCN[26*])CC1;[3*]NC(=O)NC1(CC[27*])CC1;[3*]NC(=O)NC1(C[28*])CC1;[3*]NC(=O)NC1([29*])CC1;[3*]NC(=O)N[30*];[3*]NC([33*])=O;[7*]c1nc2ccc(C[18*])cc2[nH]1;[7*]c1nc2ccc([17*])cc2[nH]1;[8*]c1n[nH]cc1NC(=O)NC1([29*])CC1;[8*]c1n[nH]cc1NC(=O)N[30*];[8*]c1n[nH]cc1NC([33*])=O,,[1*]NC1(CCNCSC[23*])CC1;[1*]NC1(CCNCS[24*])CC1;[1*]Nc1c[nH]nc1[8*];[13*]CN1CCOCC1CSCNC[29*];[13*]CN1CCOCC1CSCN[28*];[13*]CN1CCOCC1CSC[27*];[13*]CN1CCOCC1CS[26*];[13*]CN1CCOCC1C[25*];[13*]CN1CCOCC1[24*];[17*]N1CCOCC1CSCNCC[30*];[17*]N1CCOCC1CSCNC[29*];[17*]N1CCOCC1CSCN[28*];[17*]N1CCOCC1CSC[27*];[17*]N1CCOCC1CS[26*];[17*]N1CCOCC1C[25*];[17*]N1CCOCC1[24*];[2*]C(=O)NC1(CCNCSC[23*])CC1;[2*]C(=O)NC1(CCNCS[24*])CC1;[2*]C(=O)NC1(CCNC[25*])CC1;[2*]C(=O)NC1(CCN[26*])CC1;[2*]C(=O)NC1(CC[27*])CC1;[2*]C(=O)NC1(C[28*])CC1;[2*]C(=O)NC1([29*])CC1;[2*]C(=O)N[30*];[2*]c1c[nH]nc1[8*];[23*]CSCNCCC1([33*])CC1;[23*]CSCNCC[30*];[23*]CSCNC[29*];[23*]CSCN[28*];[23*]CSC[27*];[24*]SCNCCC1([33*])CC1;[24*]SCNCC[30*];[24*]SCNC[29*];[24*]SCN[28*];[25*]CNCCC1([33*])CC1;[25*]CNCC[30*];[25*]CNC[29*];[3*]NC(=O)NC1(CCNCS[24*])CC1;[3*]NC(=O)NC1(CCNC[25*])CC1;[3*]NC(=O)NC1(CCN[26*])CC1;[3*]NC(=O)NC1(CC[27*])CC1;[3*]NC(=O)NC1(C[28*])CC1;[3*]NC(=O)NC1([29*])CC1;[3*]NC(=O)N[30*];[3*]NC([33*])=O;[7*]c1nc2ccc(C[18*])cc2[nH]1;[7*]c1nc2ccc([17*])cc2[nH]1;[8*]c1n[nH]cc1NC(=O)NC1([29*])CC1;[8*]c1n[nH]cc1NC(=O)N[30*];[8*]c1n[nH]cc1NC([33*])=O
CAND_f4705e122e,50,0,50,True,[1*]NC1(CCCSCC[23*])CC1;[1*]NC1(CCCSC[24*])CC1;[1*]Nc1c[nH]nc1[8*];[13*]CN1CCOCC1CCSCC[29*];[13*]CN1CCOCC1CCSC[28*];[13*]CN1CCOCC1CCS[27*];[13*]CN1CCOCC1CC[26*];[13*]CN1CCOCC1C[25*];[13*]CN1CCOCC1[24*];[17*]N1CCOCC1CCSCCC[30*];[17*]N1CCOCC1CCSCC[29*];[17*]N1CCOCC1CCSC[28*];[17*]N1CCOCC1CCS[27*];[17*]N1CCOCC1CC[26*];[17*]N1CCOCC1C[25*];[17*]N1CCOCC1[24*];[2*]C(=O)NC1(CCCSCC[23*])CC1;[2*]C(=O)NC1(CCCSC[24*])CC1;[2*]C(=O)NC1(CCCS[25*])CC1;[2*]C(=O)NC1(CCC[26*])CC1;[2*]C(=O)NC1(CC[27*])CC1;[2*]C(=O)NC1(C[28*])CC1;[2*]C(=O)NC1([29*])CC1;[2*]C(=O)N[30*];[2*]c1c[nH]nc1[8*];[23*]CCSCCCC1([33*])CC1;[23*]CCSCCC[30*];[23*]CCSCC[29*];[23*]CCSC[28*];[23*]CCS[27*];[24*]CSCCCC1([33*])CC1;[24*]CSCCC[30*];[24*]CSCC[29*];[24*]CSC[28*];[25*]SCCCC1([33*])CC1;[25*]SCCC[30*];[25*]SCC[29*];[3*]NC(=O)NC1(CCCSC[24*])CC1;[3*]NC(=O)NC1(CCCS[25*])CC1;[3*]NC(=O)NC1(CCC[26*])CC1;[3*]NC(=O)NC1(CC[27*])CC1;[3*]NC(=O)NC1(C[28*])CC1;[3*]NC(=O)NC1([29*])CC1;[3*]NC(=O)N[30*];[3*]NC([33*])=O;[7*]c1nc2ccc(C[18*])cc2[nH]1;[7*]c1nc2ccc([17*])cc2[nH]1;[8*]c1n[nH]cc1NC(=O)NC1([29*])CC1;[8*]c1n[nH]cc1NC(=O)N[30*];[8*]c1n[nH]cc1NC([33*])=O,,[1*]NC1(CCCSCC[23*])CC1;[1*]NC1(CCCSC[24*])CC1;[1*]Nc1c[nH]nc1[8*];[13*]CN1CCOCC1CCSCC[29*];[13*]CN1CCOCC1CCSC[28*];[13*]CN1CCOCC1CCS[27*];[13*]CN1CCOCC1CC[26*];[13*]CN1CCOCC1C[25*];[13*]CN1CCOCC1[24*];[17*]N1CCOCC1CCSCCC[30*];[17*]N1CCOCC1CCSCC[29*];[17*]N1CCOCC1CCSC[28*];[17*]N1CCOCC1CCS[27*];[17*]N1CCOCC1CC[26*];[17*]N1CCOCC1C[25*];[17*]N1CCOCC1[24*];[2*]C(=O)NC1(CCCSCC[23*])CC1;[2*]C(=O)NC1(CCCSC[24*])CC1;[2*]C(=O)NC1(CCCS[25*])CC1;[2*]C(=O)NC1(CCC[26*])CC1;[2*]C(=O)NC1(CC[27*])CC1;[2*]C(=O)NC1(C[28*])CC1;[2*]C(=O)NC1([29*])CC1;[2*]C(=O)N[30*];[2*]c1c[nH]nc1[8*];[23*]CCSCCCC1([33*])CC1;[23*]CCSCCC[30*];[23*]CCSCC[29*];[23*]CCSC[28*];[23*]CCS[27*];[24*]CSCCCC1([33*])CC1;[24*]CSCCC[30*];[24*]CSCC[29*];[24*]CSC[28*];[25*]SCCCC1([33*])CC1;[25*]SCCC[30*];[25*]SCC[29*];[3*]NC(=O)NC1(CCCSC[24*])CC1;[3*]NC(=O)NC1(CCCS[25*])CC1;[3*]NC(=O)NC1(CCC[26*])CC1;[3*]NC(=O)NC1(CC[27*])CC1;[3*]NC(=O)NC1(C[28*])CC1;[3*]NC(=O)NC1([29*])CC1;[3*]NC(=O)N[30*];[3*]NC([33*])=O;[7*]c1nc2ccc(C[18*])cc2[nH]1;[7*]c1nc2ccc([17*])cc2[nH]1;[8*]c1n[nH]cc1NC(=O)NC1([29*])CC1;[8*]c1n[nH]cc1NC(=O)N[30*];[8*]c1n[nH]cc1NC([33*])=O
CAND_e939b80243,50,0,50,True,[1*]NC1(CCOCOC[23*])CC1;[1*]NC1(CCOCO[24*])CC1;[1*]Nc1c[nH]nc1[8*];[13*]CN1CCOCC1COCOC[29*];[13*]CN1CCOCC1COCO[28*];[13*]CN1CCOCC1COC[27*];[13*]CN1CCOCC1CO[26*];[13*]CN1CCOCC1C[25*];[13*]CN1CCOCC1[24*];[17*]N1CCOCC1COCOCC[30*];[17*]N1CCOCC1COCOC[29*];[17*]N1CCOCC1COCO[28*];[17*]N1CCOCC1COC[27*];[17*]N1CCOCC1CO[26*];[17*]N1CCOCC1C[25*];[17*]N1CCOCC1[24*];[2*]C(=O)NC1(CCOCOC[23*])CC1;[2*]C(=O)NC1(CCOCO[24*])CC1;[2*]C(=O)NC1(CCOC[25*])CC1;[2*]C(=O)NC1(CCO[26*])CC1;[2*]C(=O)NC1(CC[27*])CC1;[2*]C(=O)NC1(C[28*])CC1;[2*]C(=O)NC1([29*])CC1;[2*]C(=O)N[30*];[2*]c1c[nH]nc1[8*];[23*]COCOCCC1([33*])CC1;[23*]COCOCC[30*];[23*]COCOC[29*];[23*]COCO[28*];[23*]COC[27*];[24*]OCOCCC1([33*])CC1;[24*]OCOCC[30*];[24*]OCOC[29*];[24*]OCO[28*];[25*]COCCC1([33*])CC1;[25*]COCC[30*];[25*]COC[29*];[3*]NC(=O)NC1(CCOCO[24*])CC1;[3*]NC(=O)NC1(CCOC[25*])CC1;[3*]NC(=O)NC1(CCO[26*])CC1;[3*]NC(=O)NC1(CC[27*])CC1;[3*]NC(=O)NC1(C[28*])CC1;[3*]NC(=O)NC1([29*])CC1;[3*]NC(=O)N[30*];[3*]NC([33*])=O;[7*]c1nc2ccc(C[18*])cc2[nH]1;[7*]c1nc2ccc([17*])cc2[nH]1;[8*]c1n[nH]cc1NC(=O)NC1([29*])CC1;[8*]c1n[nH]cc1NC(=O)N[30*];[8*]c1n[nH]cc1NC([33*])=O,,[1*]NC1(CCOCOC[23*])CC1;[1*]NC1(CCOCO[24*])CC1;[1*]Nc1c[nH]nc1[8*];[13*]CN1CCOCC1COCOC[29*];[13*]CN1CCOCC1COCO[28*];[13*]CN1CCOCC1COC[27*];[13*]CN1CCOCC1CO[26*];[13*]CN1CCOCC1C[25*];[13*]CN1CCOCC1[24*];[17*]N1CCOCC1COCOCC[30*];[17*]N1CCOCC1COCOC[29*];[17*]N1CCOCC1COCO[28*];[17*]N1CCOCC1COC[27*];[17*]N1CCOCC1CO[26*];[17*]N1CCOCC1C[25*];[17*]N1CCOCC1[24*];[2*]C(=O)NC1(CCOCOC[23*])CC1;[2*]C(=O)NC1(CCOCO[24*])CC1;[2*]C(=O)NC1(CCOC[25*])CC1;[2*]C(=O)NC1(CCO[26*])CC1;[2*]C(=O)NC1(CC[27*])CC1;[2*]C(=O)NC1(C[28*])CC1;[2*]C(=O)NC1([29*])CC1;[2*]C(=O)N[30*];[2*]c1c[nH]nc1[8*];[23*]COCOCCC1([33*])CC1;[23*]COCOCC[30*];[23*]COCOC[29*];[23*]COCO[28*];[23*]COC[27*];[24*]OCOCCC1([33*])CC1;[24*]OCOCC[30*];[24*]OCOC[29*];[24*]OCO[28*];[25*]COCCC1([33*])CC1;[25*]COCC[30*];[25*]COC[29*];[3*]NC(=O)NC1(CCOCO[24*])CC1;[3*]NC(=O)NC1(CCOC[25*])CC1;[3*]NC(=O)NC1(CCO[26*])CC1;[3*]NC(=O)NC1(CC[27*])CC1;[3*]NC(=O)NC1(C[28*])CC1;[3*]NC(=O)NC1([29*])CC1;[3*]NC(=O)N[30*];[3*]NC([33*])=O;[7*]c1nc2ccc(C[18*])cc2[nH]1;[7*]c1nc2ccc([17*])cc2[nH]1;[8*]c1n[nH]cc1NC(=O)NC1([29*])CC1;[8*]c1n[nH]cc1NC(=O)N[30*];[8*]c1n[nH]cc1NC([33*])=O
CAND_da006e9e54,18,0,18,True,[12*]c1ccc([22*])nn1;[19*]N1CCS(=O)(=O)CC1CNC[33*];[19*]N1CCS(=O)(=O)CC1CN[32*];[19*]N1CCS(=O)(=O)CC1C[31*];[19*]N1CCS(=O)(=O)CC1[30*];[29*]CNCC1([36*])CC1;[29*]CNCC1([C@@H]([41*])C(F)(F)F)CC1;[29*]CNC[33*];[30*]NCC1([36*])CC1;[30*]NCC1([C@@H]([41*])C(F)(F)F)CC1;[31*]CC1([36*])CC1;[31*]CC1([C@@H]([41*])C(F)(F)F)CC1;[32*]C1([C@@H]([41*])C(F)(F)F)CC1;[6*]N[C@@H](C(F)(F)F)C1(CNC[29*])CC1;[6*]N[C@@H](C(F)(F)F)C1(CN[30*])CC1;[6*]N[C@@H](C(F)(F)F)C1(C[31*])CC1;[6*]N[C@@H](C(F)(F)F)C1([32*])CC1;[6*]N[C@H]([33*])C(F)(F)F,,[12*]c1ccc([22*])nn1;[19*]N1CCS(=O)(=O)CC1CNC[33*];[19*]N1CCS(=O)(=O)CC1CN[32*];[19*]N1CCS(=O)(=O)CC1C[31*];[19*]N1CCS(=O)(=O)CC1[30*];[29*]CNCC1([36*])CC1;[29*]CNCC1([C@@H]([41*])C(F)(F)F)CC1;[29*]CNC[33*];[30*]NCC1([36*])CC1;[30*]NCC1([C@@H]([41*])C(F)(F)F)CC1;[31*]CC1([36*])CC1;[31*]CC1([C@@H]([41*])C(F)(F)F)CC1;[32*]C1([C@@H]([41*])C(F)(F)F)CC1;[6*]N[C@@H](C(F)(F)F)C1(CNC[29*])CC1;[6*]N[C@@H](C(F)(F)F)C1(CN[30*])CC1;[6*]N[C@@H](C(F)(F)F)C1(C[31*])CC1;[6*]N[C@@H](C(F)(F)F)C1([32*])CC1;[6*]N[C@H]([33*])C(F)(F)F
CAND_35c4ee0b09,18,0,18,True,[12*]c1ccc([22*])nn1;[19*]N1CCS(=O)(=O)CC1CSC[33*];[19*]N1CCS(=O)(=O)CC1CS[32*];[19*]N1CCS(=O)(=O)CC1C[31*];[19*]N1CCS(=O)(=O)CC1[30*];[29*]CSCC1([36*])CC1;[29*]CSCC1([C@@H]([41*])C(F)(F)F)CC1;[29*]CSC[33*];[30*]SCC1([36*])CC1;[30*]SCC1([C@@H]([41*])C(F)(F)F)CC1;[31*]CC1([36*])CC1;[31*]CC1([C@@H]([41*])C(F)(F)F)CC1;[32*]C1([C@@H]([41*])C(F)(F)F)CC1;[6*]N[C@@H](C(F)(F)F)C1(CSC[29*])CC1;[6*]N[C@@H](C(F)(F)F)C1(CS[30*])CC1;[6*]N[C@@H](C(F)(F)F)C1(C[31*])CC1;[6*]N[C@@H](C(F)(F)F)C1([32*])CC1;[6*]N[C@H]([33*])C(F)(F)F,,[12*]c1ccc([22*])nn1;[19*]N1CCS(=O)(=O)CC1CSC[33*];[19*]N1CCS(=O)(=O)CC1CS[32*];[19*]N1CCS(=O)(=O)CC1C[31*];[19*]N1CCS(=O)(=O)CC1[30*];[29*]CSCC1([36*])CC1;[29*]CSCC1([C@@H]([41*])C(F)(F)F)CC1;[29*]CSC[33*];[30*]SCC1([36*])CC1;[30*]SCC1([C@@H]([41*])C(F)(F)F)CC1;[31*]CC1([36*])CC1;[31*]CC1([C@@H]([41*])C(F)(F)F)CC1;[32*]C1([C@@H]([41*])C(F)(F)F)CC1;[6*]N[C@@H](C(F)(F)F)C1(CSC[29*])CC1;[6*]N[C@@H](C(F)(F)F)C1(CS[30*])CC1;[6*]N[C@@H](C(F)(F)F)C1(C[31*])CC1;[6*]N[C@@H](C(F)(F)F)C1([32*])CC1;[6*]N[C@H]([33*])C(F)(F)F
CAND_d7d5e569e3,18,0,18,True,[12*]c1ccc([22*])nn1;[19*]N1CCS(=O)(=O)CC1COC[33*];[19*]N1CCS(=O)(=O)CC1CO[32*];[19*]N1CCS(=O)(=O)CC1C[31*];[19*]N1CCS(=O)(=O)CC1[30*];[29*]COCC1([36*])CC1;[29*]COCC1([C@@H]([41*])C(F)(F)F)CC1;[29*]COC[33*];[30*]OCC1([36*])CC1;[30*]OCC1([C@@H]([41*])C(F)(F)F)CC1;[31*]CC1([36*])CC1;[31*]CC1([C@@H]([41*])C(F)(F)F)CC1;[32*]C1([C@@H]([41*])C(F)(F)F)CC1;[6*]N[C@@H](C(F)(F)F)C1(COC[29*])CC1;[6*]N[C@@H](C(F)(F)F)C1(CO[30*])CC1;[6*]N[C@@H](C(F)(F)F)C1(C[31*])CC1;[6*]N[C@@H](C(F)(F)F)C1([32*])CC1;[6*]N[C@H]([33*])C(F)(F)F,,[12*]c1ccc([22*])nn1;[19*]N1CCS(=O)(=O)CC1COC[33*];[19*]N1CCS(=O)(=O)CC1CO[32*];[19*]N1CCS(=O)(=O)CC1C[31*];[19*]N1CCS(=O)(=O)CC1[30*];[29*]COCC1([36*])CC1;[29*]COCC1([C@@H]([41*])C(F)(F)F)CC1;[29*]COC[33*];[30*]OCC1([36*])CC1;[30*]OCC1([C@@H]([41*])C(F)(F)F)CC1;[31*]CC1([36*])CC1;[31*]CC1([C@@H]([41*])C(F)(F)F)CC1;[32*]C1([C@@H]([41*])C(F)(F)F)CC1;[6*]N[C@@H](C(F)(F)F)C1(COC[29*])CC1;[6*]N[C@@H](C(F)(F)F)C1(CO[30*])CC1;[6*]N[C@@H](C(F)(F)F)C1(C[31*])CC1;[6*]N[C@@H](C(F)(F)F)C1([32*])CC1;[6*]N[C@H]([33*])C(F)(F)F
CAND_79995adf19,18,0,18,True,[12*]c1ccc([22*])nn1;[19*]N1CCS(=O)(=O)C(CSC[32*])C1;[19*]N1CCS(=O)(=O)C(CS[31*])C1;[19*]N1CCS(=O)(=O)C(C[30*])C1;[19*]N1CCS(=O)(=O)C([29*])C1;[28*]CSCC1([35*])CC1;[28*]CSCC1([C@@H]([40*])C(F)(F)F)CC1;[28*]CSC[32*];[29*]SCC1([35*])CC1;[29*]SCC1([C@@H]([40*])C(F)(F)F)CC1;[30*]CC1([35*])CC1;[30*]CC1([C@@H]([40*])C(F)(F)F)CC1;[31*]C1([C@@H]([40*])C(F)(F)F)CC1;[6*]N[C@@H](C(F)(F)F)C1(CSC[28*])CC1;[6*]N[C@@H](C(F)(F)F)C1(CS[29*])CC1;[6*]N[C@@H](C(F)(F)F)C1(C[30*])CC1;[6*]N[C@@H](C(F)(F)F)C1([31*])CC1;[6*]N[C@H]([32*])C(F)(F)F,,[12*]c1ccc([22*])nn1;[19*]N1CCS(=O)(=O)C(CSC[32*])C1;[19*]N1CCS(=O)(=O)C(CS[31*])C1;[19*]N1CCS(=O)(=O)C(C[30*])C1;[19*]N1CCS(=O)(=O)C([29*])C1;[28*]CSCC1([35*])CC1;[28*]CSCC1([C@@H]([40*])C(F)(F)F)CC1;[28*]CSC[32*];[29*]SCC1([35*])CC1;[29*]SCC1([C@@H]([40*])C(F)(F)F)CC1;[30*]CC1([35*])CC1;[30*]CC1([C@@H]([40*])C(F)(F)F)CC1;[31*]C1([C@@H]([40*])C(F)(F)F)CC1;[6*]N[C@@H](C(F)(F)F)C1(CSC[28*])CC1;[6*]N[C@@H](C(F)(F)F)C1(CS[29*])CC1;[6*]N[C@@H](C(F)(F)F)C1(C[30*])CC1;[6*]N[C@@H](C(F)(F)F)C1([31*])CC1;[6*]N[C@H]([32*])C(F)(F)F
CAND_893be87c2e,18,0,18,True,[12*]c1ccc([22*])nn1;[19*]N1CCS(=O)(=O)C(CNC[32*])C1;[19*]N1CCS(=O)(=O)C(CN[31*])C1;[19*]N1CCS(=O)(=O)C(C[30*])C1;[19*]N1CCS(=O)(=O)C([29*])C1;[28*]CNCC1([35*])CC1;[28*]CNCC1([C@@H]([40*])C(F)(F)F)CC1;[28*]CNC[32*];[29*]NCC1([35*])CC1;[29*]NCC1([C@@H]([40*])C(F)(F)F)CC1;[30*]CC1([35*])CC1;[30*]CC1([C@@H]([40*])C(F)(F)F)CC1;[31*]C1([C@@H]([40*])C(F)(F)F)CC1;[6*]N[C@@H](C(F)(F)F)C1(CNC[28*])CC1;[6*]N[C@@H](C(F)(F)F)C1(CN[29*])CC1;[6*]N[C@@H](C(F)(F)F)C1(C[30*])CC1;[6*]N[C@@H](C(F)(F)F)C1([31*])CC1;[6*]N[C@H]([32*])C(F)(F)F,,[12*]c1ccc([22*])nn1;[19*]N1CCS(=O)(=O)C(CNC[32*])C1;[19*]N1CCS(=O)(=O)C(CN[31*])C1;[19*]N1CCS(=O)(=O)C(C[30*])C1;[19*]N1CCS(=O)(=O)C([29*])C1;[28*]CNCC1([35*])CC1;[28*]CNCC1([C@@H]([40*])C(F)(F)F)CC1;[28*]CNC[32*];[29*]NCC1([35*])CC1;[29*]NCC1([C@@H]([40*])C(F)(F)F)CC1;[30*]CC1([35*])CC1;[30*]CC1([C@@H]([40*])C(F)(F)F)CC1;[31*]C1([C@@H]([40*])C(F)(F)F)CC1;[6*]N[C@@H](C(F)(F)F)C1(CNC[28*])CC1;[6*]N[C@@H](C(F)(F)F)C1(CN[29*])CC1;[6*]N[C@@H](C(F)(F)F)C1(C[30*])CC1;[6*]N[C@@H](C(F)(F)F)C1([31*])CC1;[6*]N[C@H]([32*])C(F)(F)F
CAND_2f2a0d40fd,18,0,18,True,[12*]c1ccc([22*])nn1;[19*]N1CCS(=O)(=O)C(COC[32*])C1;[19*]N1CCS(=O)(=O)C(CO[31*])C1;[19*]N1CCS(=O)(=O)C(C[30*])C1;[19*]N1CCS(=O)(=O)C([29*])C1;[28*]COCC1([35*])CC1;[28*]COCC1([C@@H]([40*])C(F)(F)F)CC1;[28*]COC[32*];[29*]OCC1([35*])CC1;[29*]OCC1([C@@H]([40*])C(F)(F)F)CC1;[30*]CC1([35*])CC1;[30*]CC1([C@@H]([40*])C(F)(F)F)CC1;[31*]C1([C@@H]([40*])C(F)(F)F)CC1;[6*]N[C@@H](C(F)(F)F)C1(COC[28*])CC1;[6*]N[C@@H](C(F)(F)F)C1(CO[29*])CC1;[6*]N[C@@H](C(F)(F)F)C1(C[30*])CC1;[6*]N[C@@H](C(F)(F)F)C1([31*])CC1;[6*]N[C@H]([32*])C(F)(F)F,,[12*]c1ccc([22*])nn1;[19*]N1CCS(=O)(=O)C(COC[32*])C1;[19*]N1CCS(=O)(=O)C(CO[31*])C1;[19*]N1CCS(=O)(=O)C(C[30*])C1;[19*]N1CCS(=O)(=O)C([29*])C1;[28*]COCC1([35*])CC1;[28*]COCC1([C@@H]([40*])C(F)(F)F)CC1;[28*]COC[32*];[29*]OCC1([35*])CC1;[29*]OCC1([C@@H]([40*])C(F)(F)F)CC1;[30*]CC1([35*])CC1;[30*]CC1([C@@H]([40*])C(F)(F)F)CC1;[31*]C1([C@@H]([40*])C(F)(F)F)CC1;[6*]N[C@@H](C(F)(F)F)C1(COC[28*])CC1;[6*]N[C@@H](C(F)(F)F)C1(CO[29*])CC1;[6*]N[C@@H](C(F)(F)F)C1(C[30*])CC1;[6*]N[C@@H](C(F)(F)F)C1([31*])CC1;[6*]N[C@H]([32*])C(F)(F)F
CAND_5682a4f941,19,0,19,True,[12*]c1ccc([22*])nn1;[19*]N1CCS(=O)(=O)CC1CNC[33*];[19*]N1CCS(=O)(=O)CC1CN[32*];[19*]N1CCS(=O)(=O)CC1C[31*];[19*]N1CCS(=O)(=O)CC1[30*];[29*]CNCC1CC1[36*];[29*]CNCC1CC1[C@@H]([41*])C(F)(F)F;[29*]CNC[33*];[30*]NCC1CC1[36*];[30*]NCC1CC1[C@@H]([41*])C(F)(F)F;[31*]CC1CC1[36*];[31*]CC1CC1[C@@H]([41*])C(F)(F)F;[32*]C1CC1[36*];[32*]C1CC1[C@@H]([41*])C(F)(F)F;[6*]N[C@H](C1CC1CNC[29*])C(F)(F)F;[6*]N[C@H](C1CC1CN[30*])C(F)(F)F;[6*]N[C@H](C1CC1C[31*])C(F)(F)F;[6*]N[C@H](C1CC1[32*])C(F)(F)F;[6*]N[C@H]([35*])C(F)(F)F,,[12*]c1ccc([22*])nn1;[19*]N1CCS(=O)(=O)CC1CNC[33*];[19*]N1CCS(=O)(=O)CC1CN[32*];[19*]N1CCS(=O)(=O)CC1C[31*];[19*]N1CCS(=O)(=O)CC1[30*];[29*]CNCC1CC1[36*];[29*]CNCC1CC1[C@@H]([41*])C(F)(F)F;[29*]CNC[33*];[30*]NCC1CC1[36*];[30*]NCC1CC1[C@@H]([41*])C(F)(F)F;[31*]CC1CC1[36*];[31*]CC1CC1[C@@H]([41*])C(F)(F)F;[32*]C1CC1[36*];[32*]C1CC1[C@@H]([41*])C(F)(F)F;[6*]N[C@H](C1CC1CNC[29*])C(F)(F)F;[6*]N[C@H](C1CC1CN[30*])C(F)(F)F;[6*]N[C@H](C1CC1C[31*])C(F)(F)F;[6*]N[C@H](C1CC1[32*])C(F)(F)F;[6*]N[C@H]([35*])C(F)(F)F
CAND_8f245c542f,19,0,19,True,[12*]c1ccc([22*])nn1;[19*]N1CCS(=O)(=O)CC1CSC[33*];[19*]N1CCS(=O)(=O)CC1CS[32*];[19*]N1CCS(=O)(=O)CC1C[31*];[19*]N1CCS(=O)(=O)CC1[30*];[29*]CSCC1CC1[36*];[29*]CSCC1CC1[C@@H]([41*])C(F)(F)F;[29*]CSC[33*];[30*]SCC1CC1[36*];[30*]SCC1CC1[C@@H]([41*])C(F)(F)F;[31*]CC1CC1[36*];[31*]CC1CC1[C@@H]([41*])C(F)(F)F;[32*]C1CC1[36*];[32*]C1CC1[C@@H]([41*])C(F)(F)F;[6*]N[C@H](C1CC1CSC[29*])C(F)(F)F;[6*]N[C@H](C1CC1CS[30*])C(F)(F)F;[6*]N[C@H](C1CC1C[31*])C(F)(F)F;[6*]N[C@H](C1CC1[32*])C(F)(F)F;[6*]N[C@H]([35*])C(F)(F)F,,[12*]c1ccc([22*])nn1;[19*]N1CCS(=O)(=O)CC1CSC[33*];[19*]N1CCS(=O)(=O)CC1CS[32*];[19*]N1CCS(=O)(=O)CC1C[31*];[19*]N1CCS(=O)(=O)CC1[30*];[29*]CSCC1CC1[36*];[29*]CSCC1CC1[C@@H]([41*])C(F)(F)F;[29*]CSC[33*];[30*]SCC1CC1[36*];[30*]SCC1CC1[C@@H]([41*])C(F)(F)F;[31*]CC1CC1[36*];[31*]CC1CC1[C@@H]([41*])C(F)(F)F;[32*]C1CC1[36*];[32*]C1CC1[C@@H]([41*])C(F)(F)F;[6*]N[C@H](C1CC1CSC[29*])C(F)(F)F;[6*]N[C@H](C1CC1CS[30*])C(F)(F)F;[6*]N[C@H](C1CC1C[31*])C(F)(F)F;[6*]N[C@H](C1CC1[32*])C(F)(F)F;[6*]N[C@H]([35*])C(F)(F)F
CAND_f0bd1b6255,19,0,19,True,[12*]c1ccc([22*])nn1;[19*]N1CCS(=O)(=O)CC1COC[33*];[19*]N1CCS(=O)(=O)CC1CO[32*];[19*]N1CCS(=O)(=O)CC1C[31*];[19*]N1CCS(=O)(=O)CC1[30*];[29*]COCC1CC1[36*];[29*]COCC1CC1[C@@H]([41*])C(F)(F)F;[29*]COC[33*];[30*]OCC1CC1[36*];[30*]OCC1CC1[C@@H]([41*])C(F)(F)F;[31*]CC1CC1[36*];[31*]CC1CC1[C@@H]([41*])C(F)(F)F;[32*]C1CC1[36*];[32*]C1CC1[C@@H]([41*])C(F)(F)F;[6*]N[C@H](C1CC1COC[29*])C(F)(F)F;[6*]N[C@H](C1CC1CO[30*])C(F)(F)F;[6*]N[C@H](C1CC1C[31*])C(F)(F)F;[6*]N[C@H](C1CC1[32*])C(F)(F)F;[6*]N[C@H]([35*])C(F)(F)F,,[12*]c1ccc([22*])nn1;[19*]N1CCS(=O)(=O)CC1COC[33*];[19*]N1CCS(=O)(=O)CC1CO[32*];[19*]N1CCS(=O)(=O)CC1C[31*];[19*]N1CCS(=O)(=O)CC1[30*];[29*]COCC1CC1[36*];[29*]COCC1CC1[C@@H]([41*])C(F)(F)F;[29*]COC[33*];[30*]OCC1CC1[36*];[30*]OCC1CC1[C@@H]([41*])C(F)(F)F;[31*]CC1CC1[36*];[31*]CC1CC1[C@@H]([41*])C(F)(F)F;[32*]C1CC1[36*];[32*]C1CC1[C@@H]([41*])C(F)(F)F;[6*]N[C@H](C1CC1COC[29*])C(F)(F)F;[6*]N[C@H](C1CC1CO[30*])C(F)(F)F;[6*]N[C@H](C1CC1C[31*])C(F)(F)F;[6*]N[C@H](C1CC1[32*])C(F)(F)F;[6*]N[C@H]([35*])C(F)(F)F
CAND_473a7e9320,19,0,19,True,[12*]c1ccc([22*])nn1;[19*]N1CCS(=O)(=O)C(CNC[32*])C1;[19*]N1CCS(=O)(=O)C(CN[31*])C1;[19*]N1CCS(=O)(=O)C(C[30*])C1;[19*]N1CCS(=O)(=O)C([29*])C1;[28*]CNCC1CC1[35*];[28*]CNCC1CC1[C@@H]([40*])C(F)(F)F;[28*]CNC[32*];[29*]NCC1CC1[35*];[29*]NCC1CC1[C@@H]([40*])C(F)(F)F;[30*]CC1CC1[35*];[30*]CC1CC1[C@@H]([40*])C(F)(F)F;[31*]C1CC1[35*];[31*]C1CC1[C@@H]([40*])C(F)(F)F;[6*]N[C@H](C1CC1CNC[28*])C(F)(F)F;[6*]N[C@H](C1CC1CN[29*])C(F)(F)F;[6*]N[C@H](C1CC1C[30*])C(F)(F)F;[6*]N[C@H](C1CC1[31*])C(F)(F)F;[6*]N[C@H]([34*])C(F)(F)F,,[12*]c1ccc([22*])nn1;[19*]N1CCS(=O)(=O)C(CNC[32*])C1;[19*]N1CCS(=O)(=O)C(CN[31*])C1;[19*]N1CCS(=O)(=O)C(C[30*])C1;[19*]N1CCS(=O)(=O)C([29*])C1;[28*]CNCC1CC1[35*];[28*]CNCC1CC1[C@@H]([40*])C(F)(F)F;[28*]CNC[32*];[29*]NCC1CC1[35*];[29*]NCC1CC1[C@@H]([40*])C(F)(F)F;[30*]CC1CC1[35*];[30*]CC1CC1[C@@H]([40*])C(F)(F)F;[31*]C1CC1[35*];[31*]C1CC1[C@@H]([40*])C(F)(F)F;[6*]N[C@H](C1CC1CNC[28*])C(F)(F)F;[6*]N[C@H](C1CC1CN[29*])C(F)(F)F;[6*]N[C@H](C1CC1C[30*])C(F)(F)F;[6*]N[C@H](C1CC1[31*])C(F)(F)F;[6*]N[C@H]([34*])C(F)(F)F
CAND_79654a88a1,19,0,19,True,[12*]c1ccc([22*])nn1;[19*]N1CCS(=O)(=O)C(CSC[32*])C1;[19*]N1CCS(=O)(=O)C(CS[31*])C1;[19*]N1CCS(=O)(=O)C(C[30*])C1;[19*]N1CCS(=O)(=O)C([29*])C1;[28*]CSCC1CC1[35*];[28*]CSCC1CC1[C@@H]([40*])C(F)(F)F;[28*]CSC[32*];[29*]SCC1CC1[35*];[29*]SCC1CC1[C@@H]([40*])C(F)(F)F;[30*]CC1CC1[35*];[30*]CC1CC1[C@@H]([40*])C(F)(F)F;[31*]C1CC1[35*];[31*]C1CC1[C@@H]([40*])C(F)(F)F;[6*]N[C@H](C1CC1CSC[28*])C(F)(F)F;[6*]N[C@H](C1CC1CS[29*])C(F)(F)F;[6*]N[C@H](C1CC1C[30*])C(F)(F)F;[6*]N[C@H](C1CC1[31*])C(F)(F)F;[6*]N[C@H]([34*])C(F)(F)F,,[12*]c1ccc([22*])nn1;[19*]N1CCS(=O)(=O)C(CSC[32*])C1;[19*]N1CCS(=O)(=O)C(CS[31*])C1;[19*]N1CCS(=O)(=O)C(C[30*])C1;[19*]N1CCS(=O)(=O)C([29*])C1;[28*]CSCC1CC1[35*];[28*]CSCC1CC1[C@@H]([40*])C(F)(F)F;[28*]CSC[32*];[29*]SCC1CC1[35*];[29*]SCC1CC1[C@@H]([40*])C(F)(F)F;[30*]CC1CC1[35*];[30*]CC1CC1[C@@H]([40*])C(F)(F)F;[31*]C1CC1[35*];[31*]C1CC1[C@@H]([40*])C(F)(F)F;[6*]N[C@H](C1CC1CSC[28*])C(F)(F)F;[6*]N[C@H](C1CC1CS[29*])C(F)(F)F;[6*]N[C@H](C1CC1C[30*])C(F)(F)F;[6*]N[C@H](C1CC1[31*])C(F)(F)F;[6*]N[C@H]([34*])C(F)(F)F
CAND_87bfeddc5f,19,0,19,True,[12*]c1ccc([22*])nn1;[19*]N1CCS(=O)(=O)C(COC[32*])C1;[19*]N1CCS(=O)(=O)C(CO[31*])C1;[19*]N1CCS(=O)(=O)C(C[30*])C1;[19*]N1CCS(=O)(=O)C([29*])C1;[28*]COCC1CC1[35*];[28*]COCC1CC1[C@@H]([40*])C(F)(F)F;[28*]COC[32*];[29*]OCC1CC1[35*];[29*]OCC1CC1[C@@H]([40*])C(F)(F)F;[30*]CC1CC1[35*];[30*]CC1CC1[C@@H]([40*])C(F)(F)F;[31*]C1CC1[35*];[31*]C1CC1[C@@H]([40*])C(F)(F)F;[6*]N[C@H](C1CC1COC[28*])C(F)(F)F;[6*]N[C@H](C1CC1CO[29*])C(F)(F)F;[6*]N[C@H](C1CC1C[30*])C(F)(F)F;[6*]N[C@H](C1CC1[31*])C(F)(F)F;[6*]N[C@H]([34*])C(F)(F)F,,[12*]c1ccc([22*])nn1;[19*]N1CCS(=O)(=O)C(COC[32*])C1;[19*]N1CCS(=O)(=O)C(CO[31*])C1;[19*]N1CCS(=O)(=O)C(C[30*])C1;[19*]N1CCS(=O)(=O)C([29*])C1;[28*]COCC1CC1[35*];[28*]COCC1CC1[C@@H]([40*])C(F)(F)F;[28*]COC[32*];[29*]OCC1CC1[35*];[29*]OCC1CC1[C@@H]([40*])C(F)(F)F;[30*]CC1CC1[35*];[30*]CC1CC1[C@@H]([40*])C(F)(F)F;[31*]C1CC1[35*];[31*]C1CC1[C@@H]([40*])C(F)(F)F;[6*]N[C@H](C1CC1COC[28*])C(F)(F)F;[6*]N[C@H](C1CC1CO[29*])C(F)(F)F;[6*]N[C@H](C1CC1C[30*])C(F)(F)F;[6*]N[C@H](C1CC1[31*])C(F)(F)F;[6*]N[C@H]([34*])C(F)(F)F
CAND_9c6324c16c,17,0,17,True,[18*]c1cc(F)c(C[30*])c(F)c1;[18*]c1cc(F)c([29*])c(F)c1;[25*]CN1CCOCC1COC[39*];[25*]CN1CCOCC1CO[38*];[25*]CN1CCOCC1C[37*];[25*]CN1CCOCC1[36*];[29*]N1CCOCC1COC[39*];[29*]N1CCOCC1CO[38*];[29*]N1CCOCC1C[37*];[29*]N1CCOCC1[36*];[35*]COC[39*];[4*]c1ccc([11*])cc1;[5*]N1CCN(C)CC1COC[35*];[5*]N1CCN(C)CC1CO[36*];[5*]N1CCN(C)CC1C[37*];[5*]N1CCN(C)CC1[38*];[8*]c1cnc2cccc([21*])c2n1,,[18*]c1cc(F)c(C[30*])c(F)c1;[18*]c1cc(F)c([29*])c(F)c1;[25*]CN1CCOCC1COC[39*];[25*]CN1CCOCC1CO[38*];[25*]CN1CCOCC1C[37*];[25*]CN1CCOCC1[36*];[29*]N1CCOCC1COC[39*];[29*]N1CCOCC1CO[38*];[29*]N1CCOCC1C[37*];[29*]N1CCOCC1[36*];[35*]COC[39*];[4*]c1ccc([11*])cc1;[5*]N1CCN(C)CC1COC[35*];[5*]N1CCN(C)CC1CO[36*];[5*]N1CCN(C)CC1C[37*];[5*]N1CCN(C)CC1[38*];[8*]c1cnc2cccc([21*])c2n1
CAND_dbfbb7d1cf,17,0,17,True,[18*]c1cc(F)c(C[30*])c(F)c1;[18*]c1cc(F)c([29*])c(F)c1;[25*]CN1CCOCC1CSC[39*];[25*]CN1CCOCC1CS[38*];[25*]CN1CCOCC1C[37*];[25*]CN1CCOCC1[36*];[29*]N1CCOCC1CSC[39*];[29*]N1CCOCC1CS[38*];[29*]N1CCOCC1C[37*];[29*]N1CCOCC1[36*];[35*]CSC[39*];[4*]c1ccc([11*])cc1;[5*]N1CCN(C)CC1CSC[35*];[5*]N1CCN(C)CC1CS[36*];[5*]N1CCN(C)CC1C[37*];[5*]N1CCN(C)CC1[38*];[8*]c1cnc2cccc([21*])c2n1,,[18*]c1cc(F)c(C[30*])c(F)c1;[18*]c1cc(F)c([29*])c(F)c1;[25*]CN1CCOCC1CSC[39*];[25*]CN1CCOCC1CS[38*];[25*]CN1CCOCC1C[37*];[25*]CN1CCOCC1[36*];[29*]N1CCOCC1CSC[39*];[29*]N1CCOCC1CS[38*];[29*]N1CCOCC1C[37*];[29*]N1CCOCC1[36*];[35*]CSC[39*];[4*]c1ccc([11*])cc1;[5*]N1CCN(C)CC1CSC[35*];[5*]N1CCN(C)CC1CS[36*];[5*]N1CCN(C)CC1C[37*];[5*]N1CCN(C)CC1[38*];[8*]c1cnc2cccc([21*])c2n1
CAND_a8aa3f8065,17,0,17,True,[18*]c1cc(F)c(C[30*])c(F)c1;[18*]c1cc(F)c([29*])c(F)c1;[25*]CN1CCOCC1CNC[39*];[25*]CN1CCOCC1CN[38*];[25*]CN1CCOCC1C[37*];[25*]CN1CCOCC1[36*];[29*]N1CCOCC1CNC[39*];[29*]N1CCOCC1CN[38*];[29*]N1CCOCC1C[37*];[29*]N1CCOCC1[36*];[35*]CNC[39*];[4*]c1ccc([11*])cc1;[5*]N1CCN(C)CC1CNC[35*];[5*]N1CCN(C)CC1CN[36*];[5*]N1CCN(C)CC1C[37*];[5*]N1CCN(C)CC1[38*];[8*]c1cnc2cccc([21*])c2n1,,[18*]c1cc(F)c(C[30*])c(F)c1;[18*]c1cc(F)c([29*])c(F)c1;[25*]CN1CCOCC1CNC[39*];[25*]CN1CCOCC1CN[38*];[25*]CN1CCOCC1C[37*];[25*]CN1CCOCC1[36*];[29*]N1CCOCC1CNC[39*];[29*]N1CCOCC1CN[38*];[29*]N1CCOCC1C[37*];[29*]N1CCOCC1[36*];[35*]CNC[39*];[4*]c1ccc([11*])cc1;[5*]N1CCN(C)CC1CNC[35*];[5*]N1CCN(C)CC1CN[36*];[5*]N1CCN(C)CC1C[37*];[5*]N1CCN(C)CC1[38*];[8*]c1cnc2cccc([21*])c2n1
CAND_9b2dbc98ed,17,0,17,True,[18*]c1cc(F)c(C[30*])c(F)c1;[18*]c1cc(F)c([29*])c(F)c1;[25*]CN1CCS(=O)(=O)CC1CSC[41*];[25*]CN1CCS(=O)(=O)CC1CS[40*];[25*]CN1CCS(=O)(=O)CC1C[39*];[25*]CN1CCS(=O)(=O)CC1[38*];[29*]N1CCS(=O)(=O)CC1CSC[41*];[29*]N1CCS(=O)(=O)CC1CS[40*];[29*]N1CCS(=O)(=O)CC1C[39*];[29*]N1CCS(=O)(=O)CC1[38*];[37*]CSC[41*];[4*]c1ccc([11*])cn1;[5*]N1CCN(C)CC1CSC[37*];[5*]N1CCN(C)CC1CS[38*];[5*]N1CCN(C)CC1C[39*];[5*]N1CCN(C)CC1[40*];[8*]c1cnc2cccc([21*])c2n1,,[18*]c1cc(F)c(C[30*])c(F)c1;[18*]c1cc(F)c([29*])c(F)c1;[25*]CN1CCS(=O)(=O)CC1CSC[41*];[25*]CN1CCS(=O)(=O)CC1CS[40*];[25*]CN1CCS(=O)(=O)CC1C[39*];[25*]CN1CCS(=O)(=O)CC1[38*];[29*]N1CCS(=O)(=O)CC1CSC[41*];[29*]N1CCS(=O)(=O)CC1CS[40*];[29*]N1CCS(=O)(=O)CC1C[39*];[29*]N1CCS(=O)(=O)CC1[38*];[37*]CSC[41*];[4*]c1ccc([11*])cn1;[5*]N1CCN(C)CC1CSC[37*];[5*]N1CCN(C)CC1CS[38*];[5*]N1CCN(C)CC1C[39*];[5*]N1CCN(C)CC1[40*];[8*]c1cnc2cccc([21*])c2n1
CAND_3c64f44e76,17,0,17,True,[18*]c1cc(F)c(C[30*])c(F)c1;[18*]c1cc(F)c([29*])c(F)c1;[25*]CN1CCS(=O)(=O)CC1COC[41*];[25*]CN1CCS(=O)(=O)CC1CO[40*];[25*]CN1CCS(=O)(=O)CC1C[39*];[25*]CN1CCS(=O)(=O)CC1[38*];[29*]N1CCS(=O)(=O)CC1COC[41*];[29*]N1CCS(=O)(=O)CC1CO[40*];[29*]N1CCS(=O)(=O)CC1C[39*];[29*]N1CCS(=O)(=O)CC1[38*];[37*]COC[41*];[4*]c1ccc([11*])cn1;[5*]N1CCN(C)CC1COC[37*];[5*]N1CCN(C)CC1CO[38*];[5*]N1CCN(C)CC1C[39*];[5*]N1CCN(C)CC1[40*];[8*]c1cnc2cccc([21*])c2n1,,[18*]c1cc(F)c(C[30*])c(F)c1;[18*]c1cc(F)c([29*])c(F)c1;[25*]CN1CCS(=O)(=O)CC1COC[41*];[25*]CN1CCS(=O)(=O)CC1CO[40*];[25*]CN1CCS(=O)(=O)CC1C[39*];[25*]CN1CCS(=O)(=O)CC1[38*];[29*]N1CCS(=O)(=O)CC1COC[41*];[29*]N1CCS(=O)(=O)CC1CO[40*];[29*]N1CCS(=O)(=O)CC1C[39*];[29*]N1CCS(=O)(=O)CC1[38*];[37*]COC[41*];[4*]c1ccc([11*])cn1;[5*]N1CCN(C)CC1COC[37*];[5*]N1CCN(C)CC1CO[38*];[5*]N1CCN(C)CC1C[39*];[5*]N1CCN(C)CC1[40*];[8*]c1cnc2cccc([21*])c2n1
CAND_0e6db5ef0a,30,0,30,True,[13*]CSCC1CCN(CCO[24*])C1;[13*]CSCC1CCN(CC[23*])C1;[13*]CSCC1CCN(C[22*])C1;[13*]CSCC1CCN([21*])C1;[13*]CSC[17*];[13*]OCC=CCOC[29*];[13*]OCC=CCO[30*];[13*]OCC=CC[31*];[13*]OCC=C[32*];[14*]SCC1CCN(CCO[24*])C1;[14*]SCC1CCN(CC[23*])C1;[14*]SCC1CCN(C[22*])C1;[14*]SCC1CCN([21*])C1;[15*]CC1CCN(CCO[24*])C1;[15*]CC1CCN(CC[23*])C1;[15*]CC1CCN(C[22*])C1;[15*]CC1CCN([21*])C1;[16*]C1CCN(CCO[24*])C1;[16*]C1CCN(CC[23*])C1;[16*]C1CCN(C[22*])C1;[16*]C1CCN([21*])C1;[20*]CCO[24*];[29*]COCC=CC[36*];[29*]COCC=C[35*];[29*]COC[33*];[30*]OCC=CC[36*];[30*]OCC=C[35*];[31*]CC=CC[36*];[31*]CC=C[35*];[32*]C=CC[36*],,[13*]CSCC1CCN(CCO[24*])C1;[13*]CSCC1CCN(CC[23*])C1;[13*]CSCC1CCN(C[22*])C1;[13*]CSCC1CCN([21*])C1;[13*]CSC[17*];[13*]OCC=CCOC[29*];[13*]OCC=CCO[30*];[13*]OCC=CC[31*];[13*]OCC=C[32*];[14*]SCC1CCN(CCO[24*])C1;[14*]SCC1CCN(CC[23*])C1;[14*]SCC1CCN(C[22*])C1;[14*]SCC1CCN([21*])C1;[15*]CC1CCN(CCO[24*])C1;[15*]CC1CCN(CC[23*])C1;[15*]CC1CCN(C[22*])C1;[15*]CC1CCN([21*])C1;[16*]C1CCN(CCO[24*])C1;[16*]C1CCN(CC[23*])C1;[16*]C1CCN(C[22*])C1;[16*]C1CCN([21*])C1;[20*]CCO[24*];[29*]COCC=CC[36*];[29*]COCC=C[35*];[29*]COC[33*];[30*]OCC=CC[36*];[30*]OCC=C[35*];[31*]CC=CC[36*];[31*]CC=C[35*];[32*]C=CC[36*]
CAND_1346b6e6ef,30,0,30,True,[13*]CNCC1CCN(CCO[24*])C1;[13*]CNCC1CCN(CC[23*])C1;[13*]CNCC1CCN(C[22*])C1;[13*]CNCC1CCN([21*])C1;[13*]CNC[17*];[13*]OCC=CCOC[29*];[13*]OCC=CCO[30*];[13*]OCC=CC[31*];[13*]OCC=C[32*];[14*]NCC1CCN(CCO[24*])C1;[14*]NCC1CCN(CC[23*])C1;[14*]NCC1CCN(C[22*])C1;[14*]NCC1CCN([21*])C1;[15*]CC1CCN(CCO[24*])C1;[15*]CC1CCN(CC[23*])C1;[15*]CC1CCN(C[22*])C1;[15*]CC1CCN([21*])C1;[16*]C1CCN(CCO[24*])C1;[16*]C1CCN(CC[23*])C1;[16*]C1CCN(C[22*])C1;[16*]C1CCN([21*])C1;[20*]CCO[24*];[29*]COCC=CC[36*];[29*]COCC=C[35*];[29*]COC[33*];[30*]OCC=CC[36*];[30*]OCC=C[35*];[31*]CC=CC[36*];[31*]CC=C[35*];[32*]C=CC[36*],,[13*]CNCC1CCN(CCO[24*])C1;[13*]CNCC1CCN(CC[23*])C1;[13*]CNCC1CCN(C[22*])C1;[13*]CNCC1CCN([21*])C1;[13*]CNC[17*];[13*]OCC=CCOC[29*];[13*]OCC=CCO[30*];[13*]OCC=CC[31*];[13*]OCC=C[32*];[14*]NCC1CCN(CCO[24*])C1;[14*]NCC1CCN(CC[23*])C1;[14*]NCC1CCN(C[22*])C1;[14*]NCC1CCN([21*])C1;[15*]CC1CCN(CCO[24*])C1;[15*]CC1CCN(CC[23*])C1;[15*]CC1CCN(C[22*])C1;[15*]CC1CCN([21*])C1;[16*]C1CCN(CCO[24*])C1;[16*]C1CCN(CC[23*])C1;[16*]C1CCN(C[22*])C1;[16*]C1CCN([21*])C1;[20*]CCO[24*];[29*]COCC=CC[36*];[29*]COCC=C[35*];[29*]COC[33*];[30*]OCC=CC[36*];[30*]OCC=C[35*];[31*]CC=CC[36*];[31*]CC=C[35*];[32*]C=CC[36*]
CAND_3b164e0480,18,0,18,True,[14*]CNCC1([24*])CCNCC1;[14*]CNC[18*];[15*]NCC1([24*])CCNCC1;[16*]CC1([24*])CCNCC1;[16*]CC1(n2cc([29*])cn2)CCNCC1;[17*]C1(n2cc([29*])cn2)CCNCC1;[18*]n1cc([29*])cn1;[3*]c1cccc2ncc([26*])nc12;[7*]CN1CCOCC1CNC[18*];[7*]CN1CCOCC1CN[17*];[7*]CN1CCOCC1C[16*];[7*]CN1CCOCC1[15*];[8*]N1CCOCC1CNC[18*];[8*]N1CCOCC1CN[17*];[8*]N1CCOCC1C[16*];[8*]N1CCOCC1[15*];[8*]c1c(F)cc([36*])cc1F;[9*]Cc1c(F)cc([36*])cc1F,,[14*]CNCC1([24*])CCNCC1;[14*]CNC[18*];[15*]NCC1([24*])CCNCC1;[16*]CC1([24*])CCNCC1;[16*]CC1(n2cc([29*])cn2)CCNCC1;[17*]C1(n2cc([29*])cn2)CCNCC1;[18*]n1cc([29*])cn1;[3*]c1cccc2ncc([26*])nc12;[7*]CN1CCOCC1CNC[18*];[7*]CN1CCOCC1CN[17*];[7*]CN1CCOCC1C[16*];[7*]CN1CCOCC1[15*];[8*]N1CCOCC1CNC[18*];[8*]N1CCOCC1CN[17*];[8*]N1CCOCC1C[16*];[8*]N1CCOCC1[15*];[8*]c1c(F)cc([36*])cc1F;[9*]Cc1c(F)cc([36*])cc1F
CAND_9f32e71b10,18,0,18,True,[14*]CSCC1([24*])CCNCC1;[14*]CSC[18*];[15*]SCC1([24*])CCNCC1;[16*]CC1([24*])CCNCC1;[16*]CC1(n2cc([29*])cn2)CCNCC1;[17*]C1(n2cc([29*])cn2)CCNCC1;[18*]n1cc([29*])cn1;[3*]c1cccc2ncc([26*])nc12;[7*]CN1CCOCC1CSC[18*];[7*]CN1CCOCC1CS[17*];[7*]CN1CCOCC1C[16*];[7*]CN1CCOCC1[15*];[8*]N1CCOCC1CSC[18*];[8*]N1CCOCC1CS[17*];[8*]N1CCOCC1C[16*];[8*]N1CCOCC1[15*];[8*]c1c(F)cc([36*])cc1F;[9*]Cc1c(F)cc([36*])cc1F,,[14*]CSCC1([24*])CCNCC1;[14*]CSC[18*];[15*]SCC1([24*])CCNCC1;[16*]CC1([24*])CCNCC1;[16*]CC1(n2cc([29*])cn2)CCNCC1;[17*]C1(n2cc([29*])cn2)CCNCC1;[18*]n1cc([29*])cn1;[3*]c1cccc2ncc([26*])nc12;[7*]CN1CCOCC1CSC[18*];[7*]CN1CCOCC1CS[17*];[7*]CN1CCOCC1C[16*];[7*]CN1CCOCC1[15*];[8*]N1CCOCC1CSC[18*];[8*]N1CCOCC1CS[17*];[8*]N1CCOCC1C[16*];[8*]N1CCOCC1[15*];[8*]c1c(F)cc([36*])cc1F;[9*]Cc1c(F)cc([36*])cc1F
CAND_1675c88065,18,0,18,True,[13*]CNCC1([23*])CCNCC1;[13*]CNC[17*];[14*]NCC1([23*])CCNCC1;[15*]CC1([23*])CCNCC1;[15*]CC1(n2cc([28*])cn2)CCNCC1;[16*]C1(n2cc([28*])cn2)CCNCC1;[17*]n1cc([28*])cn1;[3*]c1cccc2ncc([25*])nc12;[7*]CN1CCOC(CNC[17*])C1;[7*]CN1CCOC(CN[16*])C1;[7*]CN1CCOC(C[15*])C1;[7*]CN1CCOC([14*])C1;[8*]N1CCOC(CNC[17*])C1;[8*]N1CCOC(CN[16*])C1;[8*]N1CCOC(C[15*])C1;[8*]N1CCOC([14*])C1;[8*]c1c(F)cc([35*])cc1F;[9*]Cc1c(F)cc([35*])cc1F,,[13*]CNCC1([23*])CCNCC1;[13*]CNC[17*];[14*]NCC1([23*])CCNCC1;[15*]CC1([23*])CCNCC1;[15*]CC1(n2cc([28*])cn2)CCNCC1;[16*]C1(n2cc([28*])cn2)CCNCC1;[17*]n1cc([28*])cn1;[3*]c1cccc2ncc([25*])nc12;[7*]CN1CCOC(CNC[17*])C1;[7*]CN1CCOC(CN[16*])C1;[7*]CN1CCOC(C[15*])C1;[7*]CN1CCOC([14*])C1;[8*]N1CCOC(CNC[17*])C1;[8*]N1CCOC(CN[16*])C1;[8*]N1CCOC(C[15*])C1;[8*]N1CCOC([14*])C1;[8*]c1c(F)cc([35*])cc1F;[9*]Cc1c(F)cc([35*])cc1F
CAND_c5284988bc,18,0,18,True,[13*]CSCC1([23*])CCNCC1;[13*]CSC[17*];[14*]SCC1([23*])CCNCC1;[15*]CC1([23*])CCNCC1;[15*]CC1(n2cc([28*])cn2)CCNCC1;[16*]C1(n2cc([28*])cn2)CCNCC1;[17*]n1cc([28*])cn1;[3*]c1cccc2ncc([25*])nc12;[7*]CN1CCOC(CSC[17*])C1;[7*]CN1CCOC(CS[16*])C1;[7*]CN1CCOC(C[15*])C1;[7*]CN1CCOC([14*])C1;[8*]N1CCOC(CSC[17*])C1;[8*]N1CCOC(CS[16*])C1;[8*]N1CCOC(C[15*])C1;[8*]N1CCOC([14*])C1;[8*]c1c(F)cc([35*])cc1F;[9*]Cc1c(F)cc([35*])cc1F,,[13*]CSCC1([23*])CCNCC1;[13*]CSC[17*];[14*]SCC1([23*])CCNCC1;[15*]CC1([23*])CCNCC1;[15*]CC1(n2cc([28*])cn2)CCNCC1;[16*]C1(n2cc([28*])cn2)CCNCC1;[17*]n1cc([28*])cn1;[3*]c1cccc2ncc([25*])nc12;[7*]CN1CCOC(CSC[17*])C1;[7*]CN1CCOC(CS[16*])C1;[7*]CN1CCOC(C[15*])C1;[7*]CN1CCOC([14*])C1;[8*]N1CCOC(CSC[17*])C1;[8*]N1CCOC(CS[16*])C1;[8*]N1CCOC(C[15*])C1;[8*]N1CCOC([14*])C1;[8*]c1c(F)cc([35*])cc1F;[9*]Cc1c(F)cc([35*])cc1F
CAND_f01d409d4a,19,0,19,True,[14*]CSCC1CNCCC1[24*];[14*]CSC[18*];[15*]SCC1CNCCC1[24*];[16*]CC1CNCCC1[24*];[16*]CC1CNCCC1n1cc([29*])cn1;[17*]C1CNCCC1[24*];[17*]C1CNCCC1n1cc([29*])cn1;[23*]n1cc([29*])cn1;[3*]c1cccc2ncc([26*])nc12;[7*]CN1CCOCC1CSC[18*];[7*]CN1CCOCC1CS[17*];[7*]CN1CCOCC1C[16*];[7*]CN1CCOCC1[15*];[8*]N1CCOCC1CSC[18*];[8*]N1CCOCC1CS[17*];[8*]N1CCOCC1C[16*];[8*]N1CCOCC1[15*];[8*]c1c(F)cc([36*])cc1F;[9*]Cc1c(F)cc([36*])cc1F,,[14*]CSCC1CNCCC1[24*];[14*]CSC[18*];[15*]SCC1CNCCC1[24*];[16*]CC1CNCCC1[24*];[16*]CC1CNCCC1n1cc([29*])cn1;[17*]C1CNCCC1[24*];[17*]C1CNCCC1n1cc([29*])cn1;[23*]n1cc([29*])cn1;[3*]c1cccc2ncc([26*])nc12;[7*]CN1CCOCC1CSC[18*];[7*]CN1CCOCC1CS[17*];[7*]CN1CCOCC1C[16*];[7*]CN1CCOCC1[15*];[8*]N1CCOCC1CSC[18*];[8*]N1CCOCC1CS[17*];[8*]N1CCOCC1C[16*];[8*]N1CCOCC1[15*];[8*]c1c(F)cc([36*])cc1F;[9*]Cc1c(F)cc([36*])cc1F
CAND_d3037c6bbb,19,0,19,True,[14*]CNCC1CNCCC1[24*];[14*]CNC[18*];[15*]NCC1CNCCC1[24*];[16*]CC1CNCCC1[24*];[16*]CC1CNCCC1n1cc([29*])cn1;[17*]C1CNCCC1[24*];[17*]C1CNCCC1n1cc([29*])cn1;[23*]n1cc([29*])cn1;[3*]c1cccc2ncc([26*])nc12;[7*]CN1CCOCC1CNC[18*];[7*]CN1CCOCC1CN[17*];[7*]CN1CCOCC1C[16*];[7*]CN1CCOCC1[15*];[8*]N1CCOCC1CNC[18*];[8*]N1CCOCC1CN[17*];[8*]N1CCOCC1C[16*];[8*]N1CCOCC1[15*];[8*]c1c(F)cc([36*])cc1F;[9*]Cc1c(F)cc([36*])cc1F,,[14*]CNCC1CNCCC1[24*];[14*]CNC[18*];[15*]NCC1CNCCC1[24*];[16*]CC1CNCCC1[24*];[16*]CC1CNCCC1n1cc([29*])cn1;[17*]C1CNCCC1[24*];[17*]C1CNCCC1n1cc([29*])cn1;[23*]n1cc([29*])cn1;[3*]c1cccc2ncc([26*])nc12;[7*]CN1CCOCC1CNC[18*];[7*]CN1CCOCC1CN[17*];[7*]CN1CCOCC1C[16*];[7*]CN1CCOCC1[15*];[8*]N1CCOCC1CNC[18*];[8*]N1CCOCC1CN[17*];[8*]N1CCOCC1C[16*];[8*]N1CCOCC1[15*];[8*]c1c(F)cc([36*])cc1F;[9*]Cc1c(F)cc([36*])cc1F
CAND_c9e2216a9e,19,0,19,True,[13*]CSCC1CNCCC1[23*];[13*]CSC[17*];[14*]SCC1CNCCC1[23*];[15*]CC1CNCCC1[23*];[15*]CC1CNCCC1n1cc([28*])cn1;[16*]C1CNCCC1[23*];[16*]C1CNCCC1n1cc([28*])cn1;[22*]n1cc([28*])cn1;[3*]c1cccc2ncc([25*])nc12;[7*]CN1CCOC(CSC[17*])C1;[7*]CN1CCOC(CS[16*])C1;[7*]CN1CCOC(C[15*])C1;[7*]CN1CCOC([14*])C1;[8*]N1CCOC(CSC[17*])C1;[8*]N1CCOC(CS[16*])C1;[8*]N1CCOC(C[15*])C1;[8*]N1CCOC([14*])C1;[8*]c1c(F)cc([35*])cc1F;[9*]Cc1c(F)cc([35*])cc1F,,[13*]CSCC1CNCCC1[23*];[13*]CSC[17*];[14*]SCC1CNCCC1[23*];[15*]CC1CNCCC1[23*];[15*]CC1CNCCC1n1cc([28*])cn1;[16*]C1CNCCC1[23*];[16*]C1CNCCC1n1cc([28*])cn1;[22*]n1cc([28*])cn1;[3*]c1cccc2ncc([25*])nc12;[7*]CN1CCOC(CSC[17*])C1;[7*]CN1CCOC(CS[16*])C1;[7*]CN1CCOC(C[15*])C1;[7*]CN1CCOC([14*])C1;[8*]N1CCOC(CSC[17*])C1;[8*]N1CCOC(CS[16*])C1;[8*]N1CCOC(C[15*])C1;[8*]N1CCOC([14*])C1;[8*]c1c(F)cc([35*])cc1F;[9*]Cc1c(F)cc([35*])cc1F
CAND_d76046f983,19,0,19,True,[13*]CNCC1CNCCC1[23*];[13*]CNC[17*];[14*]NCC1CNCCC1[23*];[15*]CC1CNCCC1[23*];[15*]CC1CNCCC1n1cc([28*])cn1;[16*]C1CNCCC1[23*];[16*]C1CNCCC1n1cc([28*])cn1;[22*]n1cc([28*])cn1;[3*]c1cccc2ncc([25*])nc12;[7*]CN1CCOC(CNC[17*])C1;[7*]CN1CCOC(CN[16*])C1;[7*]CN1CCOC(C[15*])C1;[7*]CN1CCOC([14*])C1;[8*]N1CCOC(CNC[17*])C1;[8*]N1CCOC(CN[16*])C1;[8*]N1CCOC(C[15*])C1;[8*]N1CCOC([14*])C1;[8*]c1c(F)cc([35*])cc1F;[9*]Cc1c(F)cc([35*])cc1F,,[13*]CNCC1CNCCC1[23*];[13*]CNC[17*];[14*]NCC1CNCCC1[23*];[15*]CC1CNCCC1[23*];[15*]CC1CNCCC1n1cc([28*])cn1;[16*]C1CNCCC1[23*];[16*]C1CNCCC1n1cc([28*])cn1;[22*]n1cc([28*])cn1;[3*]c1cccc2ncc([25*])nc12;[7*]CN1CCOC(CNC[17*])C1;[7*]CN1CCOC(CN[16*])C1;[7*]CN1CCOC(C[15*])C1;[7*]CN1CCOC([14*])C1;[8*]N1CCOC(CNC[17*])C1;[8*]N1CCOC(CN[16*])C1;[8*]N1CCOC(C[15*])C1;[8*]N1CCOC([14*])C1;[8*]c1c(F)cc([35*])cc1F;[9*]Cc1c(F)cc([35*])cc1F
CAND_70235a488c,19,0,19,True,[14*]CNCC1CC([24*])CCN1;[14*]CNC[18*];[15*]NCC1CC([24*])CCN1;[16*]CC1CC([24*])CCN1;[16*]CC1CC(n2cc([29*])cn2)CCN1;[17*]C1CC([24*])CCN1;[17*]C1CC(n2cc([29*])cn2)CCN1;[20*]n1cc([29*])cn1;[3*]c1cccc2ncc([26*])nc12;[7*]CN1CCOCC1CNC[18*];[7*]CN1CCOCC1CN[17*];[7*]CN1CCOCC1C[16*];[7*]CN1CCOCC1[15*];[8*]N1CCOCC1CNC[18*];[8*]N1CCOCC1CN[17*];[8*]N1CCOCC1C[16*];[8*]N1CCOCC1[15*];[8*]c1c(F)cc([36*])cc1F;[9*]Cc1c(F)cc([36*])cc1F,,[14*]CNCC1CC([24*])CCN1;[14*]CNC[18*];[15*]NCC1CC([24*])CCN1;[16*]CC1CC([24*])CCN1;[16*]CC1CC(n2cc([29*])cn2)CCN1;[17*]C1CC([24*])CCN1;[17*]C1CC(n2cc([29*])cn2)CCN1;[20*]n1cc([29*])cn1;[3*]c1cccc2ncc([26*])nc12;[7*]CN1CCOCC1CNC[18*];[7*]CN1CCOCC1CN[17*];[7*]CN1CCOCC1C[16*];[7*]CN1CCOCC1[15*];[8*]N1CCOCC1CNC[18*];[8*]N1CCOCC1CN[17*];[8*]N1CCOCC1C[16*];[8*]N1CCOCC1[15*];[8*]c1c(F)cc([36*])cc1F;[9*]Cc1c(F)cc([36*])cc1F
CAND_4201b86422,19,0,19,True,[14*]CSCC1CC([24*])CCN1;[14*]CSC[18*];[15*]SCC1CC([24*])CCN1;[16*]CC1CC([24*])CCN1;[16*]CC1CC(n2cc([29*])cn2)CCN1;[17*]C1CC([24*])CCN1;[17*]C1CC(n2cc([29*])cn2)CCN1;[20*]n1cc([29*])cn1;[3*]c1cccc2ncc([26*])nc12;[7*]CN1CCOCC1CSC[18*];[7*]CN1CCOCC1CS[17*];[7*]CN1CCOCC1C[16*];[7*]CN1CCOCC1[15*];[8*]N1CCOCC1CSC[18*];[8*]N1CCOCC1CS[17*];[8*]N1CCOCC1C[16*];[8*]N1CCOCC1[15*];[8*]c1c(F)cc([36*])cc1F;[9*]Cc1c(F)cc([36*])cc1F,,[14*]CSCC1CC([24*])CCN1;[14*]CSC[18*];[15*]SCC1CC([24*])CCN1;[16*]CC1CC([24*])CCN1;[16*]CC1CC(n2cc([29*])cn2)CCN1;[17*]C1CC([24*])CCN1;[17*]C1CC(n2cc([29*])cn2)CCN1;[20*]n1cc([29*])cn1;[3*]c1cccc2ncc([26*])nc12;[7*]CN1CCOCC1CSC[18*];[7*]CN1CCOCC1CS[17*];[7*]CN1CCOCC1C[16*];[7*]CN1CCOCC1[15*];[8*]N1CCOCC1CSC[18*];[8*]N1CCOCC1CS[17*];[8*]N1CCOCC1C[16*];[8*]N1CCOCC1[15*];[8*]c1c(F)cc([36*])cc1F;[9*]Cc1c(F)cc([36*])cc1F
CAND_395f2117dd,14,0,14,True,*COC[32*];*COCc1ccc([27*])s1;[17*]Nc1nccc(-c2ccc([34*])s2)n1;[17*]Nc1nccc([29*])n1;[2*]/C=C/COC[32*];[2*]/C=C/COCc1ccc([27*])s1;[2*]/C=C/CO[34*];[2*]/C=C/C[35*];[22*]c1nccc(-c2ccc(C[35*])s2)n1;[22*]c1nccc(-c2ccc([34*])s2)n1;[22*]c1nccc([29*])n1;[27*]c1ccc(CO[36*])s1;[27*]c1ccc(C[35*])s1;[27*]c1ccc([34*])s1,,*COC[32*];*COCc1ccc([27*])s1;[17*]Nc1nccc(-c2ccc([34*])s2)n1;[17*]Nc1nccc([29*])n1;[2*]/C=C/COC[32*];[2*]/C=C/COCc1ccc([27*])s1;[2*]/C=C/CO[34*];[2*]/C=C/C[35*];[22*]c1nccc(-c2ccc(C[35*])s2)n1;[22*]c1nccc(-c2ccc([34*])s2)n1;[22*]c1nccc([29*])n1;[27*]c1ccc(CO[36*])s1;[27*]c1ccc(C[35*])s1;[27*]c1ccc([34*])s1
CAND_2d24927177,14,0,14,True,*COC[32*];*COCc1ccc([27*])s1;[17*]Nc1nccc(-c2ccc([34*])s2)n1;[17*]Nc1nccc([29*])n1;[2*]/C=C/COC[32*];[2*]/C=C/COCc1ccc([27*])s1;[2*]/C=C/CO[34*];[2*]/C=C/C[35*];[22*]c1nccc(-c2ccc(C[35*])s2)n1;[22*]c1nccc(-c2ccc([34*])s2)n1;[22*]c1nccc([29*])n1;[27*]c1ccc(CO[36*])s1;[27*]c1ccc(C[35*])s1;[27*]c1ccc([34*])s1,,*COC[32*];*COCc1ccc([27*])s1;[17*]Nc1nccc(-c2ccc([34*])s2)n1;[17*]Nc1nccc([29*])n1;[2*]/C=C/COC[32*];[2*]/C=C/COCc1ccc([27*])s1;[2*]/C=C/CO[34*];[2*]/C=C/C[35*];[22*]c1nccc(-c2ccc(C[35*])s2)n1;[22*]c1nccc(-c2ccc([34*])s2)n1;[22*]c1nccc([29*])n1;[27*]c1ccc(CO[36*])s1;[27*]c1ccc(C[35*])s1;[27*]c1ccc([34*])s1
CAND_de00993420,14,0,14,True,*COC[32*];*COCc1ccc([27*])s1;[17*]Nc1nccc(-c2ccc([34*])s2)n1;[17*]Nc1nccc([29*])n1;[2*]/C=C/COC[32*];[2*]/C=C/COCc1ccc([27*])s1;[2*]/C=C/CO[34*];[2*]/C=C/C[35*];[22*]c1nccc(-c2ccc(C[35*])s2)n1;[22*]c1nccc(-c2ccc([34*])s2)n1;[22*]c1nccc([29*])n1;[27*]c1ccc(CO[36*])s1;[27*]c1ccc(C[35*])s1;[27*]c1ccc([34*])s1,,*COC[32*];*COCc1ccc([27*])s1;[17*]Nc1nccc(-c2ccc([34*])s2)n1;[17*]Nc1nccc([29*])n1;[2*]/C=C/COC[32*];[2*]/C=C/COCc1ccc([27*])s1;[2*]/C=C/CO[34*];[2*]/C=C/C[35*];[22*]c1nccc(-c2ccc(C[35*])s2)n1;[22*]c1nccc(-c2ccc([34*])s2)n1;[22*]c1nccc([29*])n1;[27*]c1ccc(CO[36*])s1;[27*]c1ccc(C[35*])s1;[27*]c1ccc([34*])s1
CAND_b7e749a45e,14,0,14,True,*COC[32*];*COCc1ccc([27*])s1;[17*]Nc1nccc(-c2ccc([34*])s2)n1;[17*]Nc1nccc([29*])n1;[2*]/C=C/COC[32*];[2*]/C=C/COCc1ccc([27*])s1;[2*]/C=C/CO[34*];[2*]/C=C/C[35*];[22*]c1nccc(-c2ccc(C[35*])s2)n1;[22*]c1nccc(-c2ccc([34*])s2)n1;[22*]c1nccc([29*])n1;[27*]c1ccc(CO[36*])s1;[27*]c1ccc(C[35*])s1;[27*]c1ccc([34*])s1,,*COC[32*];*COCc1ccc([27*])s1;[17*]Nc1nccc(-c2ccc([34*])s2)n1;[17*]Nc1nccc([29*])n1;[2*]/C=C/COC[32*];[2*]/C=C/COCc1ccc([27*])s1;[2*]/C=C/CO[34*];[2*]/C=C/C[35*];[22*]c1nccc(-c2ccc(C[35*])s2)n1;[22*]c1nccc(-c2ccc([34*])s2)n1;[22*]c1nccc([29*])n1;[27*]c1ccc(CO[36*])s1;[27*]c1ccc(C[35*])s1;[27*]c1ccc([34*])s1
CAND_11be2ba7cd,11,0,11,True,*COC[32*];*COCc1ccc([27*])s1;[1*]COC[18*];[16*]Nc1nccc(-c2ccc([34*])s2)n1;[16*]Nc1nccc([29*])n1;[22*]c1nccc(-c2ccc(C[35*])s2)n1;[22*]c1nccc(-c2ccc([34*])s2)n1;[22*]c1nccc([29*])n1;[27*]c1ccc(CO[36*])s1;[27*]c1ccc(C[35*])s1;[27*]c1ccc([34*])s1,,*COC[32*];*COCc1ccc([27*])s1;[1*]COC[18*];[16*]Nc1nccc(-c2ccc([34*])s2)n1;[16*]Nc1nccc([29*])n1;[22*]c1nccc(-c2ccc(C[35*])s2)n1;[22*]c1nccc(-c2ccc([34*])s2)n1;[22*]c1nccc([29*])n1;[27*]c1ccc(CO[36*])s1;[27*]c1ccc(C[35*])s1;[27*]c1ccc([34*])s1
CAND_206c165320,11,0,11,True,*COC[32*];*COCc1ccc([27*])s1;[1*]COC[18*];[16*]Nc1nccc(-c2ccc([34*])s2)n1;[16*]Nc1nccc([29*])n1;[22*]c1nccc(-c2ccc(C[35*])s2)n1;[22*]c1nccc(-c2ccc([34*])s2)n1;[22*]c1nccc([29*])n1;[27*]c1ccc(CO[36*])s1;[27*]c1ccc(C[35*])s1;[27*]c1ccc([34*])s1,,*COC[32*];*COCc1ccc([27*])s1;[1*]COC[18*];[16*]Nc1nccc(-c2ccc([34*])s2)n1;[16*]Nc1nccc([29*])n1;[22*]c1nccc(-c2ccc(C[35*])s2)n1;[22*]c1nccc(-c2ccc([34*])s2)n1;[22*]c1nccc([29*])n1;[27*]c1ccc(CO[36*])s1;[27*]c1ccc(C[35*])s1;[27*]c1ccc([34*])s1
CAND_30c31fa10b,12,0,12,True,*COC[19*];[17*]Nc1nccc(-c2ccc([35*])s2)n1;[17*]Nc1nccc([30*])n1;[2*]/C=C/COC[19*];[2*]/C=C/CO[20*];[2*]/C=C/C[21*];[2*]OCc1ccc([28*])s1;[23*]c1nccc(-c2ccc(C[36*])s2)n1;[23*]c1nccc(-c2ccc([35*])s2)n1;[23*]c1nccc([30*])n1;[28*]c1ccc(C[36*])s1;[28*]c1ccc([35*])s1,,*COC[19*];[17*]Nc1nccc(-c2ccc([35*])s2)n1;[17*]Nc1nccc([30*])n1;[2*]/C=C/COC[19*];[2*]/C=C/CO[20*];[2*]/C=C/C[21*];[2*]OCc1ccc([28*])s1;[23*]c1nccc(-c2ccc(C[36*])s2)n1;[23*]c1nccc(-c2ccc([35*])s2)n1;[23*]c1nccc([30*])n1;[28*]c1ccc(C[36*])s1;[28*]c1ccc([35*])s1
CAND_4f59bd6508,12,0,12,True,*COC[19*];[17*]Nc1nccc(-c2ccc([35*])s2)n1;[17*]Nc1nccc([30*])n1;[2*]/C=C/COC[19*];[2*]/C=C/CO[20*];[2*]/C=C/C[21*];[2*]OCc1ccc([28*])s1;[23*]c1nccc(-c2ccc(C[36*])s2)n1;[23*]c1nccc(-c2ccc([35*])s2)n1;[23*]c1nccc([30*])n1;[28*]c1ccc(C[36*])s1;[28*]c1ccc([35*])s1,,*COC[19*];[17*]Nc1nccc(-c2ccc([35*])s2)n1;[17*]Nc1nccc([30*])n1;[2*]/C=C/COC[19*];[2*]/C=C/CO[20*];[2*]/C=C/C[21*];[2*]OCc1ccc([28*])s1;[23*]c1nccc(-c2ccc(C[36*])s2)n1;[23*]c1nccc(-c2ccc([35*])s2)n1;[23*]c1nccc([30*])n1;[28*]c1ccc(C[36*])s1;[28*]c1ccc([35*])s1
CAND_3840bc96b5,12,0,12,True,*COC[19*];[17*]Nc1nccc(-c2ccc([35*])s2)n1;[17*]Nc1nccc([30*])n1;[2*]/C=C/COC[19*];[2*]/C=C/CO[20*];[2*]/C=C/C[21*];[2*]OCc1ccc([28*])s1;[23*]c1nccc(-c2ccc(C[36*])s2)n1;[23*]c1nccc(-c2ccc([35*])s2)n1;[23*]c1nccc([30*])n1;[28*]c1ccc(C[36*])s1;[28*]c1ccc([35*])s1,,*COC[19*];[17*]Nc1nccc(-c2ccc([35*])s2)n1;[17*]Nc1nccc([30*])n1;[2*]/C=C/COC[19*];[2*]/C=C/CO[20*];[2*]/C=C/C[21*];[2*]OCc1ccc([28*])s1;[23*]c1nccc(-c2ccc(C[36*])s2)n1;[23*]c1nccc(-c2ccc([35*])s2)n1;[23*]c1nccc([30*])n1;[28*]c1ccc(C[36*])s1;[28*]c1ccc([35*])s1
CAND_9cd85a18b6,12,0,12,True,*COC[19*];[17*]Nc1nccc(-c2ccc([35*])s2)n1;[17*]Nc1nccc([30*])n1;[2*]/C=C/COC[19*];[2*]/C=C/CO[20*];[2*]/C=C/C[21*];[2*]OCc1ccc([28*])s1;[23*]c1nccc(-c2ccc(C[36*])s2)n1;[23*]c1nccc(-c2ccc([35*])s2)n1;[23*]c1nccc([30*])n1;[28*]c1ccc(C[36*])s1;[28*]c1ccc([35*])s1,,*COC[19*];[17*]Nc1nccc(-c2ccc([35*])s2)n1;[17*]Nc1nccc([30*])n1;[2*]/C=C/COC[19*];[2*]/C=C/CO[20*];[2*]/C=C/C[21*];[2*]OCc1ccc([28*])s1;[23*]c1nccc(-c2ccc(C[36*])s2)n1;[23*]c1nccc(-c2ccc([35*])s2)n1;[23*]c1nccc([30*])n1;[28*]c1ccc(C[36*])s1;[28*]c1ccc([35*])s1
CAND_5c64fa89d0,11,0,11,True,*COC[18*];[1*]COC[32*];[1*]COCc1ccc([27*])s1;[16*]Nc1nccc(-c2ccc([34*])s2)n1;[16*]Nc1nccc([29*])n1;[22*]c1nccc(-c2ccc(C[35*])s2)n1;[22*]c1nccc(-c2ccc([34*])s2)n1;[22*]c1nccc([29*])n1;[27*]c1ccc(CO[36*])s1;[27*]c1ccc(C[35*])s1;[27*]c1ccc([34*])s1,,*COC[18*];[1*]COC[32*];[1*]COCc1ccc([27*])s1;[16*]Nc1nccc(-c2ccc([34*])s2)n1;[16*]Nc1nccc([29*])n1;[22*]c1nccc(-c2ccc(C[35*])s2)n1;[22*]c1nccc(-c2ccc([34*])s2)n1;[22*]c1nccc([29*])n1;[27*]c1ccc(CO[36*])s1;[27*]c1ccc(C[35*])s1;[27*]c1ccc([34*])s1
CAND_67bc1f8ccd,11,0,11,True,*COC[18*];[1*]COC[32*];[1*]COCc1ccc([27*])s1;[16*]Nc1nccc(-c2ccc([34*])s2)n1;[16*]Nc1nccc([29*])n1;[22*]c1nccc(-c2ccc(C[35*])s2)n1;[22*]c1nccc(-c2ccc([34*])s2)n1;[22*]c1nccc([29*])n1;[27*]c1ccc(CO[36*])s1;[27*]c1ccc(C[35*])s1;[27*]c1ccc([34*])s1,,*COC[18*];[1*]COC[32*];[1*]COCc1ccc([27*])s1;[16*]Nc1nccc(-c2ccc([34*])s2)n1;[16*]Nc1nccc([29*])n1;[22*]c1nccc(-c2ccc(C[35*])s2)n1;[22*]c1nccc(-c2ccc([34*])s2)n1;[22*]c1nccc([29*])n1;[27*]c1ccc(CO[36*])s1;[27*]c1ccc(C[35*])s1;[27*]c1ccc([34*])s1
