candidate_id,smiles,docking_engine,receptor_pdb,grid_center_x,grid_center_y,grid_center_z,grid_size_x,grid_size_y,grid_size_z,best_score,pose_rank,pose_file,pose_image,control_or_generated,notes
CAND_030a0135bb,Cc1nc(C#N)c2nc1Nc1cc([nH]n1)CCOCc1nc(ncc1F)[C@H](C)N2,vina,5AEP,32.53,13.271,-3.863,18.0,18.0,18.0,-6.547,1,C:\Users\srira\Desktop\new_plan\EMD_V5_2_Hybrid\06_docking\poses\CAND_030a0135bb_vina_out.pdbqt,,generated,parsed
CAND_03abc0c2b1,CC[C@H](C1CCCC1)N1C=CC=NC=NCNC=CCC=N1,vina,5AEP,32.53,13.271,-3.863,18.0,18.0,18.0,-5.901,1,C:\Users\srira\Desktop\new_plan\EMD_V5_2_Hybrid\06_docking\poses\CAND_03abc0c2b1_vina_out.pdbqt,,generated,parsed
CAND_03fca0654a,Cc1cnc2nc1Nc1n[nH]c(C)c1CCCc1nc(ncc1F)[C@H](C)N2,vina,5AEP,32.53,13.271,-3.863,18.0,18.0,18.0,-7.123,1,C:\Users\srira\Desktop\new_plan\EMD_V5_2_Hybrid\06_docking\poses\CAND_03fca0654a_vina_out.pdbqt,,generated,parsed
CAND_0644c5205e,N#CCC(=O)N1CC[C@H]2CCCCCSCCCCCN(c3ncnc4[nH]ccc34)[C@H]2C1,vina,5AEP,32.53,13.271,-3.863,18.0,18.0,18.0,-6.505,1,C:\Users\srira\Desktop\new_plan\EMD_V5_2_Hybrid\06_docking\poses\CAND_0644c5205e_vina_out.pdbqt,,generated,parsed
CAND_08a3534750,CC(=O)NC=C1C=C(C2=CC=NCNC3=CC=CCNCCOCCC3=N2)C=CC1,vina,5AEP,32.53,13.271,-3.863,18.0,18.0,18.0,-5.591,1,C:\Users\srira\Desktop\new_plan\EMD_V5_2_Hybrid\06_docking\poses\CAND_08a3534750_vina_out.pdbqt,,generated,parsed
CAND_0afbd4371b,COc1cc2nc(n1)N[C@H](c1ncc(F)cn1)CCSCCc1cnc(s1)N2,vina,5AEP,32.53,13.271,-3.863,18.0,18.0,18.0,-6.386,1,C:\Users\srira\Desktop\new_plan\EMD_V5_2_Hybrid\06_docking\poses\CAND_0afbd4371b_vina_out.pdbqt,,generated,parsed
CAND_0feb57e148,Cc1cnc(Nc2cc3nc(n2)N[C@@H](C)c2ncc(F)c(n2)CCCCO3)s1,vina,5AEP,32.53,13.271,-3.863,18.0,18.0,18.0,-7.095,1,C:\Users\srira\Desktop\new_plan\EMD_V5_2_Hybrid\06_docking\poses\CAND_0feb57e148_vina_out.pdbqt,,generated,parsed
CAND_101875c1e6,N#CC[C@@H]1C2CCCC2COCNCc2nc(c3cc[nH]c3n2)-c2cnn1c2,vina,5AEP,32.53,13.271,-3.863,18.0,18.0,18.0,-7.277,1,C:\Users\srira\Desktop\new_plan\EMD_V5_2_Hybrid\06_docking\poses\CAND_101875c1e6_vina_out.pdbqt,,generated,parsed
CAND_1450c465bc,N#CC[C@@H]1C2CCCC2CCCCCc2nc(c3cc[nH]c3n2)-c2cnn1c2,vina,5AEP,32.53,13.271,-3.863,18.0,18.0,18.0,-7.348,1,C:\Users\srira\Desktop\new_plan\EMD_V5_2_Hybrid\06_docking\poses\CAND_1450c465bc_vina_out.pdbqt,,generated,parsed
CAND_164da61b83,C=CC1=CC(=CNC(=O)[C@H]2CCCN2)N=CC(N2CCOCC2)=CC=CN=CC=C1,vina,5AEP,32.53,13.271,-3.863,18.0,18.0,18.0,-7.103,1,C:\Users\srira\Desktop\new_plan\EMD_V5_2_Hybrid\06_docking\poses\CAND_164da61b83_vina_out.pdbqt,,generated,parsed
CAND_1b0430816b,CN(c1ncnc2[nH]ccc12)[C@H]1CN2CC[C@H]1CCCCOCCC(C#N)C2=O,vina,5AEP,32.53,13.271,-3.863,18.0,18.0,18.0,-6.861,1,C:\Users\srira\Desktop\new_plan\EMD_V5_2_Hybrid\06_docking\poses\CAND_1b0430816b_vina_out.pdbqt,,generated,parsed
CAND_1b74ae5153,C=C1C=CC=C[C@H](C)NC=CC=NC(NC=NCC=NC=N)=C1,vina,5AEP,32.53,13.271,-3.863,18.0,18.0,18.0,-6.283,1,C:\Users\srira\Desktop\new_plan\EMD_V5_2_Hybrid\06_docking\poses\CAND_1b74ae5153_vina_out.pdbqt,,generated,parsed
CAND_1dc4604721,COC=C=C1CN2NC3(N=CC2=CC=CC=CC=CC=C3O)N1,vina,5AEP,32.53,13.271,-3.863,18.0,18.0,18.0,-6.914,1,C:\Users\srira\Desktop\new_plan\EMD_V5_2_Hybrid\06_docking\poses\CAND_1dc4604721_vina_out.pdbqt,,generated,parsed
CAND_1eac1398e4,O=C(C=CCC=CCl)NC1C=CC=CC2=CC1C(=O)NC=CC=CC=CC=N2,vina,5AEP,32.53,13.271,-3.863,18.0,18.0,18.0,-6.201,1,C:\Users\srira\Desktop\new_plan\EMD_V5_2_Hybrid\06_docking\poses\CAND_1eac1398e4_vina_out.pdbqt,,generated,parsed
CAND_1f440748ca,Cc1cnc2nc1Nc1n[nH]c(C)c1COCc1nc(ncc1F)[C@H](C)N2,vina,5AEP,32.53,13.271,-3.863,18.0,18.0,18.0,-6.963,1,C:\Users\srira\Desktop\new_plan\EMD_V5_2_Hybrid\06_docking\poses\CAND_1f440748ca_vina_out.pdbqt,,generated,parsed
CAND_22d092771b,C[C@H]1CC=C(F)C=NN=C(N2CCOCC2)C=C(Nc2ncc(C#N)s2)N=N1,vina,5AEP,32.53,13.271,-3.863,18.0,18.0,18.0,-6.373,1,C:\Users\srira\Desktop\new_plan\EMD_V5_2_Hybrid\06_docking\poses\CAND_22d092771b_vina_out.pdbqt,,generated,parsed
CAND_2333b40a1e,NC(=O)c1cnc2cc1NCC(F)=CC=CC1(CC1)[C@H](C(F)(F)F)N2,vina,5AEP,32.53,13.271,-3.863,18.0,18.0,18.0,-6.785,1,C:\Users\srira\Desktop\new_plan\EMD_V5_2_Hybrid\06_docking\poses\CAND_2333b40a1e_vina_out.pdbqt,,generated,parsed
CAND_2584beb1c0,O=CNC1=CC=C2CCN=CC(=C1)NC#CN=CC(Cl)=CN2,vina,5AEP,32.53,13.271,-3.863,18.0,18.0,18.0,-4.951,1,C:\Users\srira\Desktop\new_plan\EMD_V5_2_Hybrid\06_docking\poses\CAND_2584beb1c0_vina_out.pdbqt,,generated,parsed
CAND_279bcf4cf5,CC(=O)NC=CC=C1CC=CC2CN(CCO2)c2ccc(cc2)Nc2nccc1n2,vina,5AEP,32.53,13.271,-3.863,18.0,18.0,18.0,-6.722,1,C:\Users\srira\Desktop\new_plan\EMD_V5_2_Hybrid\06_docking\poses\CAND_279bcf4cf5_vina_out.pdbqt,,generated,parsed
CAND_27e700626f,CC1CN(C)CNC(CCl)=CC=CNC2N=CC=C(C=CC3=CC=COC3)N12,vina,5AEP,32.53,13.271,-3.863,18.0,18.0,18.0,-6.289,1,C:\Users\srira\Desktop\new_plan\EMD_V5_2_Hybrid\06_docking\poses\CAND_27e700626f_vina_out.pdbqt,,generated,parsed
CAND_29cf1d90ca,C[C@H]1C=C2C=CCNC(=N2)C2=NCC=CCC=NC(COC2)O1,vina,5AEP,32.53,13.271,-3.863,18.0,18.0,18.0,-3.562,1,C:\Users\srira\Desktop\new_plan\EMD_V5_2_Hybrid\06_docking\poses\CAND_29cf1d90ca_vina_out.pdbqt,,generated,parsed
CAND_2a7df84e67,COC1=C(OC)C(N2C(=O)C3=CC=CC(=CCl)C=CC=CC2C=C3)C=COC1,vina,5AEP,32.53,13.271,-3.863,18.0,18.0,18.0,-4.143,1,C:\Users\srira\Desktop\new_plan\EMD_V5_2_Hybrid\06_docking\poses\CAND_2a7df84e67_vina_out.pdbqt,,generated,parsed
CAND_2b6e6df8b8,N#CC[C@@H]1C2CCCC2CCNCCc2nc(c3cc[nH]c3n2)-c2cnn1c2,vina,5AEP,32.53,13.271,-3.863,18.0,18.0,18.0,-7.472,1,C:\Users\srira\Desktop\new_plan\EMD_V5_2_Hybrid\06_docking\poses\CAND_2b6e6df8b8_vina_out.pdbqt,,generated,parsed
CAND_2d63f0994e,C[C@@H]1Nc2nc(cnc2C#N)Nc2cc([nH]n2)CCOCc2cc1ncc2F,vina,5AEP,32.53,13.271,-3.863,18.0,18.0,18.0,-7.19,1,C:\Users\srira\Desktop\new_plan\EMD_V5_2_Hybrid\06_docking\poses\CAND_2d63f0994e_vina_out.pdbqt,,generated,parsed
CAND_2d894f0a15,CC1C=CC(C=O)NC=CCN=CN([C@H](C(C)C)C(F)(F)F)C=C1,vina,5AEP,32.53,13.271,-3.863,18.0,18.0,18.0,-5.286,1,C:\Users\srira\Desktop\new_plan\EMD_V5_2_Hybrid\06_docking\poses\CAND_2d894f0a15_vina_out.pdbqt,,generated,parsed
CAND_2e664eff89,O=NC1CCCC=CC2C[C@@H](C3CC3)N2C=NC=C=N1,vina,5AEP,32.53,13.271,-3.863,18.0,18.0,18.0,-5.282,1,C:\Users\srira\Desktop\new_plan\EMD_V5_2_Hybrid\06_docking\poses\CAND_2e664eff89_vina_out.pdbqt,,generated,parsed
CAND_2f4037447d,C[C@@H](N=C(F)C=N)N1C=NC2C=CC=CC(=N1)N=CN(C)C=CN2,vina,5AEP,32.53,13.271,-3.863,18.0,18.0,18.0,-5.956,1,C:\Users\srira\Desktop\new_plan\EMD_V5_2_Hybrid\06_docking\poses\CAND_2f4037447d_vina_out.pdbqt,,generated,parsed
CAND_31c1461a1a,CCCN1CCCCN(C=CCl)CCCCCC1=O,vina,5AEP,32.53,13.271,-3.863,18.0,18.0,18.0,-4.583,1,C:\Users\srira\Desktop\new_plan\EMD_V5_2_Hybrid\06_docking\poses\CAND_31c1461a1a_vina_out.pdbqt,,generated,parsed
CAND_3404dcdd42,C[C@H]1CC=CC=CN=C(n2cnc3ccncc32)N=CC=CN1,vina,5AEP,32.53,13.271,-3.863,18.0,18.0,18.0,-6.361,1,C:\Users\srira\Desktop\new_plan\EMD_V5_2_Hybrid\06_docking\poses\CAND_3404dcdd42_vina_out.pdbqt,,generated,parsed
CAND_34c64f09be,CN(c1ncnc2[nH]ccc12)[C@H]1CN2CC[C@H]1CCCCCCCC(C#N)C2=O,vina,5AEP,32.53,13.271,-3.863,18.0,18.0,18.0,-6.493,1,C:\Users\srira\Desktop\new_plan\EMD_V5_2_Hybrid\06_docking\poses\CAND_34c64f09be_vina_out.pdbqt,,generated,parsed
CAND_35811d5578,CNCCN1C=CC2=CNCN=CC=CC=CCC=CC(SC=O)=CN2N1,vina,5AEP,32.53,13.271,-3.863,18.0,18.0,18.0,-4.982,1,C:\Users\srira\Desktop\new_plan\EMD_V5_2_Hybrid\06_docking\poses\CAND_35811d5578_vina_out.pdbqt,,generated,parsed
CAND_38659e93bf,C[C@H](NC1=NC=C(C(N)F)OCNCC(c2cnn(C)c2)=CC=CC1)C1CC1,vina,5AEP,32.53,13.271,-3.863,18.0,18.0,18.0,-6.39,1,C:\Users\srira\Desktop\new_plan\EMD_V5_2_Hybrid\06_docking\poses\CAND_38659e93bf_vina_out.pdbqt,,generated,parsed
CAND_395a83733f,FNC1N=CC=CC=Cc2ccccc2OCNN=N1,vina,5AEP,32.53,13.271,-3.863,18.0,18.0,18.0,-5.446,1,C:\Users\srira\Desktop\new_plan\EMD_V5_2_Hybrid\06_docking\poses\CAND_395a83733f_vina_out.pdbqt,,generated,parsed
CAND_39a45170c0,N#CCC(=O)N1CC[C@H]2CCCCCNCCCCCN(c3ncnc4[nH]ccc34)[C@H]2C1,vina,5AEP,32.53,13.271,-3.863,18.0,18.0,18.0,-6.289,1,C:\Users\srira\Desktop\new_plan\EMD_V5_2_Hybrid\06_docking\poses\CAND_39a45170c0_vina_out.pdbqt,,generated,parsed
CAND_39d55ed837,N#C[C@@H]1CCN2C(=O)[C@@H](C3CC3)NC(=O)c3c[nH]c4ncc(nc34)C3(CCCCC12)CC3,vina,5AEP,32.53,13.271,-3.863,18.0,18.0,18.0,-7.1,1,C:\Users\srira\Desktop\new_plan\EMD_V5_2_Hybrid\06_docking\poses\CAND_39d55ed837_vina_out.pdbqt,,generated,parsed
CAND_3a37400fe4,Cc1cc(Nc2nc3cnc2CCCCc2nc(ccc2F)[C@H](C)N3)n[nH]1,vina,5AEP,32.53,13.271,-3.863,18.0,18.0,18.0,-6.89,1,C:\Users\srira\Desktop\new_plan\EMD_V5_2_Hybrid\06_docking\poses\CAND_3a37400fe4_vina_out.pdbqt,,generated,parsed
CAND_3b04a27187,ClCC=CNC1N=CC=CC=CCC=CC=CNC=NN=[SH]1,vina,5AEP,32.53,13.271,-3.863,18.0,18.0,18.0,-5.639,1,C:\Users\srira\Desktop\new_plan\EMD_V5_2_Hybrid\06_docking\poses\CAND_3b04a27187_vina_out.pdbqt,,generated,parsed
CAND_3d3d2ca880,CS(=O)(=O)n1cnnc(NN=CF)ncccccc2cccnc21,vina,5AEP,32.53,13.271,-3.863,18.0,18.0,18.0,-7.396,1,C:\Users\srira\Desktop\new_plan\EMD_V5_2_Hybrid\06_docking\poses\CAND_3d3d2ca880_vina_out.pdbqt,,generated,parsed
CAND_3fa11742db,C[C@H](ONC1=CN=CC=NNC2=CCC2NC=N1)c1ccc(F)cn1,vina,5AEP,32.53,13.271,-3.863,18.0,18.0,18.0,-7.069,1,C:\Users\srira\Desktop\new_plan\EMD_V5_2_Hybrid\06_docking\poses\CAND_3fa11742db_vina_out.pdbqt,,generated,parsed
CAND_445bda5e64,C1=CC=CC=NC=CC2=CC=CN3CCC(N=CO2)NC(C3)N=1,vina,5AEP,32.53,13.271,-3.863,18.0,18.0,18.0,-3.904,1,C:\Users\srira\Desktop\new_plan\EMD_V5_2_Hybrid\06_docking\poses\CAND_445bda5e64_vina_out.pdbqt,,generated,parsed
CAND_45341a8161,ClC1C=CCOCC=CN=CC=Cc2ccnc(n2)N1,vina,5AEP,32.53,13.271,-3.863,18.0,18.0,18.0,-5.491,1,C:\Users\srira\Desktop\new_plan\EMD_V5_2_Hybrid\06_docking\poses\CAND_45341a8161_vina_out.pdbqt,,generated,parsed
CAND_457797d542,C=C1NC(C)=CCNC=NCON(CCNC(=O)C2=CC=CCC2)C=CN1N,vina,5AEP,32.53,13.271,-3.863,18.0,18.0,18.0,-7.047,1,C:\Users\srira\Desktop\new_plan\EMD_V5_2_Hybrid\06_docking\poses\CAND_457797d542_vina_out.pdbqt,,generated,parsed
CAND_45fd077ab1,CC(C)[C@@H](NC1=NCC=CNC(=O)CN(C)N=CC=C1)C(F)(F)F,vina,5AEP,32.53,13.271,-3.863,18.0,18.0,18.0,-5.325,1,C:\Users\srira\Desktop\new_plan\EMD_V5_2_Hybrid\06_docking\poses\CAND_45fd077ab1_vina_out.pdbqt,,generated,parsed
CAND_472476eeb3,N=C1N=CC=C(C2=CCN3C(=O)CCCN[CH]C3=C2)CCOCCNc2ccc(cc2)S1,vina,5AEP,32.53,13.271,-3.863,18.0,18.0,18.0,-6.016,1,C:\Users\srira\Desktop\new_plan\EMD_V5_2_Hybrid\06_docking\poses\CAND_472476eeb3_vina_out.pdbqt,,generated,parsed
CAND_49a2c11445,N#CCC(=O)N1CC[C@H]2CCCCOCCNCCCN(c3ncnc4[nH]ccc34)[C@H]2C1,vina,5AEP,32.53,13.271,-3.863,18.0,18.0,18.0,-6.451,1,C:\Users\srira\Desktop\new_plan\EMD_V5_2_Hybrid\06_docking\poses\CAND_49a2c11445_vina_out.pdbqt,,generated,parsed
CAND_4b9a80dcb9,CC1CC(C)C(C2CC2)OC=NC=C(C(N)=O)CNc2cc(-c3cnn(C)c3)ccc21,vina,5AEP,32.53,13.271,-3.863,18.0,18.0,18.0,-6.859,1,C:\Users\srira\Desktop\new_plan\EMD_V5_2_Hybrid\06_docking\poses\CAND_4b9a80dcb9_vina_out.pdbqt,,generated,parsed
CAND_4bf5715aca,Cc1nc(C#N)c2nc1Nc1cc([nH]n1)CCCOCC(C)(c1ccc(F)cn1)N2,vina,5AEP,32.53,13.271,-3.863,18.0,18.0,18.0,-7.167,1,C:\Users\srira\Desktop\new_plan\EMD_V5_2_Hybrid\06_docking\poses\CAND_4bf5715aca_vina_out.pdbqt,,generated,parsed
CAND_527b0c26f5,CC=CC1=NNC=C2C[C@@H](C=NC=C2F)NC(C#N)(N=CCC)N=CN1,vina,5AEP,32.53,13.271,-3.863,18.0,18.0,18.0,-6.17,1,C:\Users\srira\Desktop\new_plan\EMD_V5_2_Hybrid\06_docking\poses\CAND_527b0c26f5_vina_out.pdbqt,,generated,parsed
CAND_56ba271daf,CC1CC2=NC(=O)C3=CN=C([C@H]1CF)N(C)N=CCC1C=CNC3C2=C1,vina,5AEP,32.53,13.271,-3.863,18.0,18.0,18.0,-4.143,1,C:\Users\srira\Desktop\new_plan\EMD_V5_2_Hybrid\06_docking\poses\CAND_56ba271daf_vina_out.pdbqt,,generated,parsed
CAND_57118fd3af,CN(c1ncnc2[nH]ccc12)[C@H]1CN2CC[C@H]1CCCCNCCC(C#N)C2=O,vina,5AEP,32.53,13.271,-3.863,18.0,18.0,18.0,-7.065,1,C:\Users\srira\Desktop\new_plan\EMD_V5_2_Hybrid\06_docking\poses\CAND_57118fd3af_vina_out.pdbqt,,generated,parsed
CAND_577f2e4a02,CN1C=CNC(=O)CC=NNC=CC(N)=NCC(c2cc(Cl)ccc2Cl)=N1,vina,5AEP,32.53,13.271,-3.863,18.0,18.0,18.0,-7.219,1,C:\Users\srira\Desktop\new_plan\EMD_V5_2_Hybrid\06_docking\poses\CAND_577f2e4a02_vina_out.pdbqt,,generated,parsed
CAND_582e6f4484,Cc1cnc(Nc2cc3nc(n2)N[C@@H](C)c2ncc(F)c(n2)CSCCO3)s1,vina,5AEP,32.53,13.271,-3.863,18.0,18.0,18.0,-6.834,1,C:\Users\srira\Desktop\new_plan\EMD_V5_2_Hybrid\06_docking\poses\CAND_582e6f4484_vina_out.pdbqt,,generated,parsed
CAND_5aa3611fa3,C[C@@H]1Nc2cncc(n2)Nc2cc([nH]n2)CCCSCc2nc1ncc2F,vina,5AEP,32.53,13.271,-3.863,18.0,18.0,18.0,-6.704,1,C:\Users\srira\Desktop\new_plan\EMD_V5_2_Hybrid\06_docking\poses\CAND_5aa3611fa3_vina_out.pdbqt,,generated,parsed
CAND_5b15561f8a,NC1=NCC2N=C(c3cc(Cl)ccc3Cl)C(=CN2)NC(=O)CC=NN=C1,vina,5AEP,32.53,13.271,-3.863,18.0,18.0,18.0,-5.48,1,C:\Users\srira\Desktop\new_plan\EMD_V5_2_Hybrid\06_docking\poses\CAND_5b15561f8a_vina_out.pdbqt,,generated,parsed
CAND_5b2ed42749,CCCC1=CN=CNC=CC(=O)N[C@@H](C(=O)NCCC#N)CC(C)CC1,vina,5AEP,32.53,13.271,-3.863,18.0,18.0,18.0,-5.87,1,C:\Users\srira\Desktop\new_plan\EMD_V5_2_Hybrid\06_docking\poses\CAND_5b2ed42749_vina_out.pdbqt,,generated,parsed
CAND_5bcd4c7daf,CC1=CC=CC=COC2=NNC2(NC=CCl)N=CC=C1,vina,5AEP,32.53,13.271,-3.863,18.0,18.0,18.0,-5.02,1,C:\Users\srira\Desktop\new_plan\EMD_V5_2_Hybrid\06_docking\poses\CAND_5bcd4c7daf_vina_out.pdbqt,,generated,parsed
CAND_5ca47dbfbb,Cc1cnc(Nc2cc3nc(n2)N[C@@H](C)c2ncc(F)c(n2)COCCO3)s1,vina,5AEP,32.53,13.271,-3.863,18.0,18.0,18.0,-7.152,1,C:\Users\srira\Desktop\new_plan\EMD_V5_2_Hybrid\06_docking\poses\CAND_5ca47dbfbb_vina_out.pdbqt,,generated,parsed
CAND_5e5838b904,Cc1cc(Nc2nc3cnc2CCOCc2nc(ccc2F)[C@H](C)N3)n[nH]1,vina,5AEP,32.53,13.271,-3.863,18.0,18.0,18.0,-7.359,1,C:\Users\srira\Desktop\new_plan\EMD_V5_2_Hybrid\06_docking\poses\CAND_5e5838b904_vina_out.pdbqt,,generated,parsed
CAND_6741d8c72c,C[C@@H]1CC2=NCSC3=C(N=CC3CC(N)=NNC=C2)N1,vina,5AEP,32.53,13.271,-3.863,18.0,18.0,18.0,-3.989,1,C:\Users\srira\Desktop\new_plan\EMD_V5_2_Hybrid\06_docking\poses\CAND_6741d8c72c_vina_out.pdbqt,,generated,parsed
CAND_67afdb076f,CNC1=NC=NC(N[C@@H](C)c2ccccc2)=CCN=CC(=O)NO1,vina,5AEP,32.53,13.271,-3.863,18.0,18.0,18.0,-6.84,1,C:\Users\srira\Desktop\new_plan\EMD_V5_2_Hybrid\06_docking\poses\CAND_67afdb076f_vina_out.pdbqt,,generated,parsed
CAND_68664579d9,CCC[C@@H]1CC=C(F)C=CCSC2(C=CN1)CCNN1C=CC=NC12,vina,5AEP,32.53,13.271,-3.863,18.0,18.0,18.0,-6.214,1,C:\Users\srira\Desktop\new_plan\EMD_V5_2_Hybrid\06_docking\poses\CAND_68664579d9_vina_out.pdbqt,,generated,parsed
CAND_689b77b5c8,Fc1cnc([C@@H]2CCSCCCc3cc(n[nH]3)Nc3nc(ncc3F)N2)nc1,vina,5AEP,32.53,13.271,-3.863,18.0,18.0,18.0,-6.714,1,C:\Users\srira\Desktop\new_plan\EMD_V5_2_Hybrid\06_docking\poses\CAND_689b77b5c8_vina_out.pdbqt,,generated,parsed
CAND_68b80f53f9,C[C@H]1C=C(F)C=NC(=N)C=CC=C=C(Nc2cn(C)cn2)CN1,vina,5AEP,32.53,13.271,-3.863,18.0,18.0,18.0,-5.739,1,C:\Users\srira\Desktop\new_plan\EMD_V5_2_Hybrid\06_docking\poses\CAND_68b80f53f9_vina_out.pdbqt,,generated,parsed
CAND_754572eec6,CN1CCN(C(=O)C2=CC=C3C=CN=CC=CC=C(C=CCl)CC4=NC24C3)CC1,vina,5AEP,32.53,13.271,-3.863,18.0,18.0,18.0,-5.905,1,C:\Users\srira\Desktop\new_plan\EMD_V5_2_Hybrid\06_docking\poses\CAND_754572eec6_vina_out.pdbqt,,generated,parsed
CAND_75476d0578,N#CC[C@@H]1C2CCCC2CCOCCc2nc(c3cc[nH]c3n2)-c2cnn1c2,vina,5AEP,32.53,13.271,-3.863,18.0,18.0,18.0,-7.36,1,C:\Users\srira\Desktop\new_plan\EMD_V5_2_Hybrid\06_docking\poses\CAND_75476d0578_vina_out.pdbqt,,generated,parsed
CAND_764d7e347a,FC1C=NCNCC=CC=CCCC2NC=NN2C1,vina,5AEP,32.53,13.271,-3.863,18.0,18.0,18.0,-5.67,1,C:\Users\srira\Desktop\new_plan\EMD_V5_2_Hybrid\06_docking\poses\CAND_764d7e347a_vina_out.pdbqt,,generated,parsed
CAND_7663dcf937,C[C@@H]1Nc2cncc(n2)Nc2cc([nH]n2)OCCOCc2nc1ccc2F,vina,5AEP,32.53,13.271,-3.863,18.0,18.0,18.0,-6.807,1,C:\Users\srira\Desktop\new_plan\EMD_V5_2_Hybrid\06_docking\poses\CAND_7663dcf937_vina_out.pdbqt,,generated,parsed
CAND_780e7a8d6a,NC(=O)CN1CCCC=CC=CCN=CC=CC=C1C=CC=CC=CC=C1N=C1N,vina,5AEP,32.53,13.271,-3.863,18.0,18.0,18.0,-6.084,1,C:\Users\srira\Desktop\new_plan\EMD_V5_2_Hybrid\06_docking\poses\CAND_780e7a8d6a_vina_out.pdbqt,,generated,parsed
CAND_7dcbdae80a,NC1OCCCCN(Cl)SCCCN1CCF,vina,5AEP,32.53,13.271,-3.863,18.0,18.0,18.0,-4.07,1,C:\Users\srira\Desktop\new_plan\EMD_V5_2_Hybrid\06_docking\poses\CAND_7dcbdae80a_vina_out.pdbqt,,generated,parsed
CAND_7dce99bd6a,O=C(C=CC=C1C=CC#CONC(NC=CCl)=NCC=CC=C1)N1CCOCC1,vina,5AEP,32.53,13.271,-3.863,18.0,18.0,18.0,-7.285,1,C:\Users\srira\Desktop\new_plan\EMD_V5_2_Hybrid\06_docking\poses\CAND_7dce99bd6a_vina_out.pdbqt,,generated,parsed
CAND_801ac66786,C[C@H]1CC=CC=CCC2(C=Nc3ccncc32)N=C(N(C)C)C=CN1,vina,5AEP,32.53,13.271,-3.863,18.0,18.0,18.0,-5.908,1,C:\Users\srira\Desktop\new_plan\EMD_V5_2_Hybrid\06_docking\poses\CAND_801ac66786_vina_out.pdbqt,,generated,parsed
CAND_81820b935b,N#CC1CN(C(=O)[C@@H]2NC(=O)c3c[nH]c4ncc(nc34)C3(CCCSCCC24CC4)CC3)C1,vina,5AEP,32.53,13.271,-3.863,18.0,18.0,18.0,-7.219,1,C:\Users\srira\Desktop\new_plan\EMD_V5_2_Hybrid\06_docking\poses\CAND_81820b935b_vina_out.pdbqt,,generated,parsed
CAND_842555d85a,CC(C)(C#N)c1ccc2c(c1)CCCOCCCCNC(=O)c1cnc(N)c3cc-2sc13,vina,5AEP,32.53,13.271,-3.863,18.0,18.0,18.0,-7.237,1,C:\Users\srira\Desktop\new_plan\EMD_V5_2_Hybrid\06_docking\poses\CAND_842555d85a_vina_out.pdbqt,,generated,parsed
CAND_8473513606,C[C@H]1CC=CC=CCC2(C=CCC=CN=CN2)N=CC=CN1,vina,5AEP,32.53,13.271,-3.863,18.0,18.0,18.0,-4.878,1,C:\Users\srira\Desktop\new_plan\EMD_V5_2_Hybrid\06_docking\poses\CAND_8473513606_vina_out.pdbqt,,generated,parsed
CAND_8644fd175c,FC1=CC2=CC3=CC=CC(CC=C=C3)NN=C(N=C2)NC=CC=C1,vina,5AEP,32.53,13.271,-3.863,18.0,18.0,18.0,-4.481,1,C:\Users\srira\Desktop\new_plan\EMD_V5_2_Hybrid\06_docking\poses\CAND_8644fd175c_vina_out.pdbqt,,generated,parsed
CAND_8707636f6f,C=C[C@@H]1CC=C(F)C=CN=CC2(C=CN1)CC(N)N1C=CC=NC12,vina,5AEP,32.53,13.271,-3.863,18.0,18.0,18.0,-5.526,1,C:\Users\srira\Desktop\new_plan\EMD_V5_2_Hybrid\06_docking\poses\CAND_8707636f6f_vina_out.pdbqt,,generated,parsed
CAND_88fdcd39e2,CC=CCNC1=CN=C(C#N)CN[C@@H](C)C=NN=C(F)N=NN1,vina,5AEP,32.53,13.271,-3.863,18.0,18.0,18.0,-5.85,1,C:\Users\srira\Desktop\new_plan\EMD_V5_2_Hybrid\06_docking\poses\CAND_88fdcd39e2_vina_out.pdbqt,,generated,parsed
CAND_8ad0dce611,N#CCC(=O)N1CC[C@H]2CCCCCCCCCCCN(c3ncnc4[nH]ccc34)[C@H]2C1,vina,5AEP,32.53,13.271,-3.863,18.0,18.0,18.0,-6.545,1,C:\Users\srira\Desktop\new_plan\EMD_V5_2_Hybrid\06_docking\poses\CAND_8ad0dce611_vina_out.pdbqt,,generated,parsed
CAND_8be8c27cbd,COC=C(C=C1C=COC23OC2=C3C=CC=CN=CN1)OC,vina,5AEP,32.53,13.271,-3.863,18.0,18.0,18.0,-5.388,1,C:\Users\srira\Desktop\new_plan\EMD_V5_2_Hybrid\06_docking\poses\CAND_8be8c27cbd_vina_out.pdbqt,,generated,parsed
CAND_8d5a278190,C[C@@H]1Nc2cncc(n2)Nc2cc([nH]n2)OCCSCc2nc1ccc2F,vina,5AEP,32.53,13.271,-3.863,18.0,18.0,18.0,-6.574,1,C:\Users\srira\Desktop\new_plan\EMD_V5_2_Hybrid\06_docking\poses\CAND_8d5a278190_vina_out.pdbqt,,generated,parsed
CAND_8e1f1bf521,FCOC=CNC1=NN2COc3c(cccc32)C=CC=CC=N1,vina,5AEP,32.53,13.271,-3.863,18.0,18.0,18.0,-6.263,1,C:\Users\srira\Desktop\new_plan\EMD_V5_2_Hybrid\06_docking\poses\CAND_8e1f1bf521_vina_out.pdbqt,,generated,parsed
CAND_8f55b07da4,FC=CNC1=NNNCOc2ccccc2C=CC=CC=N1,vina,5AEP,32.53,13.271,-3.863,18.0,18.0,18.0,-6.729,1,C:\Users\srira\Desktop\new_plan\EMD_V5_2_Hybrid\06_docking\poses\CAND_8f55b07da4_vina_out.pdbqt,,generated,parsed
CAND_8f936e6ccd,Cc1cnc2nc1Nc1n[nH]c(C)c1CSCc1nc(ncc1F)[C@H](C)N2,vina,5AEP,32.53,13.271,-3.863,18.0,18.0,18.0,-6.576,1,C:\Users\srira\Desktop\new_plan\EMD_V5_2_Hybrid\06_docking\poses\CAND_8f936e6ccd_vina_out.pdbqt,,generated,parsed
CAND_938ef2420e,C[C@@H]1Nc2nc(cnc2C#N)Nc2cc([nH]n2)CCCCc2cc1ncc2F,vina,5AEP,32.53,13.271,-3.863,18.0,18.0,18.0,-7.021,1,C:\Users\srira\Desktop\new_plan\EMD_V5_2_Hybrid\06_docking\poses\CAND_938ef2420e_vina_out.pdbqt,,generated,parsed
CAND_945bfd7ab9,Fc1cnc([C@@H]2CCCCCCc3cc(n[nH]3)Nc3nc(ncc3F)N2)nc1,vina,5AEP,32.53,13.271,-3.863,18.0,18.0,18.0,-7.141,1,C:\Users\srira\Desktop\new_plan\EMD_V5_2_Hybrid\06_docking\poses\CAND_945bfd7ab9_vina_out.pdbqt,,generated,parsed
CAND_95aaa694cd,C[C@@H]1Nc2cncc(n2)Nc2cc([nH]n2)CCCCCc2nc1ncc2F,vina,5AEP,32.53,13.271,-3.863,18.0,18.0,18.0,-7.054,1,C:\Users\srira\Desktop\new_plan\EMD_V5_2_Hybrid\06_docking\poses\CAND_95aaa694cd_vina_out.pdbqt,,generated,parsed
CAND_962ca21bbb,ClC=CC=CNC1NN2COc3c(cccc32)C=CC=CCS1,vina,5AEP,32.53,13.271,-3.863,18.0,18.0,18.0,-6.409,1,C:\Users\srira\Desktop\new_plan\EMD_V5_2_Hybrid\06_docking\poses\CAND_962ca21bbb_vina_out.pdbqt,,generated,parsed
CAND_9884448098,CN(c1ncnc2[nH]ccc12)[C@H]1CN2CC[C@H]1CCCOCNCC(C#N)C2=O,vina,5AEP,32.53,13.271,-3.863,18.0,18.0,18.0,-6.668,1,C:\Users\srira\Desktop\new_plan\EMD_V5_2_Hybrid\06_docking\poses\CAND_9884448098_vina_out.pdbqt,,generated,parsed
CAND_98a2ec596b,N#CCC(=O)N1CC[C@H]2CCCCCOCCCCCN(c3ncnc4[nH]ccc34)[C@H]2C1,vina,5AEP,32.53,13.271,-3.863,18.0,18.0,18.0,-6.881,1,C:\Users\srira\Desktop\new_plan\EMD_V5_2_Hybrid\06_docking\poses\CAND_98a2ec596b_vina_out.pdbqt,,generated,parsed
CAND_9b7c0adad8,CCN1C=CC=C2C=CN=CC=CC=C(Cl)C3=NC3(C=C2)NCC1,vina,5AEP,32.53,13.271,-3.863,18.0,18.0,18.0,-5.222,1,C:\Users\srira\Desktop\new_plan\EMD_V5_2_Hybrid\06_docking\poses\CAND_9b7c0adad8_vina_out.pdbqt,,generated,parsed
CAND_a03fbbd37a,CC(F)C(C)[C@H]1NC(=O)c2c[nH]c3ncc(nc23)C2CC2CC(C#N)CNC1=O,vina,5AEP,32.53,13.271,-3.863,18.0,18.0,18.0,-6.876,1,C:\Users\srira\Desktop\new_plan\EMD_V5_2_Hybrid\06_docking\poses\CAND_a03fbbd37a_vina_out.pdbqt,,generated,parsed
CAND_a0d42e7c77,Cc1[nH]nc2c1CCCOCCC[C@@H](c1ncc(F)cn1)Oc1ncc(Cl)c(n1)N2,vina,5AEP,32.53,13.271,-3.863,18.0,18.0,18.0,-6.18,1,C:\Users\srira\Desktop\new_plan\EMD_V5_2_Hybrid\06_docking\poses\CAND_a0d42e7c77_vina_out.pdbqt,,generated,parsed
CAND_a1d6bc1fc3,CS(=O)(=O)C=CC1=CN2CN=CCC=C=C(S(C)(=O)=O)C=CCN2N1,vina,5AEP,32.53,13.271,-3.863,18.0,18.0,18.0,-6.387,1,C:\Users\srira\Desktop\new_plan\EMD_V5_2_Hybrid\06_docking\poses\CAND_a1d6bc1fc3_vina_out.pdbqt,,generated,parsed
CAND_a2f01d5a38,O=CNC=CC=c1[nH]c2nc1=CC=CC(F)=CC(O)c1ccc(Cl)c-2c1,vina,5AEP,32.53,13.271,-3.863,18.0,18.0,18.0,-7.319,1,C:\Users\srira\Desktop\new_plan\EMD_V5_2_Hybrid\06_docking\poses\CAND_a2f01d5a38_vina_out.pdbqt,,generated,parsed
CAND_a30de9a90d,C[C@H]1C=NC=C(F)C=Nc2c(n[nH]c2C2CC2)NC(=C=N)C(F)=CN=CN1,vina,5AEP,32.53,13.271,-3.863,18.0,18.0,18.0,-6.653,1,C:\Users\srira\Desktop\new_plan\EMD_V5_2_Hybrid\06_docking\poses\CAND_a30de9a90d_vina_out.pdbqt,,generated,parsed
CAND_a337ce9f82,C[C@@H]1CC=C(Cl)C=CN=CN=C(C2=C3N=CC=CN3C2N=N)C=N1,vina,5AEP,32.53,13.271,-3.863,18.0,18.0,18.0,-5.887,1,C:\Users\srira\Desktop\new_plan\EMD_V5_2_Hybrid\06_docking\poses\CAND_a337ce9f82_vina_out.pdbqt,,generated,parsed
CAND_a3a9fadba1,C[C@@H]1C2CCCSCCCc3cc4c(ncnc4[nH]3)N(C)[C@H]1CN(C(=O)CC#N)C2,vina,5AEP,32.53,13.271,-3.863,18.0,18.0,18.0,-6.326,1,C:\Users\srira\Desktop\new_plan\EMD_V5_2_Hybrid\06_docking\poses\CAND_a3a9fadba1_vina_out.pdbqt,,generated,parsed
CAND_a5703c232e,CC12C=CC=NC(NCC=CCF)NCOC=CC1=C2,vina,5AEP,32.53,13.271,-3.863,18.0,18.0,18.0,-5.225,1,C:\Users\srira\Desktop\new_plan\EMD_V5_2_Hybrid\06_docking\poses\CAND_a5703c232e_vina_out.pdbqt,,generated,parsed
CAND_a8d00072a6,C[C@@H]1Nc2cncc(n2)Nc2cc([nH]n2)OCCCCc2nc1ccc2F,vina,5AEP,32.53,13.271,-3.863,18.0,18.0,18.0,-6.771,1,C:\Users\srira\Desktop\new_plan\EMD_V5_2_Hybrid\06_docking\poses\CAND_a8d00072a6_vina_out.pdbqt,,generated,parsed
CAND_aa7ac5e74d,C[C@H]1C=NC=C(F)C=NCC=C(F)N2CC=CCC2CN1,vina,5AEP,32.53,13.271,-3.863,18.0,18.0,18.0,-5.749,1,C:\Users\srira\Desktop\new_plan\EMD_V5_2_Hybrid\06_docking\poses\CAND_aa7ac5e74d_vina_out.pdbqt,,generated,parsed
CAND_ab5598f4f0,ClCCNC1=C=Nn2cccc2C2C=CC(=NN2)NC=N1,vina,5AEP,32.53,13.271,-3.863,18.0,18.0,18.0,-8.01,1,C:\Users\srira\Desktop\new_plan\EMD_V5_2_Hybrid\06_docking\poses\CAND_ab5598f4f0_vina_out.pdbqt,,generated,parsed
CAND_b57d4c3adc,Cn1ncc2c1CC=C1CC(C)(C(F)(F)F)C[CH]NC=NC=C(O2)C(=O)N1,vina,5AEP,32.53,13.271,-3.863,18.0,18.0,18.0,-5.776,1,C:\Users\srira\Desktop\new_plan\EMD_V5_2_Hybrid\06_docking\poses\CAND_b57d4c3adc_vina_out.pdbqt,,generated,parsed
CAND_b5d4c77a0b,C=Cc1cccc2[nH]nc(n3[nH]cc(n(CS(C)(=O)=O)c1)N1CCOCC1C=C3)N=C2,vina,5AEP,32.53,13.271,-3.863,18.0,18.0,18.0,-7.525,1,C:\Users\srira\Desktop\new_plan\EMD_V5_2_Hybrid\06_docking\poses\CAND_b5d4c77a0b_vina_out.pdbqt,,generated,parsed
CAND_b604ce184b,C[C@@H]1Nc2cncc(n2)Nc2cc([nH]n2)CCCOCc2nc1ncc2F,vina,5AEP,32.53,13.271,-3.863,18.0,18.0,18.0,-6.502,1,C:\Users\srira\Desktop\new_plan\EMD_V5_2_Hybrid\06_docking\poses\CAND_b604ce184b_vina_out.pdbqt,,generated,parsed
CAND_b7f89eaaeb,COc1cc2ccc1C=C1C=CC=NC(NC=CC=C(C=O)C1=N)N2,vina,5AEP,32.53,13.271,-3.863,18.0,18.0,18.0,-3.526,1,C:\Users\srira\Desktop\new_plan\EMD_V5_2_Hybrid\06_docking\poses\CAND_b7f89eaaeb_vina_out.pdbqt,,generated,parsed
CAND_b7fa23672c,N#C[C@@H]1CN2CC1CCOCc1[nH]c3ncc(C4CC4)nc3c1C(=O)N[C@H](C1CC1)C2=O,vina,5AEP,32.53,13.271,-3.863,18.0,18.0,18.0,-6.471,1,C:\Users\srira\Desktop\new_plan\EMD_V5_2_Hybrid\06_docking\poses\CAND_b7fa23672c_vina_out.pdbqt,,generated,parsed
CAND_b8508fb54f,COC=C1C2=CC(C=C1OC)c1ccccc1C1=CC=CC(=NCN2)NOCN1,vina,5AEP,32.53,13.271,-3.863,18.0,18.0,18.0,-6.919,1,C:\Users\srira\Desktop\new_plan\EMD_V5_2_Hybrid\06_docking\poses\CAND_b8508fb54f_vina_out.pdbqt,,generated,parsed
CAND_baa376c0dd,C=Cc1ccccc1C(N)C=C1C=NC2=NN1CN1CCN(CC1)c1ccc(cc1F)N2,vina,5AEP,32.53,13.271,-3.863,18.0,18.0,18.0,-9.186,1,C:\Users\srira\Desktop\new_plan\EMD_V5_2_Hybrid\06_docking\poses\CAND_baa376c0dd_vina_out.pdbqt,,generated,parsed
CAND_bb383316b2,COc1cc2nc(n1)N[C@H](c1ncc(F)cn1)CCNCCc1cnc(s1)N2,vina,5AEP,32.53,13.271,-3.863,18.0,18.0,18.0,-6.332,1,C:\Users\srira\Desktop\new_plan\EMD_V5_2_Hybrid\06_docking\poses\CAND_bb383316b2_vina_out.pdbqt,,generated,parsed
CAND_bc25cf8d1d,COc1ccccc1-c1ccc2n1NC=C(F)C(N1CCN(C)CC1)=CC=CNCN=C2,vina,5AEP,32.53,13.271,-3.863,18.0,18.0,18.0,-7.207,1,C:\Users\srira\Desktop\new_plan\EMD_V5_2_Hybrid\06_docking\poses\CAND_bc25cf8d1d_vina_out.pdbqt,,generated,parsed
CAND_bd9a5bcc10,FNc1ncccccc2ccccc2ocnn1,vina,5AEP,32.53,13.271,-3.863,18.0,18.0,18.0,-6.899,1,C:\Users\srira\Desktop\new_plan\EMD_V5_2_Hybrid\06_docking\poses\CAND_bd9a5bcc10_vina_out.pdbqt,,generated,parsed
CAND_bf1bed9cef,CCCC1=CN=CNC=CC(=O)N[C@@H](C(=O)NCC[CH]C#N)CC(C)CC1,vina,5AEP,32.53,13.271,-3.863,18.0,18.0,18.0,-5.379,1,C:\Users\srira\Desktop\new_plan\EMD_V5_2_Hybrid\06_docking\poses\CAND_bf1bed9cef_vina_out.pdbqt,,generated,parsed
CAND_c131766321,FC1C=NC[C@H](NC2C=NC=CNC=NC=CSS2)C=N1,vina,5AEP,32.53,13.271,-3.863,18.0,18.0,18.0,-4.899,1,C:\Users\srira\Desktop\new_plan\EMD_V5_2_Hybrid\06_docking\poses\CAND_c131766321_vina_out.pdbqt,,generated,parsed
CAND_c28d6877ef,O=COCC1=CNC=NC=CC2=NNOC3(N=C13)c1cc(Cl)ccc12,vina,5AEP,32.53,13.271,-3.863,18.0,18.0,18.0,-6.455,1,C:\Users\srira\Desktop\new_plan\EMD_V5_2_Hybrid\06_docking\poses\CAND_c28d6877ef_vina_out.pdbqt,,generated,parsed
CAND_c5052727aa,COc1cc2nc(n1)N[C@H](c1ncc(F)cn1)CCCCCc1cnc(s1)N2,vina,5AEP,32.53,13.271,-3.863,18.0,18.0,18.0,-6.322,1,C:\Users\srira\Desktop\new_plan\EMD_V5_2_Hybrid\06_docking\poses\CAND_c5052727aa_vina_out.pdbqt,,generated,parsed
CAND_c62f51e470,CC1=CCNC=NCN2CCN(C(=O)Cc3ccccc3F)CC2=NNC=CC=CNN1,vina,5AEP,32.53,13.271,-3.863,18.0,18.0,18.0,-7.283,1,C:\Users\srira\Desktop\new_plan\EMD_V5_2_Hybrid\06_docking\poses\CAND_c62f51e470_vina_out.pdbqt,,generated,parsed
CAND_cc70ad3aa7,NC1SN2C=CC3=NC2=C1c1cc(ncn1)NCC=CC=C(F)C=C3,vina,5AEP,32.53,13.271,-3.863,18.0,18.0,18.0,-7.648,1,C:\Users\srira\Desktop\new_plan\EMD_V5_2_Hybrid\06_docking\poses\CAND_cc70ad3aa7_vina_out.pdbqt,,generated,parsed
CAND_cd1b05bb61,COc1cc2ccc1C=CC=CC1=NC(NC=CC=C(OC=O)C1=N)N2,vina,5AEP,32.53,13.271,-3.863,18.0,18.0,18.0,-4.752,1,C:\Users\srira\Desktop\new_plan\EMD_V5_2_Hybrid\06_docking\poses\CAND_cd1b05bb61_vina_out.pdbqt,,generated,parsed
CAND_cd3f4c17f2,COC1=COCC=C2C=COC1N=C(NC=CC=CCl)C(F)=CN=CN2,vina,5AEP,32.53,13.271,-3.863,18.0,18.0,18.0,-5.131,1,C:\Users\srira\Desktop\new_plan\EMD_V5_2_Hybrid\06_docking\poses\CAND_cd3f4c17f2_vina_out.pdbqt,,generated,parsed
CAND_d505721a30,CCS(=O)(=O)NCC1(CC#N)Cc2c[nH]c(c2)N=CN=Nc2cnn1n2,vina,5AEP,32.53,13.271,-3.863,18.0,18.0,18.0,-5.775,1,C:\Users\srira\Desktop\new_plan\EMD_V5_2_Hybrid\06_docking\poses\CAND_d505721a30_vina_out.pdbqt,,generated,parsed
CAND_d69f8c8d4a,FC1=CC=CNN=C2C=C(C=CC=CO2)NCN=C1,vina,5AEP,32.53,13.271,-3.863,18.0,18.0,18.0,-5.053,1,C:\Users\srira\Desktop\new_plan\EMD_V5_2_Hybrid\06_docking\poses\CAND_d69f8c8d4a_vina_out.pdbqt,,generated,parsed
CAND_d7042ec02b,Cc1cnc(Nc2cc3nc(n2)N[C@@H](C)c2ncc(F)c(n2)CNCCO3)s1,vina,5AEP,32.53,13.271,-3.863,18.0,18.0,18.0,-7.497,1,C:\Users\srira\Desktop\new_plan\EMD_V5_2_Hybrid\06_docking\poses\CAND_d7042ec02b_vina_out.pdbqt,,generated,parsed
CAND_d80d2fbd1f,Fc1cnc([C@@H]2CCOCCCc3cc(n[nH]3)Nc3nc(ncc3F)N2)nc1,vina,5AEP,32.53,13.271,-3.863,18.0,18.0,18.0,-6.734,1,C:\Users\srira\Desktop\new_plan\EMD_V5_2_Hybrid\06_docking\poses\CAND_d80d2fbd1f_vina_out.pdbqt,,generated,parsed
CAND_d8ca5c309a,CC1=NC=C(F)C=NN=CN=C(Cl)C=CC(n2cc(C)cn2)N=CN1,vina,5AEP,32.53,13.271,-3.863,18.0,18.0,18.0,-6.587,1,C:\Users\srira\Desktop\new_plan\EMD_V5_2_Hybrid\06_docking\poses\CAND_d8ca5c309a_vina_out.pdbqt,,generated,parsed
CAND_dad5236b95,CC1=CC=CC2=NCN(C3=CC=COCC3)NN2COC=CC=C1,vina,5AEP,32.53,13.271,-3.863,18.0,18.0,18.0,-5.809,1,C:\Users\srira\Desktop\new_plan\EMD_V5_2_Hybrid\06_docking\poses\CAND_dad5236b95_vina_out.pdbqt,,generated,parsed
CAND_daf82c369e,CC1C=NC=C(F)CN=c2nc(Cl)ccc2=C(NC=C2N=CCCN2)N=CN1,vina,5AEP,32.53,13.271,-3.863,18.0,18.0,18.0,-7.584,1,C:\Users\srira\Desktop\new_plan\EMD_V5_2_Hybrid\06_docking\poses\CAND_daf82c369e_vina_out.pdbqt,,generated,parsed
CAND_db02ab413a,C[C@@H]1Nc2cncc(n2)Nc2cc([nH]n2)OCCCCCc2nc1ccc2F,vina,5AEP,32.53,13.271,-3.863,18.0,18.0,18.0,-6.807,1,C:\Users\srira\Desktop\new_plan\EMD_V5_2_Hybrid\06_docking\poses\CAND_db02ab413a_vina_out.pdbqt,,generated,parsed
CAND_e0fb42f17c,COc1cc2nc(n1)N[C@H](c1ncc(F)cn1)CCOCCc1cnc(s1)N2,vina,5AEP,32.53,13.271,-3.863,18.0,18.0,18.0,-6.239,1,C:\Users\srira\Desktop\new_plan\EMD_V5_2_Hybrid\06_docking\poses\CAND_e0fb42f17c_vina_out.pdbqt,,generated,parsed
CAND_e1574bf927,COC1=C(OC)C23OC=CC(=C1)NC=NNC=CC=CC2(CCl)O3,vina,5AEP,32.53,13.271,-3.863,18.0,18.0,18.0,-4.281,1,C:\Users\srira\Desktop\new_plan\EMD_V5_2_Hybrid\06_docking\poses\CAND_e1574bf927_vina_out.pdbqt,,generated,parsed
CAND_e39c68c1d0,FCC=CNC1=NN=C2N=CC(=CC=CO2)C=CC=CC=N1,vina,5AEP,32.53,13.271,-3.863,18.0,18.0,18.0,-4.806,1,C:\Users\srira\Desktop\new_plan\EMD_V5_2_Hybrid\06_docking\poses\CAND_e39c68c1d0_vina_out.pdbqt,,generated,parsed
CAND_e5cba072ee,CN(c1ncnc2[nH]ccc12)[C@H]1CN2CC[C@H]1CCCCSCCC(C#N)C2=O,vina,5AEP,32.53,13.271,-3.863,18.0,18.0,18.0,-6.172,1,C:\Users\srira\Desktop\new_plan\EMD_V5_2_Hybrid\06_docking\poses\CAND_e5cba072ee_vina_out.pdbqt,,generated,parsed
CAND_ebcfd1f7b9,Cc1nc(C#N)c2nc1Nc1cc([nH]n1)CCCCc1nc(ncc1F)[C@H](C)N2,vina,5AEP,32.53,13.271,-3.863,18.0,18.0,18.0,-6.533,1,C:\Users\srira\Desktop\new_plan\EMD_V5_2_Hybrid\06_docking\poses\CAND_ebcfd1f7b9_vina_out.pdbqt,,generated,parsed
CAND_ecbebacf17,C[C@@H]1C2CCCCCCCc3cc4c(ncnc4[nH]3)N(C)[C@H]1CN(C(=O)CC#N)C2,vina,5AEP,32.53,13.271,-3.863,18.0,18.0,18.0,-6.484,1,C:\Users\srira\Desktop\new_plan\EMD_V5_2_Hybrid\06_docking\poses\CAND_ecbebacf17_vina_out.pdbqt,,generated,parsed
CAND_ecf01c944b,COC=CC=CCN1CN=CCC=CC=C(S(C)(=O)=O)C=CC=CNN1,vina,5AEP,32.53,13.271,-3.863,18.0,18.0,18.0,-5.467,1,C:\Users\srira\Desktop\new_plan\EMD_V5_2_Hybrid\06_docking\poses\CAND_ecf01c944b_vina_out.pdbqt,,generated,parsed
CAND_edf26a0208,C[C@@H]1Nc2nc(cnc2C#N)Nc2cc([nH]n2)CCSCc2cc1ncc2F,vina,5AEP,32.53,13.271,-3.863,18.0,18.0,18.0,-6.843,1,C:\Users\srira\Desktop\new_plan\EMD_V5_2_Hybrid\06_docking\poses\CAND_edf26a0208_vina_out.pdbqt,,generated,parsed
CAND_efcc99d5da,COC1=C(OC)C23N=C2C(OC=O)=CNC=NC=CC(=C1)C=CO3,vina,5AEP,32.53,13.271,-3.863,18.0,18.0,18.0,-5.155,1,C:\Users\srira\Desktop\new_plan\EMD_V5_2_Hybrid\06_docking\poses\CAND_efcc99d5da_vina_out.pdbqt,,generated,parsed
CAND_f0651a9cfd,COc1ccccc1C=CC1=CC=NC(=NNCl)NC=CC=C=C=C1,vina,5AEP,32.53,13.271,-3.863,18.0,18.0,18.0,-5.782,1,C:\Users\srira\Desktop\new_plan\EMD_V5_2_Hybrid\06_docking\poses\CAND_f0651a9cfd_vina_out.pdbqt,,generated,parsed
CAND_f169596727,C1=CC=NC2=NN(COc3ccccc3C=C1)CN1CCN(CC1)c1cccn12,vina,5AEP,32.53,13.271,-3.863,18.0,18.0,18.0,-6.802,1,C:\Users\srira\Desktop\new_plan\EMD_V5_2_Hybrid\06_docking\poses\CAND_f169596727_vina_out.pdbqt,,generated,parsed
CAND_f223d783e6,Cc1cc(Nc2nc3cnc2CCCOCCc2cc(F)cnc2[C@H](C)N3)n[nH]1,vina,5AEP,32.53,13.271,-3.863,18.0,18.0,18.0,-6.691,1,C:\Users\srira\Desktop\new_plan\EMD_V5_2_Hybrid\06_docking\poses\CAND_f223d783e6_vina_out.pdbqt,,generated,parsed
CAND_f3d4556a8b,O=C(Cc1ccccc1)N1CC=Nn2cccc2C2=CCC2C=NCC1,vina,5AEP,32.53,13.271,-3.863,18.0,18.0,18.0,-7.029,1,C:\Users\srira\Desktop\new_plan\EMD_V5_2_Hybrid\06_docking\poses\CAND_f3d4556a8b_vina_out.pdbqt,,generated,parsed
CAND_f51492fec7,Cc1cc(Nc2nc3cnc2CCSCc2nc(ccc2F)[C@H](C)N3)n[nH]1,vina,5AEP,32.53,13.271,-3.863,18.0,18.0,18.0,-6.761,1,C:\Users\srira\Desktop\new_plan\EMD_V5_2_Hybrid\06_docking\poses\CAND_f51492fec7_vina_out.pdbqt,,generated,parsed
CAND_f5e0e8639b,O=S1(=O)C=C2C=NC3=NNC=CC(=CC(=C2)C=CC1)C=C(CF)C=CC=CN3,vina,5AEP,32.53,13.271,-3.863,18.0,18.0,18.0,-4.722,1,C:\Users\srira\Desktop\new_plan\EMD_V5_2_Hybrid\06_docking\poses\CAND_f5e0e8639b_vina_out.pdbqt,,generated,parsed
CAND_f613c77d25,CC1(C)CC(C(=O)NF)C=NC(N)=CCC=CC=CC=CS(=O)(=O)N1,vina,5AEP,32.53,13.271,-3.863,18.0,18.0,18.0,-6.462,1,C:\Users\srira\Desktop\new_plan\EMD_V5_2_Hybrid\06_docking\poses\CAND_f613c77d25_vina_out.pdbqt,,generated,parsed
CAND_f638f4e1fc,FNC1N=CC=C=Cc2ccccc2OC=NN=[SH]1,vina,5AEP,32.53,13.271,-3.863,18.0,18.0,18.0,-5.339,1,C:\Users\srira\Desktop\new_plan\EMD_V5_2_Hybrid\06_docking\poses\CAND_f638f4e1fc_vina_out.pdbqt,,generated,parsed
CAND_f8d207ebf9,O=C1CC=CN=C(NC=C2C=CC(N3CCOCC3)=CO2)N=CC#CC=CN1,vina,5AEP,32.53,13.271,-3.863,18.0,18.0,18.0,-6.01,1,C:\Users\srira\Desktop\new_plan\EMD_V5_2_Hybrid\06_docking\poses\CAND_f8d207ebf9_vina_out.pdbqt,,generated,parsed
CAND_fa2553a110,CC1=NC=C(F)C=NNN=c2cc[nH]c2=C(Nc2cn(C)cn2)N=CN1,vina,5AEP,32.53,13.271,-3.863,18.0,18.0,18.0,-7.366,1,C:\Users\srira\Desktop\new_plan\EMD_V5_2_Hybrid\06_docking\poses\CAND_fa2553a110_vina_out.pdbqt,,generated,parsed
CAND_fd6b88bd62,N=C1N=CC=CC(C=C[C@H]2CCCN2)=CC=CNNC1=O,vina,5AEP,32.53,13.271,-3.863,18.0,18.0,18.0,-6.554,1,C:\Users\srira\Desktop\new_plan\EMD_V5_2_Hybrid\06_docking\poses\CAND_fd6b88bd62_vina_out.pdbqt,,generated,parsed
CAND_ffefd7080a,O=C1CC2=CC=CN1C=CCC=CNC1=CC3COCC=C3C=CNC1N=CC2,vina,5AEP,32.53,13.271,-3.863,18.0,18.0,18.0,-4.033,1,C:\Users\srira\Desktop\new_plan\EMD_V5_2_Hybrid\06_docking\poses\CAND_ffefd7080a_vina_out.pdbqt,,generated,parsed
